{
"type": "FeatureCollection",
"name": "Public_Bike_Cycle_Parking",
"crs": { "type": "name", "properties": { "name": "urn:ogc:def:crs:OGC:1.3:CRS84" } },
"features": [
{ "type": "Feature", "properties": { "OBJECTID": 1, "eastings": 319239, "northings": 672708, "bicycle_pa": " ", "capacity": 0, "covered": "yes", "access": "customers", "fee": " ", "operator": " ", "CECLand": " ", "SchoolCP": "", "InstalDate": 0, "Funder": "" }, "geometry": { "type": "Point", "coordinates": [ -3.294510478857511, 55.940604278308086 ] } },
{ "type": "Feature", "properties": { "OBJECTID": 2, "eastings": 322573, "northings": 674577, "bicycle_pa": "stands", "capacity": 16, "covered": "no", "access": " ", "fee": " ", "operator": " ", "CECLand": " ", "SchoolCP": "", "InstalDate": 0, "Funder": "" }, "geometry": { "type": "Point", "coordinates": [ -3.24168797034859, 55.957942437109125 ] } },
{ "type": "Feature", "properties": { "OBJECTID": 3, "eastings": 317660, "northings": 669330, "bicycle_pa": " ", "capacity": 10, "covered": " ", "access": " ", "fee": " ", "operator": " ", "CECLand": " ", "SchoolCP": "", "InstalDate": 0, "Funder": "" }, "geometry": { "type": "Point", "coordinates": [ -3.318749895634268, 55.909994143765488 ] } },
{ "type": "Feature", "properties": { "OBJECTID": 4, "eastings": 324248, "northings": 671834, "bicycle_pa": " ", "capacity": 0, "covered": " ", "access": " ", "fee": " ", "operator": " ", "CECLand": " ", "SchoolCP": "", "InstalDate": 0, "Funder": "" }, "geometry": { "type": "Point", "coordinates": [ -3.214096062972976, 55.933571182722851 ] } },
{ "type": "Feature", "properties": { "OBJECTID": 5, "eastings": 325711, "northings": 673108, "bicycle_pa": "stands", "capacity": 8, "covered": "no", "access": " ", "fee": " ", "operator": "City of Edinburgh Council", "CECLand": "Y", "SchoolCP": "", "InstalDate": 0, "Funder": "" }, "geometry": { "type": "Point", "coordinates": [ -3.191036280373181, 55.945243206077294 ] } },
{ "type": "Feature", "properties": { "OBJECTID": 6, "eastings": 326001, "northings": 672874, "bicycle_pa": "building", "capacity": 64, "covered": "yes", "access": "university", "fee": "no", "operator": "University of Edinburgh", "CECLand": " ", "SchoolCP": "", "InstalDate": 0, "Funder": "" }, "geometry": { "type": "Point", "coordinates": [ -3.186329963807979, 55.943185999094226 ] } },
{ "type": "Feature", "properties": { "OBJECTID": 7, "eastings": 318395, "northings": 671255, "bicycle_pa": "stands", "capacity": 10, "covered": "no", "access": " ", "fee": " ", "operator": " ", "CECLand": " ", "SchoolCP": "", "InstalDate": 0, "Funder": "" }, "geometry": { "type": "Point", "coordinates": [ -3.307578307765313, 55.927410241825015 ] } },
{ "type": "Feature", "properties": { "OBJECTID": 8, "eastings": 325277, "northings": 672366, "bicycle_pa": "stands", "capacity": 6, "covered": "no", "access": " ", "fee": " ", "operator": " ", "CECLand": "Y", "SchoolCP": "", "InstalDate": 0, "Funder": "" }, "geometry": { "type": "Point", "coordinates": [ -3.197777406835455, 55.938510829684269 ] } },
{ "type": "Feature", "properties": { "OBJECTID": 9, "eastings": 312318, "northings": 672375, "bicycle_pa": " ", "capacity": 10, "covered": " ", "access": " ", "fee": " ", "operator": " ", "CECLand": "Y", "SchoolCP": "", "InstalDate": 0, "Funder": "" }, "geometry": { "type": "Point", "coordinates": [ -3.405164809863996, 55.936399848717961 ] } },
{ "type": "Feature", "properties": { "OBJECTID": 10, "eastings": 315423, "northings": 672581, "bicycle_pa": " ", "capacity": 16, "covered": " ", "access": " ", "fee": " ", "operator": " ", "CECLand": " ", "SchoolCP": "", "InstalDate": 0, "Funder": "" }, "geometry": { "type": "Point", "coordinates": [ -3.355542340577636, 55.938806567264535 ] } },
{ "type": "Feature", "properties": { "OBJECTID": 11, "eastings": 320770, "northings": 672742, "bicycle_pa": "shed", "capacity": 0, "covered": " ", "access": " ", "fee": " ", "operator": " ", "CECLand": " ", "SchoolCP": "", "InstalDate": 0, "Funder": "" }, "geometry": { "type": "Point", "coordinates": [ -3.270017312156056, 55.941165287445834 ] } },
{ "type": "Feature", "properties": { "OBJECTID": 12, "eastings": 318023, "northings": 671846, "bicycle_pa": " ", "capacity": 6, "covered": " ", "access": " ", "fee": " ", "operator": " ", "CECLand": " ", "SchoolCP": "", "InstalDate": 0, "Funder": "" }, "geometry": { "type": "Point", "coordinates": [ -3.313709597856541, 55.932655342008779 ] } },
{ "type": "Feature", "properties": { "OBJECTID": 13, "eastings": 311776, "northings": 674808, "bicycle_pa": " ", "capacity": 8, "covered": " ", "access": " ", "fee": " ", "operator": " ", "CECLand": " ", "SchoolCP": "", "InstalDate": 0, "Funder": "" }, "geometry": { "type": "Point", "coordinates": [ -3.414634858272296, 55.958153625652727 ] } },
{ "type": "Feature", "properties": { "OBJECTID": 14, "eastings": 322145, "northings": 671019, "bicycle_pa": "stands", "capacity": 20, "covered": "yes", "access": " ", "fee": " ", "operator": "ASDA", "CECLand": " ", "SchoolCP": "", "InstalDate": 0, "Funder": "" }, "geometry": { "type": "Point", "coordinates": [ -3.247511810111548, 55.925913187972426 ] } },
{ "type": "Feature", "properties": { "OBJECTID": 15, "eastings": 318526, "northings": 671987, "bicycle_pa": "shed", "capacity": 14, "covered": " ", "access": " ", "fee": " ", "operator": " ", "CECLand": " ", "SchoolCP": "", "InstalDate": 0, "Funder": "" }, "geometry": { "type": "Point", "coordinates": [ -3.305703721780065, 55.93400749014063 ] } },
{ "type": "Feature", "properties": { "OBJECTID": 16, "eastings": 325377, "northings": 673956, "bicycle_pa": "stands", "capacity": 6, "covered": "no", "access": " ", "fee": " ", "operator": "City of Edinburgh Council", "CECLand": "Y", "SchoolCP": "", "InstalDate": 0, "Funder": "" }, "geometry": { "type": "Point", "coordinates": [ -3.196617552887712, 55.952808635604498 ] } },
{ "type": "Feature", "properties": { "OBJECTID": 17, "eastings": 326779, "northings": 674480, "bicycle_pa": "stands", "capacity": 4, "covered": "no", "access": " ", "fee": " ", "operator": " ", "CECLand": "Y", "SchoolCP": "", "InstalDate": 0, "Funder": "" }, "geometry": { "type": "Point", "coordinates": [ -3.17431392307363, 55.95773115908905 ] } },
{ "type": "Feature", "properties": { "OBJECTID": 18, "eastings": 325186, "northings": 673902, "bicycle_pa": "stands", "capacity": 4, "covered": "no", "access": " ", "fee": " ", "operator": " ", "CECLand": "Y", "SchoolCP": "", "InstalDate": 0, "Funder": "" }, "geometry": { "type": "Point", "coordinates": [ -3.19966045641883, 55.952293884831654 ] } },
{ "type": "Feature", "properties": { "OBJECTID": 19, "eastings": 324976, "northings": 673784, "bicycle_pa": "stands", "capacity": 8, "covered": "no", "access": " ", "fee": " ", "operator": " ", "CECLand": "Y", "SchoolCP": "", "InstalDate": 0, "Funder": "" }, "geometry": { "type": "Point", "coordinates": [ -3.202989629340609, 55.951201212581772 ] } },
{ "type": "Feature", "properties": { "OBJECTID": 20, "eastings": 326377, "northings": 672071, "bicycle_pa": "stands", "capacity": 6, "covered": "no", "access": " ", "fee": " ", "operator": " ", "CECLand": "Y", "SchoolCP": "", "InstalDate": 0, "Funder": "" }, "geometry": { "type": "Point", "coordinates": [ -3.180091990193646, 55.936030403394625 ] } },
{ "type": "Feature", "properties": { "OBJECTID": 21, "eastings": 324032, "northings": 672831, "bicycle_pa": "stands", "capacity": 8, "covered": "no", "access": " ", "fee": " ", "operator": " ", "CECLand": "Y", "SchoolCP": "Y", "InstalDate": 0, "Funder": "" }, "geometry": { "type": "Point", "coordinates": [ -3.217833544539845, 55.942492683995042 ] } },
{ "type": "Feature", "properties": { "OBJECTID": 22, "eastings": 323842, "northings": 672892, "bicycle_pa": "stands", "capacity": 8, "covered": "no", "access": " ", "fee": " ", "operator": " ", "CECLand": "Y", "SchoolCP": "", "InstalDate": 0, "Funder": "" }, "geometry": { "type": "Point", "coordinates": [ -3.220891890340386, 55.943010499628322 ] } },
{ "type": "Feature", "properties": { "OBJECTID": 23, "eastings": 326537, "northings": 672859, "bicycle_pa": "stands", "capacity": 12, "covered": "no", "access": " ", "fee": " ", "operator": "CEC", "CECLand": " ", "SchoolCP": "", "InstalDate": 0, "Funder": "" }, "geometry": { "type": "Point", "coordinates": [ -3.177746543374183, 55.943133427633747 ] } },
{ "type": "Feature", "properties": { "OBJECTID": 24, "eastings": 324739, "northings": 673353, "bicycle_pa": "stands", "capacity": 10, "covered": "no", "access": " ", "fee": " ", "operator": " ", "CECLand": " ", "SchoolCP": "", "InstalDate": 0, "Funder": "" }, "geometry": { "type": "Point", "coordinates": [ -3.206663374642496, 55.947292715792749 ] } },
{ "type": "Feature", "properties": { "OBJECTID": 25, "eastings": 323321, "northings": 672353, "bicycle_pa": "stands", "capacity": 6, "covered": "no", "access": " ", "fee": " ", "operator": " ", "CECLand": " ", "SchoolCP": "Y", "InstalDate": 0, "Funder": "" }, "geometry": { "type": "Point", "coordinates": [ -3.229077579285471, 55.938086019907445 ] } },
{ "type": "Feature", "properties": { "OBJECTID": 26, "eastings": 324490, "northings": 673583, "bicycle_pa": "stands", "capacity": 8, "covered": "no", "access": " ", "fee": " ", "operator": " ", "CECLand": "Y", "SchoolCP": "", "InstalDate": 0, "Funder": "" }, "geometry": { "type": "Point", "coordinates": [ -3.210713725155309, 55.949319606163257 ] } },
{ "type": "Feature", "properties": { "OBJECTID": 27, "eastings": 325001, "northings": 672217, "bicycle_pa": "stands", "capacity": 56, "covered": "no", "access": "permissive", "fee": " ", "operator": "James Gillespie Primary School", "CECLand": " ", "SchoolCP": "Y", "InstalDate": 0, "Funder": "" }, "geometry": { "type": "Point", "coordinates": [ -3.202153067296175, 55.937129465851896 ] } },
{ "type": "Feature", "properties": { "OBJECTID": 28, "eastings": 326310, "northings": 672700, "bicycle_pa": "stands", "capacity": 4, "covered": "no", "access": " ", "fee": " ", "operator": " ", "CECLand": "Y", "SchoolCP": "", "InstalDate": 0, "Funder": "" }, "geometry": { "type": "Point", "coordinates": [ -3.181336443028734, 55.941670461447799 ] } },
{ "type": "Feature", "properties": { "OBJECTID": 29, "eastings": 326391, "northings": 672506, "bicycle_pa": "stands", "capacity": 4, "covered": "no", "access": " ", "fee": " ", "operator": " ", "CECLand": "Y", "SchoolCP": "", "InstalDate": 0, "Funder": "" }, "geometry": { "type": "Point", "coordinates": [ -3.179986921293764, 55.939940160028861 ] } },
{ "type": "Feature", "properties": { "OBJECTID": 30, "eastings": 326388, "northings": 672518, "bicycle_pa": "stands", "capacity": 2, "covered": "no", "access": " ", "fee": " ", "operator": " ", "CECLand": "Y", "SchoolCP": "", "InstalDate": 0, "Funder": "" }, "geometry": { "type": "Point", "coordinates": [ -3.180038218660906, 55.940047497221208 ] } },
{ "type": "Feature", "properties": { "OBJECTID": 31, "eastings": 325466, "northings": 672350, "bicycle_pa": "stands", "capacity": 4, "covered": "no", "access": " ", "fee": " ", "operator": "City of Edinburgh Council", "CECLand": "Y", "SchoolCP": "", "InstalDate": 0, "Funder": "" }, "geometry": { "type": "Point", "coordinates": [ -3.194748180749968, 55.938396415797904 ] } },
{ "type": "Feature", "properties": { "OBJECTID": 32, "eastings": 325545, "northings": 672318, "bicycle_pa": "stands", "capacity": 4, "covered": "no", "access": " ", "fee": " ", "operator": "City of Edinburgh Council", "CECLand": "Y", "SchoolCP": "", "InstalDate": 0, "Funder": "" }, "geometry": { "type": "Point", "coordinates": [ -3.193475001213129, 55.938121194002676 ] } },
{ "type": "Feature", "properties": { "OBJECTID": 33, "eastings": 325122, "northings": 674010, "bicycle_pa": "stands", "capacity": 4, "covered": "no", "access": " ", "fee": " ", "operator": " ", "CECLand": "Y", "SchoolCP": "", "InstalDate": 0, "Funder": "" }, "geometry": { "type": "Point", "coordinates": [ -3.200715099789964, 55.95325401818851 ] } },
{ "type": "Feature", "properties": { "OBJECTID": 34, "eastings": 325913, "northings": 673613, "bicycle_pa": "stands", "capacity": 14, "covered": "no", "access": " ", "fee": " ", "operator": "City of Edinburgh Council", "CECLand": "Y", "SchoolCP": "", "InstalDate": 0, "Funder": "" }, "geometry": { "type": "Point", "coordinates": [ -3.187941823978234, 55.949810585051452 ] } },
{ "type": "Feature", "properties": { "OBJECTID": 35, "eastings": 324764, "northings": 673179, "bicycle_pa": "stands", "capacity": 4, "covered": "no", "access": " ", "fee": " ", "operator": " ", "CECLand": "Y", "SchoolCP": "", "InstalDate": 0, "Funder": "" }, "geometry": { "type": "Point", "coordinates": [ -3.206214587054321, 55.94573368518013 ] } },
{ "type": "Feature", "properties": { "OBJECTID": 36, "eastings": 325030, "northings": 673863, "bicycle_pa": "stands", "capacity": 6, "covered": "no", "access": " ", "fee": " ", "operator": " ", "CECLand": "Y", "SchoolCP": "", "InstalDate": 0, "Funder": "" }, "geometry": { "type": "Point", "coordinates": [ -3.202147117633681, 55.951919254352561 ] } },
{ "type": "Feature", "properties": { "OBJECTID": 37, "eastings": 324827, "northings": 673167, "bicycle_pa": "stands", "capacity": 4, "covered": "no", "access": " ", "fee": " ", "operator": " ", "CECLand": "Y", "SchoolCP": "", "InstalDate": 0, "Funder": "" }, "geometry": { "type": "Point", "coordinates": [ -3.205202800027909, 55.945635753724147 ] } },
{ "type": "Feature", "properties": { "OBJECTID": 38, "eastings": 320884, "northings": 672861, "bicycle_pa": "stands", "capacity": 14, "covered": "no", "access": " ", "fee": " ", "operator": " ", "CECLand": "Y", "SchoolCP": "", "InstalDate": 0, "Funder": "" }, "geometry": { "type": "Point", "coordinates": [ -3.268227680347297, 55.942253021464296 ] } },
{ "type": "Feature", "properties": { "OBJECTID": 39, "eastings": 325756, "northings": 673934, "bicycle_pa": "stands", "capacity": 8, "covered": "no", "access": " ", "fee": " ", "operator": " ", "CECLand": " ", "SchoolCP": "", "InstalDate": 0, "Funder": "" }, "geometry": { "type": "Point", "coordinates": [ -3.190543699000023, 55.952669729555346 ] } },
{ "type": "Feature", "properties": { "OBJECTID": 40, "eastings": 325866, "northings": 673629, "bicycle_pa": "stands", "capacity": 4, "covered": "no", "access": " ", "fee": " ", "operator": " ", "CECLand": "Y", "SchoolCP": "", "InstalDate": 0, "Funder": "" }, "geometry": { "type": "Point", "coordinates": [ -3.188698644032134, 55.949947058339276 ] } },
{ "type": "Feature", "properties": { "OBJECTID": 41, "eastings": 325666, "northings": 673454, "bicycle_pa": "stands", "capacity": 8, "covered": "no", "access": " ", "fee": " ", "operator": "City of Edinburgh Council", "CECLand": "Y", "SchoolCP": "", "InstalDate": 0, "Funder": "" }, "geometry": { "type": "Point", "coordinates": [ -3.191852101777767, 55.948344217040066 ] } },
{ "type": "Feature", "properties": { "OBJECTID": 42, "eastings": 325838, "northings": 674023, "bicycle_pa": "stands", "capacity": 6, "covered": "no", "access": " ", "fee": " ", "operator": " ", "CECLand": "Y", "SchoolCP": "", "InstalDate": 0, "Funder": "" }, "geometry": { "type": "Point", "coordinates": [ -3.189255394222869, 55.953481831912498 ] } },
{ "type": "Feature", "properties": { "OBJECTID": 43, "eastings": 326007, "northings": 674303, "bicycle_pa": "stands", "capacity": 20, "covered": "no", "access": "yes", "fee": "no", "operator": " ", "CECLand": "Y", "SchoolCP": "", "InstalDate": 0, "Funder": "" }, "geometry": { "type": "Point", "coordinates": [ -3.186626608378798, 55.956022979642619 ] } },
{ "type": "Feature", "properties": { "OBJECTID": 44, "eastings": 326059, "northings": 673208, "bicycle_pa": "stands", "capacity": 6, "covered": "no", "access": " ", "fee": " ", "operator": " ", "CECLand": "Y", "SchoolCP": "", "InstalDate": 0, "Funder": "" }, "geometry": { "type": "Point", "coordinates": [ -3.185493312495361, 55.946195114257286 ] } },
{ "type": "Feature", "properties": { "OBJECTID": 45, "eastings": 324862, "northings": 673084, "bicycle_pa": "stands", "capacity": 10, "covered": "no", "access": " ", "fee": " ", "operator": " ", "CECLand": "Y", "SchoolCP": "", "InstalDate": 0, "Funder": "" }, "geometry": { "type": "Point", "coordinates": [ -3.204619406571075, 55.944895682501603 ] } },
{ "type": "Feature", "properties": { "OBJECTID": 46, "eastings": 324914, "northings": 672837, "bicycle_pa": "stands", "capacity": 6, "covered": "no", "access": " ", "fee": " ", "operator": " ", "CECLand": "Y", "SchoolCP": "", "InstalDate": 0, "Funder": "" }, "geometry": { "type": "Point", "coordinates": [ -3.20371821793842, 55.942685138181972 ] } },
{ "type": "Feature", "properties": { "OBJECTID": 47, "eastings": 325718, "northings": 673331, "bicycle_pa": "stands", "capacity": 6, "covered": "no", "access": " ", "fee": " ", "operator": " ", "CECLand": "Y", "SchoolCP": "", "InstalDate": 0, "Funder": "" }, "geometry": { "type": "Point", "coordinates": [ -3.190985743680287, 55.947247400626736 ] } },
{ "type": "Feature", "properties": { "OBJECTID": 48, "eastings": 325873, "northings": 673369, "bicycle_pa": "stands", "capacity": 10, "covered": "no", "access": " ", "fee": " ", "operator": "City of Edinburgh Council", "CECLand": "Y", "SchoolCP": "", "InstalDate": 0, "Funder": "" }, "geometry": { "type": "Point", "coordinates": [ -3.188515000050151, 55.947612666438999 ] } },
{ "type": "Feature", "properties": { "OBJECTID": 49, "eastings": 325976, "northings": 673408, "bicycle_pa": "stands", "capacity": 10, "covered": "no", "access": " ", "fee": " ", "operator": "City of Edinburgh Council", "CECLand": "Y", "SchoolCP": "", "InstalDate": 0, "Funder": "" }, "geometry": { "type": "Point", "coordinates": [ -3.186876905088567, 55.947978860889222 ] } },
{ "type": "Feature", "properties": { "OBJECTID": 50, "eastings": 325876, "northings": 673213, "bicycle_pa": "stands", "capacity": 14, "covered": "no", "access": "yes", "fee": "no", "operator": "University of Edinburgh", "CECLand": "Y", "SchoolCP": "", "InstalDate": 0, "Funder": "" }, "geometry": { "type": "Point", "coordinates": [ -3.188424033815431, 55.94621184540992 ] } },
{ "type": "Feature", "properties": { "OBJECTID": 51, "eastings": 326166, "northings": 673027, "bicycle_pa": "stands", "capacity": 10, "covered": "no", "access": " ", "fee": " ", "operator": "CEC", "CECLand": "Y", "SchoolCP": "", "InstalDate": 0, "Funder": "" }, "geometry": { "type": "Point", "coordinates": [ -3.183730893569892, 55.944585702284293 ] } },
{ "type": "Feature", "properties": { "OBJECTID": 52, "eastings": 326163, "northings": 673041, "bicycle_pa": "wall_loops", "capacity": 2, "covered": "no", "access": " ", "fee": " ", "operator": "City of Edinburgh Council", "CECLand": "Y", "SchoolCP": "", "InstalDate": 0, "Funder": "" }, "geometry": { "type": "Point", "coordinates": [ -3.183782752448618, 55.944710998493512 ] } },
{ "type": "Feature", "properties": { "OBJECTID": 53, "eastings": 326412, "northings": 672403, "bicycle_pa": "stands", "capacity": 4, "covered": "no", "access": " ", "fee": " ", "operator": " ", "CECLand": "Y", "SchoolCP": "", "InstalDate": 0, "Funder": "" }, "geometry": { "type": "Point", "coordinates": [ -3.179622651979945, 55.939018121563009 ] } },
{ "type": "Feature", "properties": { "OBJECTID": 54, "eastings": 326400, "northings": 672420, "bicycle_pa": "stands", "capacity": 4, "covered": "no", "access": " ", "fee": " ", "operator": " ", "CECLand": "Y", "SchoolCP": "", "InstalDate": 0, "Funder": "" }, "geometry": { "type": "Point", "coordinates": [ -3.17981935574099, 55.939168997271693 ] } },
{ "type": "Feature", "properties": { "OBJECTID": 55, "eastings": 313021, "northings": 678335, "bicycle_pa": "stands", "capacity": 10, "covered": "no", "access": " ", "fee": " ", "operator": " ", "CECLand": "Y", "SchoolCP": "", "InstalDate": 0, "Funder": "" }, "geometry": { "type": "Point", "coordinates": [ -3.395842161273281, 55.990060500116719 ] } },
{ "type": "Feature", "properties": { "OBJECTID": 56, "eastings": 326448, "northings": 672311, "bicycle_pa": "stands", "capacity": 4, "covered": "no", "access": " ", "fee": " ", "operator": " ", "CECLand": "Y", "SchoolCP": "", "InstalDate": 0, "Funder": "" }, "geometry": { "type": "Point", "coordinates": [ -3.179021343939129, 55.938197188434309 ] } },
{ "type": "Feature", "properties": { "OBJECTID": 57, "eastings": 326418, "northings": 672435, "bicycle_pa": "stands", "capacity": 4, "covered": "no", "access": " ", "fee": " ", "operator": " ", "CECLand": "Y", "SchoolCP": "", "InstalDate": 0, "Funder": "" }, "geometry": { "type": "Point", "coordinates": [ -3.179535374696564, 55.939306495981327 ] } },
{ "type": "Feature", "properties": { "OBJECTID": 58, "eastings": 326788, "northings": 672405, "bicycle_pa": "stands", "capacity": 22, "covered": "yes", "access": " ", "fee": " ", "operator": "CEC", "CECLand": " ", "SchoolCP": "", "InstalDate": 0, "Funder": "" }, "geometry": { "type": "Point", "coordinates": [ -3.173605483645392, 55.939093453054312 ] } },
{ "type": "Feature", "properties": { "OBJECTID": 59, "eastings": 326793, "northings": 672388, "bicycle_pa": "stands", "capacity": 10, "covered": "yes", "access": " ", "fee": " ", "operator": "CEC", "CECLand": " ", "SchoolCP": "", "InstalDate": 0, "Funder": "" }, "geometry": { "type": "Point", "coordinates": [ -3.17352083550039, 55.938941502141489 ] } },
{ "type": "Feature", "properties": { "OBJECTID": 60, "eastings": 324542, "northings": 671425, "bicycle_pa": "stands", "capacity": 18, "covered": "yes", "access": " ", "fee": " ", "operator": " ", "CECLand": " ", "SchoolCP": "", "InstalDate": 0, "Funder": "" }, "geometry": { "type": "Point", "coordinates": [ -3.209276782112379, 55.929943286158128 ] } },
{ "type": "Feature", "properties": { "OBJECTID": 61, "eastings": 325502, "northings": 672131, "bicycle_pa": "stands", "capacity": 8, "covered": "no", "access": " ", "fee": " ", "operator": "City of Edinburgh Council", "CECLand": "Y", "SchoolCP": "", "InstalDate": 0, "Funder": "" }, "geometry": { "type": "Point", "coordinates": [ -3.194111437610547, 55.936434746883386 ] } },
{ "type": "Feature", "properties": { "OBJECTID": 62, "eastings": 325475, "northings": 672130, "bicycle_pa": "stands", "capacity": 10, "covered": "no", "access": " ", "fee": " ", "operator": "City of Edinburgh Council", "CECLand": "Y", "SchoolCP": "", "InstalDate": 0, "Funder": "" }, "geometry": { "type": "Point", "coordinates": [ -3.194543252691398, 55.936421584944021 ] } },
{ "type": "Feature", "properties": { "OBJECTID": 63, "eastings": 325579, "northings": 672325, "bicycle_pa": "stands", "capacity": 6, "covered": "no", "access": " ", "fee": " ", "operator": "City of Edinburgh Council", "CECLand": "Y", "SchoolCP": "", "InstalDate": 0, "Funder": "" }, "geometry": { "type": "Point", "coordinates": [ -3.192932797588473, 55.938189333172893 ] } },
{ "type": "Feature", "properties": { "OBJECTID": 64, "eastings": 325668, "northings": 672307, "bicycle_pa": "stands", "capacity": 4, "covered": "no", "access": " ", "fee": " ", "operator": "City of Edinburgh Council", "CECLand": "Y", "SchoolCP": "", "InstalDate": 0, "Funder": "" }, "geometry": { "type": "Point", "coordinates": [ -3.191503462014193, 55.938041396467213 ] } },
{ "type": "Feature", "properties": { "OBJECTID": 65, "eastings": 325917, "northings": 673044, "bicycle_pa": "stands", "capacity": 24, "covered": "no", "access": "yes", "fee": "no", "operator": "University of Edinburgh", "CECLand": " ", "SchoolCP": "", "InstalDate": 0, "Funder": "" }, "geometry": { "type": "Point", "coordinates": [ -3.187721240721274, 55.944700106827668 ] } },
{ "type": "Feature", "properties": { "OBJECTID": 66, "eastings": 326875, "northings": 676734, "bicycle_pa": " ", "capacity": 14, "covered": " ", "access": " ", "fee": " ", "operator": " ", "CECLand": " ", "SchoolCP": "", "InstalDate": 0, "Funder": "" }, "geometry": { "type": "Point", "coordinates": [ -3.173389425781365, 55.977992620829589 ] } },
{ "type": "Feature", "properties": { "OBJECTID": 67, "eastings": 324475, "northings": 671893, "bicycle_pa": "stands", "capacity": 8, "covered": "no", "access": " ", "fee": " ", "operator": "tesco", "CECLand": "Y", "SchoolCP": "", "InstalDate": 0, "Funder": "" }, "geometry": { "type": "Point", "coordinates": [ -3.210480115411567, 55.934136823165922 ] } },
{ "type": "Feature", "properties": { "OBJECTID": 68, "eastings": 325898, "northings": 673136, "bicycle_pa": "stands", "capacity": 32, "covered": "no", "access": "yes", "fee": "no", "operator": "University of Edinburgh", "CECLand": " ", "SchoolCP": "", "InstalDate": 0, "Funder": "" }, "geometry": { "type": "Point", "coordinates": [ -3.188050683604591, 55.945523577476045 ] } },
{ "type": "Feature", "properties": { "OBJECTID": 69, "eastings": 326171, "northings": 673408, "bicycle_pa": "stands", "capacity": 20, "covered": "no", "access": "yes", "fee": "no", "operator": "University of Edinburgh", "CECLand": " ", "SchoolCP": "", "InstalDate": 0, "Funder": "" }, "geometry": { "type": "Point", "coordinates": [ -3.183755324457615, 55.948008850725145 ] } },
{ "type": "Feature", "properties": { "OBJECTID": 70, "eastings": 326213, "northings": 673474, "bicycle_pa": " ", "capacity": 0, "covered": " ", "access": " ", "fee": " ", "operator": " ", "CECLand": " ", "SchoolCP": "", "InstalDate": 0, "Funder": "" }, "geometry": { "type": "Point", "coordinates": [ -3.183101070886179, 55.948608152433657 ] } },
{ "type": "Feature", "properties": { "OBJECTID": 71, "eastings": 325812, "northings": 672318, "bicycle_pa": " ", "capacity": 15, "covered": " ", "access": " ", "fee": " ", "operator": " ", "CECLand": " ", "SchoolCP": "", "InstalDate": 0, "Funder": "" }, "geometry": { "type": "Point", "coordinates": [ -3.18920190843036, 55.938162429039096 ] } },
{ "type": "Feature", "properties": { "OBJECTID": 72, "eastings": 326981, "northings": 672314, "bicycle_pa": "stands", "capacity": 22, "covered": "no", "access": "yes", "fee": "no", "operator": "University of Edinburgh", "CECLand": " ", "SchoolCP": "", "InstalDate": 0, "Funder": "" }, "geometry": { "type": "Point", "coordinates": [ -3.170491899049882, 55.938305326266637 ] } },
{ "type": "Feature", "properties": { "OBJECTID": 73, "eastings": 326818, "northings": 673808, "bicycle_pa": "artistic", "capacity": 82, "covered": "no", "access": " ", "fee": " ", "operator": " ", "CECLand": " ", "SchoolCP": "", "InstalDate": 0, "Funder": "" }, "geometry": { "type": "Point", "coordinates": [ -3.173506760623386, 55.951700830998291 ] } },
{ "type": "Feature", "properties": { "OBJECTID": 74, "eastings": 325264, "northings": 673175, "bicycle_pa": "stands", "capacity": 40, "covered": "no", "access": "yes", "fee": "no", "operator": "University of Edinburgh", "CECLand": " ", "SchoolCP": "", "InstalDate": 0, "Funder": "" }, "geometry": { "type": "Point", "coordinates": [ -3.198209960681895, 55.945775756979742 ] } },
{ "type": "Feature", "properties": { "OBJECTID": 75, "eastings": 324490, "northings": 672074, "bicycle_pa": "stands", "capacity": 1, "covered": "no", "access": " ", "fee": " ", "operator": " ", "CECLand": "Y", "SchoolCP": "", "InstalDate": 0, "Funder": "" }, "geometry": { "type": "Point", "coordinates": [ -3.210290799488297, 55.935765028286873 ] } },
{ "type": "Feature", "properties": { "OBJECTID": 76, "eastings": 325369, "northings": 675143, "bicycle_pa": "wall_loops", "capacity": 6, "covered": "no", "access": " ", "fee": " ", "operator": " ", "CECLand": " ", "SchoolCP": "", "InstalDate": 0, "Funder": "" }, "geometry": { "type": "Point", "coordinates": [ -3.197074584086652, 55.963469534982053 ] } },
{ "type": "Feature", "properties": { "OBJECTID": 77, "eastings": 325369, "northings": 674847, "bicycle_pa": "stands", "capacity": 2, "covered": "no", "access": " ", "fee": " ", "operator": "City of Edinburgh Council", "CECLand": "Y", "SchoolCP": "", "InstalDate": 0, "Funder": "" }, "geometry": { "type": "Point", "coordinates": [ -3.1969925473192, 55.960810739325304 ] } },
{ "type": "Feature", "properties": { "OBJECTID": 78, "eastings": 327422, "northings": 674400, "bicycle_pa": " ", "capacity": 6, "covered": " ", "access": " ", "fee": " ", "operator": " ", "CECLand": " ", "SchoolCP": "", "InstalDate": 0, "Funder": "" }, "geometry": { "type": "Point", "coordinates": [ -3.163996493067854, 55.957110154149603 ] } },
{ "type": "Feature", "properties": { "OBJECTID": 79, "eastings": 328266, "northings": 674653, "bicycle_pa": "wall_loops", "capacity": 4, "covered": "no", "access": " ", "fee": " ", "operator": " ", "CECLand": "Y", "SchoolCP": "", "InstalDate": 0, "Funder": "" }, "geometry": { "type": "Point", "coordinates": [ -3.150549762276983, 55.959509673358333 ] } },
{ "type": "Feature", "properties": { "OBJECTID": 80, "eastings": 326503, "northings": 676457, "bicycle_pa": "stands", "capacity": 4, "covered": "no", "access": " ", "fee": " ", "operator": " ", "CECLand": "Y", "SchoolCP": "", "InstalDate": 0, "Funder": "" }, "geometry": { "type": "Point", "coordinates": [ -3.179273335438971, 55.975447516714645 ] } },
{ "type": "Feature", "properties": { "OBJECTID": 81, "eastings": 326607, "northings": 676754, "bicycle_pa": "stands", "capacity": 10, "covered": "yes", "access": "private", "fee": " ", "operator": " ", "CECLand": " ", "SchoolCP": "", "InstalDate": 0, "Funder": "" }, "geometry": { "type": "Point", "coordinates": [ -3.177688391538188, 55.97813132024875 ] } },
{ "type": "Feature", "properties": { "OBJECTID": 82, "eastings": 326886, "northings": 676724, "bicycle_pa": " ", "capacity": 24, "covered": " ", "access": " ", "fee": " ", "operator": " ", "CECLand": " ", "SchoolCP": "", "InstalDate": 0, "Funder": "" }, "geometry": { "type": "Point", "coordinates": [ -3.17321048022523, 55.977904470846262 ] } },
{ "type": "Feature", "properties": { "OBJECTID": 83, "eastings": 326865, "northings": 676729, "bicycle_pa": " ", "capacity": 24, "covered": " ", "access": " ", "fee": " ", "operator": " ", "CECLand": " ", "SchoolCP": "", "InstalDate": 0, "Funder": "" }, "geometry": { "type": "Point", "coordinates": [ -3.17354827134, 55.97794618144205 ] } },
{ "type": "Feature", "properties": { "OBJECTID": 84, "eastings": 326822, "northings": 676745, "bicycle_pa": " ", "capacity": 24, "covered": " ", "access": " ", "fee": " ", "operator": " ", "CECLand": " ", "SchoolCP": "", "InstalDate": 0, "Funder": "" }, "geometry": { "type": "Point", "coordinates": [ -3.174241509474569, 55.978083343764261 ] } },
{ "type": "Feature", "properties": { "OBJECTID": 85, "eastings": 326820, "northings": 676754, "bicycle_pa": " ", "capacity": 12, "covered": " ", "access": " ", "fee": " ", "operator": " ", "CECLand": " ", "SchoolCP": "", "InstalDate": 0, "Funder": "" }, "geometry": { "type": "Point", "coordinates": [ -3.174276000397822, 55.978163883386138 ] } },
{ "type": "Feature", "properties": { "OBJECTID": 86, "eastings": 326809, "northings": 676757, "bicycle_pa": " ", "capacity": 14, "covered": " ", "access": " ", "fee": " ", "operator": " ", "CECLand": " ", "SchoolCP": "", "InstalDate": 0, "Funder": "" }, "geometry": { "type": "Point", "coordinates": [ -3.174453044054037, 55.978189152335972 ] } },
{ "type": "Feature", "properties": { "OBJECTID": 87, "eastings": 326803, "northings": 676751, "bicycle_pa": " ", "capacity": 24, "covered": " ", "access": " ", "fee": " ", "operator": " ", "CECLand": " ", "SchoolCP": "", "InstalDate": 0, "Funder": "" }, "geometry": { "type": "Point", "coordinates": [ -3.174547534357159, 55.978134339610975 ] } },
{ "type": "Feature", "properties": { "OBJECTID": 88, "eastings": 326366, "northings": 674896, "bicycle_pa": "stands", "capacity": 4, "covered": "no", "access": " ", "fee": " ", "operator": " ", "CECLand": "Y", "SchoolCP": " ", "InstalDate": 2425, "Funder": "SEStran" }, "geometry": { "type": "Point", "coordinates": [ -3.181137492725054, 55.961448635113925 ] } },
{ "type": "Feature", "properties": { "OBJECTID": 89, "eastings": 325296, "northings": 671224, "bicycle_pa": "shed", "capacity": 12, "covered": "yes", "access": "yes", "fee": " ", "operator": " ", "CECLand": " ", "SchoolCP": "", "InstalDate": 0, "Funder": "" }, "geometry": { "type": "Point", "coordinates": [ -3.19715648257954, 55.928255248004788 ] } },
{ "type": "Feature", "properties": { "OBJECTID": 90, "eastings": 325084, "northings": 671427, "bicycle_pa": " ", "capacity": 0, "covered": " ", "access": " ", "fee": " ", "operator": " ", "CECLand": " ", "SchoolCP": "", "InstalDate": 0, "Funder": "" }, "geometry": { "type": "Point", "coordinates": [ -3.200604981465401, 55.930045896084579 ] } },
{ "type": "Feature", "properties": { "OBJECTID": 91, "eastings": 325156, "northings": 671328, "bicycle_pa": "wall_loops", "capacity": 12, "covered": "yes", "access": " ", "fee": " ", "operator": " ", "CECLand": " ", "SchoolCP": "", "InstalDate": 0, "Funder": "" }, "geometry": { "type": "Point", "coordinates": [ -3.19942540154389, 55.929167760134028 ] } },
{ "type": "Feature", "properties": { "OBJECTID": 92, "eastings": 322640, "northings": 671324, "bicycle_pa": "stands", "capacity": 12, "covered": "yes", "access": "private", "fee": " ", "operator": " ", "CECLand": " ", "SchoolCP": "", "InstalDate": 0, "Funder": "" }, "geometry": { "type": "Point", "coordinates": [ -3.23968012805671, 55.928733198176737 ] } },
{ "type": "Feature", "properties": { "OBJECTID": 93, "eastings": 326157, "northings": 673010, "bicycle_pa": "stands", "capacity": 4, "covered": "no", "access": " ", "fee": " ", "operator": " ", "CECLand": "Y", "SchoolCP": "", "InstalDate": 0, "Funder": "" }, "geometry": { "type": "Point", "coordinates": [ -3.18387029287357, 55.944431615764238 ] } },
{ "type": "Feature", "properties": { "OBJECTID": 94, "eastings": 324281, "northings": 672913, "bicycle_pa": "stands", "capacity": 4, "covered": " ", "access": " ", "fee": " ", "operator": " ", "CECLand": "Y", "SchoolCP": " ", "InstalDate": 0, "Funder": "" }, "geometry": { "type": "Point", "coordinates": [ -3.213871184247396, 55.943268520132214 ] } },
{ "type": "Feature", "properties": { "OBJECTID": 95, "eastings": 324291, "northings": 672931, "bicycle_pa": "stands", "capacity": 4, "covered": "no", "access": " ", "fee": " ", "operator": " ", "CECLand": "Y", "SchoolCP": " ", "InstalDate": 0, "Funder": "" }, "geometry": { "type": "Point", "coordinates": [ -3.213716181725946, 55.943431778011472 ] } },
{ "type": "Feature", "properties": { "OBJECTID": 96, "eastings": 325942, "northings": 672322, "bicycle_pa": " ", "capacity": 40, "covered": " ", "access": " ", "fee": " ", "operator": " ", "CECLand": " ", "SchoolCP": "Y", "InstalDate": 0, "Funder": "" }, "geometry": { "type": "Point", "coordinates": [ -3.187122472991914, 55.938218384431998 ] } },
{ "type": "Feature", "properties": { "OBJECTID": 97, "eastings": 317733, "northings": 670032, "bicycle_pa": "stands", "capacity": 15, "covered": "yes", "access": "private", "fee": " ", "operator": "SEPA", "CECLand": " ", "SchoolCP": "", "InstalDate": 0, "Funder": "" }, "geometry": { "type": "Point", "coordinates": [ -3.317796480444517, 55.916312118456865 ] } },
{ "type": "Feature", "properties": { "OBJECTID": 98, "eastings": 324507, "northings": 671904, "bicycle_pa": "stands", "capacity": 6, "covered": "no", "access": " ", "fee": " ", "operator": " ", "CECLand": "Y", "SchoolCP": "", "InstalDate": 0, "Funder": "" }, "geometry": { "type": "Point", "coordinates": [ -3.209971121693617, 55.934240651627213 ] } },
{ "type": "Feature", "properties": { "OBJECTID": 99, "eastings": 324496, "northings": 670878, "bicycle_pa": "stands", "capacity": 8, "covered": "no", "access": " ", "fee": " ", "operator": " ", "CECLand": "Y", "SchoolCP": "", "InstalDate": 0, "Funder": "" }, "geometry": { "type": "Point", "coordinates": [ -3.209859397262581, 55.925022314805219 ] } },
{ "type": "Feature", "properties": { "OBJECTID": 100, "eastings": 324519, "northings": 671307, "bicycle_pa": "stands", "capacity": 4, "covered": "no", "access": " ", "fee": " ", "operator": " ", "CECLand": "Y", "SchoolCP": "", "InstalDate": 0, "Funder": "" }, "geometry": { "type": "Point", "coordinates": [ -3.209611707720637, 55.928879674315723 ] } },
{ "type": "Feature", "properties": { "OBJECTID": 101, "eastings": 324547, "northings": 671073, "bicycle_pa": "stands", "capacity": 4, "covered": "no", "access": " ", "fee": " ", "operator": " ", "CECLand": "Y", "SchoolCP": "", "InstalDate": 0, "Funder": "" }, "geometry": { "type": "Point", "coordinates": [ -3.209098118886542, 55.926782016564253 ] } },
{ "type": "Feature", "properties": { "OBJECTID": 102, "eastings": 325968, "northings": 674724, "bicycle_pa": "stands", "capacity": 10, "covered": "yes", "access": "private", "fee": " ", "operator": " ", "CECLand": " ", "SchoolCP": "Y", "InstalDate": 0, "Funder": "" }, "geometry": { "type": "Point", "coordinates": [ -3.187366826845467, 55.959798590794904 ] } },
{ "type": "Feature", "properties": { "OBJECTID": 103, "eastings": 323432, "northings": 673806, "bicycle_pa": "stands", "capacity": 14, "covered": "no", "access": " ", "fee": " ", "operator": " ", "CECLand": " ", "SchoolCP": "", "InstalDate": 0, "Funder": "" }, "geometry": { "type": "Point", "coordinates": [ -3.227714182279727, 55.951155079084138 ] } },
{ "type": "Feature", "properties": { "OBJECTID": 104, "eastings": 318835, "northings": 672303, "bicycle_pa": "stands", "capacity": 0, "covered": " ", "access": " ", "fee": " ", "operator": " ", "CECLand": " ", "SchoolCP": "", "InstalDate": 0, "Funder": "" }, "geometry": { "type": "Point", "coordinates": [ -3.3008543505242, 55.936898235492485 ] } },
{ "type": "Feature", "properties": { "OBJECTID": 105, "eastings": 326891, "northings": 676522, "bicycle_pa": "stands", "capacity": 6, "covered": "no", "access": " ", "fee": " ", "operator": " ", "CECLand": " ", "SchoolCP": "", "InstalDate": 0, "Funder": "" }, "geometry": { "type": "Point", "coordinates": [ -3.173075454257135, 55.976090711375392 ] } },
{ "type": "Feature", "properties": { "OBJECTID": 106, "eastings": 326899, "northings": 675730, "bicycle_pa": "stands", "capacity": 4, "covered": "no", "access": "yes", "fee": "no", "operator": " ", "CECLand": "Y", "SchoolCP": "", "InstalDate": 0, "Funder": "" }, "geometry": { "type": "Point", "coordinates": [ -3.172732049963662, 55.968977656001108 ] } },
{ "type": "Feature", "properties": { "OBJECTID": 107, "eastings": 326013, "northings": 673337, "bicycle_pa": "stands", "capacity": 8, "covered": "no", "access": " ", "fee": " ", "operator": " ", "CECLand": "Y", "SchoolCP": "", "InstalDate": 0, "Funder": "" }, "geometry": { "type": "Point", "coordinates": [ -3.18626509626965, 55.947346792862604 ] } },
{ "type": "Feature", "properties": { "OBJECTID": 108, "eastings": 326039, "northings": 673330, "bicycle_pa": "stands", "capacity": 4, "covered": "no", "access": " ", "fee": " ", "operator": " ", "CECLand": "Y", "SchoolCP": "", "InstalDate": 0, "Funder": "" }, "geometry": { "type": "Point", "coordinates": [ -3.185846969904442, 55.947287915837528 ] } },
{ "type": "Feature", "properties": { "OBJECTID": 109, "eastings": 326046, "northings": 673323, "bicycle_pa": "stands", "capacity": 2, "covered": "no", "access": " ", "fee": " ", "operator": " ", "CECLand": "Y", "SchoolCP": "", "InstalDate": 0, "Funder": "" }, "geometry": { "type": "Point", "coordinates": [ -3.185732992657973, 55.947226114588872 ] } },
{ "type": "Feature", "properties": { "OBJECTID": 110, "eastings": 325266, "northings": 674012, "bicycle_pa": "stands", "capacity": 12, "covered": "no", "access": " ", "fee": " ", "operator": " ", "CECLand": "Y", "SchoolCP": "", "InstalDate": 0, "Funder": "" }, "geometry": { "type": "Point", "coordinates": [ -3.198410195669866, 55.953294401086531 ] } },
{ "type": "Feature", "properties": { "OBJECTID": 111, "eastings": 326150, "northings": 673047, "bicycle_pa": "stands", "capacity": 6, "covered": "no", "access": " ", "fee": " ", "operator": " ", "CECLand": "Y", "SchoolCP": "", "InstalDate": 0, "Funder": "" }, "geometry": { "type": "Point", "coordinates": [ -3.183992486335652, 55.944762898102979 ] } },
{ "type": "Feature", "properties": { "OBJECTID": 112, "eastings": 324396, "northings": 675282, "bicycle_pa": "stands", "capacity": 10, "covered": "no", "access": " ", "fee": " ", "operator": " ", "CECLand": "Y", "SchoolCP": "", "InstalDate": 0, "Funder": "" }, "geometry": { "type": "Point", "coordinates": [ -3.212695586970578, 55.964565795361807 ] } },
{ "type": "Feature", "properties": { "OBJECTID": 113, "eastings": 324571, "northings": 672103, "bicycle_pa": "stands", "capacity": 6, "covered": "no", "access": " ", "fee": " ", "operator": "City of Edinburgh Council", "CECLand": "Y", "SchoolCP": "", "InstalDate": 0, "Funder": "" }, "geometry": { "type": "Point", "coordinates": [ -3.209002675111716, 55.936038227080672 ] } },
{ "type": "Feature", "properties": { "OBJECTID": 114, "eastings": 324338, "northings": 672844, "bicycle_pa": "stands", "capacity": 6, "covered": "no", "access": " ", "fee": " ", "operator": "City of Edinburgh Council", "CECLand": "Y", "SchoolCP": " ", "InstalDate": 0, "Funder": "" }, "geometry": { "type": "Point", "coordinates": [ -3.212939473652171, 55.942657709640017 ] } },
{ "type": "Feature", "properties": { "OBJECTID": 115, "eastings": 324308, "northings": 672880, "bicycle_pa": "stands", "capacity": 10, "covered": " ", "access": " ", "fee": " ", "operator": "City of Edinburgh Council", "CECLand": "Y", "SchoolCP": " ", "InstalDate": 0, "Funder": "" }, "geometry": { "type": "Point", "coordinates": [ -3.213429755433979, 55.942976353292423 ] } },
{ "type": "Feature", "properties": { "OBJECTID": 116, "eastings": 325333, "northings": 672809, "bicycle_pa": "stands", "capacity": 40, "covered": "no", "access": " ", "fee": " ", "operator": " ", "CECLand": " ", "SchoolCP": "", "InstalDate": 0, "Funder": "" }, "geometry": { "type": "Point", "coordinates": [ -3.197004010540621, 55.942498874075014 ] } },
{ "type": "Feature", "properties": { "OBJECTID": 117, "eastings": 324163, "northings": 670024, "bicycle_pa": "stands", "capacity": 6, "covered": "no", "access": " ", "fee": " ", "operator": " ", "CECLand": "Y", "SchoolCP": "", "InstalDate": 0, "Funder": "" }, "geometry": { "type": "Point", "coordinates": [ -3.214946499446174, 55.917298441268287 ] } },
{ "type": "Feature", "properties": { "OBJECTID": 118, "eastings": 324979, "northings": 672221, "bicycle_pa": "stands", "capacity": 4, "covered": "no", "access": " ", "fee": " ", "operator": " ", "CECLand": "Y", "SchoolCP": "", "InstalDate": 0, "Funder": "" }, "geometry": { "type": "Point", "coordinates": [ -3.202506260015443, 55.937161966828349 ] } },
{ "type": "Feature", "properties": { "OBJECTID": 119, "eastings": 325107, "northings": 672184, "bicycle_pa": " ", "capacity": 0, "covered": " ", "access": "private", "fee": " ", "operator": " ", "CECLand": " ", "SchoolCP": "Y", "InstalDate": 0, "Funder": "" }, "geometry": { "type": "Point", "coordinates": [ -3.200447507652051, 55.936849543054379 ] } },
{ "type": "Feature", "properties": { "OBJECTID": 120, "eastings": 324285, "northings": 670227, "bicycle_pa": "stands", "capacity": 4, "covered": "no", "access": " ", "fee": " ", "operator": " ", "CECLand": "Y", "SchoolCP": "", "InstalDate": 0, "Funder": "" }, "geometry": { "type": "Point", "coordinates": [ -3.213052107563999, 55.919141199532817 ] } },
{ "type": "Feature", "properties": { "OBJECTID": 121, "eastings": 317617, "northings": 667856, "bicycle_pa": " ", "capacity": 30, "covered": " ", "access": " ", "fee": " ", "operator": " ", "CECLand": " ", "SchoolCP": "Y", "InstalDate": 0, "Funder": "" }, "geometry": { "type": "Point", "coordinates": [ -3.318987993737583, 55.896746917744096 ] } },
{ "type": "Feature", "properties": { "OBJECTID": 122, "eastings": 323713, "northings": 673229, "bicycle_pa": "stands", "capacity": 8, "covered": "no", "access": " ", "fee": " ", "operator": " ", "CECLand": "Y", "SchoolCP": "", "InstalDate": 0, "Funder": "" }, "geometry": { "type": "Point", "coordinates": [ -3.223052083418948, 55.946017053828498 ] } },
{ "type": "Feature", "properties": { "OBJECTID": 123, "eastings": 324640, "northings": 672173, "bicycle_pa": "stands", "capacity": 6, "covered": "no", "access": " ", "fee": " ", "operator": " ", "CECLand": "Y", "SchoolCP": "", "InstalDate": 0, "Funder": "" }, "geometry": { "type": "Point", "coordinates": [ -3.207918040191147, 55.936677822202348 ] } },
{ "type": "Feature", "properties": { "OBJECTID": 124, "eastings": 325746, "northings": 673321, "bicycle_pa": "stands", "capacity": 10, "covered": "no", "access": " ", "fee": " ", "operator": " ", "CECLand": "Y", "SchoolCP": "", "InstalDate": 0, "Funder": "" }, "geometry": { "type": "Point", "coordinates": [ -3.190534768801241, 55.947161901002403 ] } },
{ "type": "Feature", "properties": { "OBJECTID": 125, "eastings": 322876, "northings": 672944, "bicycle_pa": "stands", "capacity": 34, "covered": "no", "access": " ", "fee": " ", "operator": " ", "CECLand": "Y", "SchoolCP": "", "InstalDate": 0, "Funder": "" }, "geometry": { "type": "Point", "coordinates": [ -3.236368549049676, 55.943323299284557 ] } },
{ "type": "Feature", "properties": { "OBJECTID": 126, "eastings": 325587, "northings": 672928, "bicycle_pa": "stands", "capacity": 8, "covered": "no", "access": " ", "fee": " ", "operator": " ", "CECLand": " ", "SchoolCP": "", "InstalDate": 0, "Funder": "" }, "geometry": { "type": "Point", "coordinates": [ -3.19297140897514, 55.943607169541323 ] } },
{ "type": "Feature", "properties": { "OBJECTID": 127, "eastings": 317491, "northings": 669689, "bicycle_pa": " ", "capacity": 20, "covered": " ", "access": "private", "fee": " ", "operator": " ", "CECLand": " ", "SchoolCP": "", "InstalDate": 0, "Funder": "" }, "geometry": { "type": "Point", "coordinates": [ -3.321562223131578, 55.913189760761476 ] } },
{ "type": "Feature", "properties": { "OBJECTID": 128, "eastings": 323082, "northings": 671098, "bicycle_pa": "stands", "capacity": 8, "covered": "no", "access": "yes", "fee": " ", "operator": " ", "CECLand": "Y", "SchoolCP": "", "InstalDate": 0, "Funder": "" }, "geometry": { "type": "Point", "coordinates": [ -3.232543394074038, 55.926774022897781 ] } },
{ "type": "Feature", "properties": { "OBJECTID": 129, "eastings": 326016, "northings": 673408, "bicycle_pa": "stands", "capacity": 2, "covered": "no", "access": " ", "fee": " ", "operator": " ", "CECLand": "Y", "SchoolCP": "", "InstalDate": 0, "Funder": "" }, "geometry": { "type": "Point", "coordinates": [ -3.186236581697911, 55.947985019458301 ] } },
{ "type": "Feature", "properties": { "OBJECTID": 130, "eastings": 326018, "northings": 673398, "bicycle_pa": "stands", "capacity": 12, "covered": "no", "access": " ", "fee": " ", "operator": " ", "CECLand": "Y", "SchoolCP": "", "InstalDate": 0, "Funder": "" }, "geometry": { "type": "Point", "coordinates": [ -3.186201817813646, 55.947895501267666 ] } },
{ "type": "Feature", "properties": { "OBJECTID": 131, "eastings": 323014, "northings": 673193, "bicycle_pa": "stands", "capacity": 2, "covered": "no", "access": " ", "fee": " ", "operator": " ", "CECLand": "Y", "SchoolCP": "", "InstalDate": 0, "Funder": "" }, "geometry": { "type": "Point", "coordinates": [ -3.234230898621364, 55.945582063970697 ] } },
{ "type": "Feature", "properties": { "OBJECTID": 132, "eastings": 322060, "northings": 672284, "bicycle_pa": " ", "capacity": 4, "covered": " ", "access": " ", "fee": " ", "operator": " ", "CECLand": "Y", "SchoolCP": "", "InstalDate": 0, "Funder": "" }, "geometry": { "type": "Point", "coordinates": [ -3.24923835775141, 55.937262910293306 ] } },
{ "type": "Feature", "properties": { "OBJECTID": 133, "eastings": 326938, "northings": 672494, "bicycle_pa": "stands", "capacity": 12, "covered": "no", "access": "yes", "fee": "no", "operator": "University of Edinburgh", "CECLand": " ", "SchoolCP": "", "InstalDate": 0, "Funder": "" }, "geometry": { "type": "Point", "coordinates": [ -3.171228961516802, 55.939915747970844 ] } },
{ "type": "Feature", "properties": { "OBJECTID": 134, "eastings": 327332, "northings": 671118, "bicycle_pa": "stands", "capacity": 10, "covered": "no", "access": " ", "fee": "no", "operator": " ", "CECLand": " ", "SchoolCP": "", "InstalDate": 0, "Funder": "" }, "geometry": { "type": "Point", "coordinates": [ -3.164551510844908, 55.927614971583921 ] } },
{ "type": "Feature", "properties": { "OBJECTID": 135, "eastings": 326829, "northings": 670746, "bicycle_pa": "rack", "capacity": 20, "covered": "no", "access": "yes", "fee": "no", "operator": "University of Edinburgh", "CECLand": " ", "SchoolCP": "", "InstalDate": 0, "Funder": "" }, "geometry": { "type": "Point", "coordinates": [ -3.172498375179835, 55.924196994962365 ] } },
{ "type": "Feature", "properties": { "OBJECTID": 136, "eastings": 326375, "northings": 671636, "bicycle_pa": " ", "capacity": 6, "covered": " ", "access": " ", "fee": " ", "operator": " ", "CECLand": " ", "SchoolCP": "", "InstalDate": 0, "Funder": "" }, "geometry": { "type": "Point", "coordinates": [ -3.180005016979036, 55.932122481117744 ] } },
{ "type": "Feature", "properties": { "OBJECTID": 137, "eastings": 327222, "northings": 671769, "bicycle_pa": "stands", "capacity": 2, "covered": "no", "access": " ", "fee": " ", "operator": " ", "CECLand": "Y", "SchoolCP": "", "InstalDate": 0, "Funder": "" }, "geometry": { "type": "Point", "coordinates": [ -3.166487466072623, 55.933446104681849 ] } },
{ "type": "Feature", "properties": { "OBJECTID": 138, "eastings": 312943, "northings": 677428, "bicycle_pa": " ", "capacity": 8, "covered": " ", "access": " ", "fee": " ", "operator": " ", "CECLand": " ", "SchoolCP": "", "InstalDate": 0, "Funder": "" }, "geometry": { "type": "Point", "coordinates": [ -3.396798133812395, 55.981899589480832 ] } },
{ "type": "Feature", "properties": { "OBJECTID": 139, "eastings": 312918, "northings": 677491, "bicycle_pa": " ", "capacity": 8, "covered": " ", "access": " ", "fee": " ", "operator": " ", "CECLand": " ", "SchoolCP": "", "InstalDate": 0, "Funder": "" }, "geometry": { "type": "Point", "coordinates": [ -3.397219073481886, 55.982460926778877 ] } },
{ "type": "Feature", "properties": { "OBJECTID": 140, "eastings": 325969, "northings": 673926, "bicycle_pa": "stands", "capacity": 36, "covered": "yes", "access": " ", "fee": " ", "operator": " ", "CECLand": " ", "SchoolCP": "", "InstalDate": 0, "Funder": "" }, "geometry": { "type": "Point", "coordinates": [ -3.187131377477951, 55.952630732637488 ] } },
{ "type": "Feature", "properties": { "OBJECTID": 141, "eastings": 325420, "northings": 673804, "bicycle_pa": "stands", "capacity": 16, "covered": "no", "access": " ", "fee": " ", "operator": "Royal Scottish Academy", "CECLand": "Y", "SchoolCP": "", "InstalDate": 0, "Funder": "" }, "geometry": { "type": "Point", "coordinates": [ -3.195887037372331, 55.951449979940485 ] } },
{ "type": "Feature", "properties": { "OBJECTID": 142, "eastings": 317452, "northings": 669482, "bicycle_pa": "stands", "capacity": 16, "covered": "yes", "access": " ", "fee": " ", "operator": " ", "CECLand": " ", "SchoolCP": "", "InstalDate": 0, "Funder": "" }, "geometry": { "type": "Point", "coordinates": [ -3.322122640177947, 55.91132376140466 ] } },
{ "type": "Feature", "properties": { "OBJECTID": 143, "eastings": 322602, "northings": 672340, "bicycle_pa": "stands", "capacity": 8, "covered": "no", "access": "customers", "fee": " ", "operator": "Sainsbury's", "CECLand": " ", "SchoolCP": "", "InstalDate": 0, "Funder": "" }, "geometry": { "type": "Point", "coordinates": [ -3.240580574679416, 55.937853761339781 ] } },
{ "type": "Feature", "properties": { "OBJECTID": 144, "eastings": 322748, "northings": 672263, "bicycle_pa": "stands", "capacity": 8, "covered": " ", "access": " ", "fee": " ", "operator": "Sainsbury's", "CECLand": " ", "SchoolCP": "", "InstalDate": 0, "Funder": "" }, "geometry": { "type": "Point", "coordinates": [ -3.238221944391532, 55.937185667925334 ] } },
{ "type": "Feature", "properties": { "OBJECTID": 145, "eastings": 322328, "northings": 676746, "bicycle_pa": "stands", "capacity": 160, "covered": "no", "access": " ", "fee": " ", "operator": " ", "CECLand": " ", "SchoolCP": "", "InstalDate": 0, "Funder": "" }, "geometry": { "type": "Point", "coordinates": [ -3.246237396435689, 55.977385210902263 ] } },
{ "type": "Feature", "properties": { "OBJECTID": 146, "eastings": 317639, "northings": 668282, "bicycle_pa": "stands", "capacity": 12, "covered": "no", "access": " ", "fee": " ", "operator": " ", "CECLand": " ", "SchoolCP": "", "InstalDate": 0, "Funder": "" }, "geometry": { "type": "Point", "coordinates": [ -3.318766144049239, 55.900577145638081 ] } },
{ "type": "Feature", "properties": { "OBJECTID": 147, "eastings": 326063, "northings": 673687, "bicycle_pa": "stands", "capacity": 6, "covered": "no", "access": " ", "fee": " ", "operator": "City of Edinburgh Council", "CECLand": "Y", "SchoolCP": "", "InstalDate": 0, "Funder": "" }, "geometry": { "type": "Point", "coordinates": [ -3.185560817213577, 55.950498391408452 ] } },
{ "type": "Feature", "properties": { "OBJECTID": 148, "eastings": 326298, "northings": 673420, "bicycle_pa": "stands", "capacity": 12, "covered": "no", "access": "yes", "fee": "no", "operator": "University of Edinburgh", "CECLand": " ", "SchoolCP": "", "InstalDate": 0, "Funder": "" }, "geometry": { "type": "Point", "coordinates": [ -3.181725574506233, 55.948136129333633 ] } },
{ "type": "Feature", "properties": { "OBJECTID": 149, "eastings": 324768, "northings": 673312, "bicycle_pa": "stands", "capacity": 10, "covered": "no", "access": " ", "fee": " ", "operator": " ", "CECLand": " ", "SchoolCP": "", "InstalDate": 0, "Funder": "" }, "geometry": { "type": "Point", "coordinates": [ -3.206187703937593, 55.946928976627497 ] } },
{ "type": "Feature", "properties": { "OBJECTID": 150, "eastings": 324735, "northings": 673301, "bicycle_pa": "stands", "capacity": 20, "covered": "no", "access": " ", "fee": " ", "operator": " ", "CECLand": " ", "SchoolCP": "", "InstalDate": 0, "Funder": "" }, "geometry": { "type": "Point", "coordinates": [ -3.206712875411526, 55.946825002434132 ] } },
{ "type": "Feature", "properties": { "OBJECTID": 151, "eastings": 324990, "northings": 673365, "bicycle_pa": "stands", "capacity": 4, "covered": "no", "access": " ", "fee": " ", "operator": " ", "CECLand": "Y", "SchoolCP": "", "InstalDate": 0, "Funder": "" }, "geometry": { "type": "Point", "coordinates": [ -3.202648812348877, 55.947439751247629 ] } },
{ "type": "Feature", "properties": { "OBJECTID": 152, "eastings": 324805, "northings": 673317, "bicycle_pa": "stands", "capacity": 12, "covered": "no", "access": " ", "fee": " ", "operator": " ", "CECLand": "Y", "SchoolCP": "", "InstalDate": 0, "Funder": "" }, "geometry": { "type": "Point", "coordinates": [ -3.205596824866188, 55.946979679885622 ] } },
{ "type": "Feature", "properties": { "OBJECTID": 153, "eastings": 324947, "northings": 673478, "bicycle_pa": "stands", "capacity": 4, "covered": " ", "access": " ", "fee": " ", "operator": " ", "CECLand": "Y", "SchoolCP": "", "InstalDate": 0, "Funder": "" }, "geometry": { "type": "Point", "coordinates": [ -3.203368631147733, 55.94844805597193 ] } },
{ "type": "Feature", "properties": { "OBJECTID": 154, "eastings": 324858, "northings": 673400, "bicycle_pa": "stands", "capacity": 4, "covered": " ", "access": " ", "fee": " ", "operator": " ", "CECLand": "Y", "SchoolCP": "", "InstalDate": 0, "Funder": "" }, "geometry": { "type": "Point", "coordinates": [ -3.204771585157005, 55.947733514096484 ] } },
{ "type": "Feature", "properties": { "OBJECTID": 155, "eastings": 325400, "northings": 673860, "bicycle_pa": "rack", "capacity": 10, "covered": " ", "access": " ", "fee": " ", "operator": " ", "CECLand": "Y", "SchoolCP": "", "InstalDate": 0, "Funder": "" }, "geometry": { "type": "Point", "coordinates": [ -3.196222735205247, 55.951949892406446 ] } },
{ "type": "Feature", "properties": { "OBJECTID": 156, "eastings": 325999, "northings": 673354, "bicycle_pa": "stands", "capacity": 32, "covered": "yes", "access": "yes", "fee": "no", "operator": "University of Edinburgh", "CECLand": " ", "SchoolCP": "", "InstalDate": 0, "Funder": "" }, "geometry": { "type": "Point", "coordinates": [ -3.186493877980197, 55.94749734200682 ] } },
{ "type": "Feature", "properties": { "OBJECTID": 157, "eastings": 325900, "northings": 673102, "bicycle_pa": "stands", "capacity": 28, "covered": "no", "access": "yes", "fee": "no", "operator": "University of Edinburgh", "CECLand": " ", "SchoolCP": "", "InstalDate": 0, "Funder": "" }, "geometry": { "type": "Point", "coordinates": [ -3.188009314081135, 55.94521847756593 ] } },
{ "type": "Feature", "properties": { "OBJECTID": 158, "eastings": 317937, "northings": 670147, "bicycle_pa": "stands", "capacity": 14, "covered": "no", "access": "yes", "fee": "no", "operator": " ", "CECLand": " ", "SchoolCP": "", "InstalDate": 0, "Funder": "" }, "geometry": { "type": "Point", "coordinates": [ -3.314568619275513, 55.917379948835652 ] } },
{ "type": "Feature", "properties": { "OBJECTID": 159, "eastings": 324991, "northings": 675327, "bicycle_pa": "stands", "capacity": 7, "covered": "no", "access": "yes", "fee": " ", "operator": " ", "CECLand": "Y", "SchoolCP": "", "InstalDate": 0, "Funder": "" }, "geometry": { "type": "Point", "coordinates": [ -3.203179222900891, 55.965063390991851 ] } },
{ "type": "Feature", "properties": { "OBJECTID": 160, "eastings": 326598, "northings": 676999, "bicycle_pa": "stands", "capacity": 40, "covered": "no", "access": " ", "fee": " ", "operator": " ", "CECLand": " ", "SchoolCP": "", "InstalDate": 0, "Funder": "" }, "geometry": { "type": "Point", "coordinates": [ -3.17789947883372, 55.980330712565227 ] } },
{ "type": "Feature", "properties": { "OBJECTID": 161, "eastings": 327017, "northings": 673721, "bicycle_pa": "stands", "capacity": 6, "covered": "no", "access": " ", "fee": " ", "operator": " ", "CECLand": " ", "SchoolCP": "", "InstalDate": 0, "Funder": "" }, "geometry": { "type": "Point", "coordinates": [ -3.170297243997275, 55.950949608490447 ] } },
{ "type": "Feature", "properties": { "OBJECTID": 162, "eastings": 327018, "northings": 672798, "bicycle_pa": "stands", "capacity": 8, "covered": "no", "access": " ", "fee": " ", "operator": " ", "CECLand": " ", "SchoolCP": "", "InstalDate": 0, "Funder": "" }, "geometry": { "type": "Point", "coordinates": [ -3.170031007590603, 55.942658704766643 ] } },
{ "type": "Feature", "properties": { "OBJECTID": 163, "eastings": 327716, "northings": 674011, "bicycle_pa": " ", "capacity": 6, "covered": " ", "access": " ", "fee": " ", "operator": " ", "CECLand": " ", "SchoolCP": "", "InstalDate": 0, "Funder": "" }, "geometry": { "type": "Point", "coordinates": [ -3.159184485902537, 55.953660248084226 ] } },
{ "type": "Feature", "properties": { "OBJECTID": 164, "eastings": 327060, "northings": 673735, "bicycle_pa": "stands", "capacity": 4, "covered": "no", "access": " ", "fee": " ", "operator": " ", "CECLand": " ", "SchoolCP": "", "InstalDate": 0, "Funder": "" }, "geometry": { "type": "Point", "coordinates": [ -3.169612631711287, 55.951081892171096 ] } },
{ "type": "Feature", "properties": { "OBJECTID": 165, "eastings": 325340, "northings": 673325, "bicycle_pa": "stands", "capacity": 6, "covered": "no", "access": " ", "fee": " ", "operator": "City of Edinburgh Council", "CECLand": "Y", "SchoolCP": "", "InstalDate": 0, "Funder": "" }, "geometry": { "type": "Point", "coordinates": [ -3.197035002637503, 55.947134943972273 ] } },
{ "type": "Feature", "properties": { "OBJECTID": 166, "eastings": 325364, "northings": 673349, "bicycle_pa": "stands", "capacity": 6, "covered": "no", "access": " ", "fee": " ", "operator": "City of Edinburgh Council", "CECLand": "Y", "SchoolCP": "", "InstalDate": 0, "Funder": "" }, "geometry": { "type": "Point", "coordinates": [ -3.19665746986361, 55.94735425154154 ] } },
{ "type": "Feature", "properties": { "OBJECTID": 167, "eastings": 325446, "northings": 673379, "bicycle_pa": "stands", "capacity": 6, "covered": "no", "access": " ", "fee": " ", "operator": "City of Edinburgh Council", "CECLand": "Y", "SchoolCP": "", "InstalDate": 0, "Funder": "" }, "geometry": { "type": "Point", "coordinates": [ -3.195353137723545, 55.947636452669443 ] } },
{ "type": "Feature", "properties": { "OBJECTID": 168, "eastings": 325324, "northings": 673318, "bicycle_pa": "stands", "capacity": 8, "covered": "no", "access": " ", "fee": " ", "operator": "City of Edinburgh Council", "CECLand": "Y", "SchoolCP": "", "InstalDate": 0, "Funder": "" }, "geometry": { "type": "Point", "coordinates": [ -3.197289184442819, 55.947069581008805 ] } },
{ "type": "Feature", "properties": { "OBJECTID": 169, "eastings": 325890, "northings": 673019, "bicycle_pa": "stands", "capacity": 6, "covered": "yes", "access": "yes", "fee": " ", "operator": "University of Edinburgh", "CECLand": "Y", "SchoolCP": "", "InstalDate": 0, "Funder": "" }, "geometry": { "type": "Point", "coordinates": [ -3.188146543203894, 55.944471380973837 ] } },
{ "type": "Feature", "properties": { "OBJECTID": 170, "eastings": 325752, "northings": 672980, "bicycle_pa": "stands", "capacity": 44, "covered": "no", "access": "yes", "fee": "no", "operator": "University of Edinburgh", "CECLand": "Y", "SchoolCP": "", "InstalDate": 0, "Funder": "" }, "geometry": { "type": "Point", "coordinates": [ -3.190344707580572, 55.944099769839617 ] } },
{ "type": "Feature", "properties": { "OBJECTID": 171, "eastings": 325828, "northings": 672858, "bicycle_pa": "stands", "capacity": 54, "covered": "no", "access": "yes", "fee": "no", "operator": "University of Edinburgh", "CECLand": "Y", "SchoolCP": "", "InstalDate": 0, "Funder": "" }, "geometry": { "type": "Point", "coordinates": [ -3.189094616783632, 55.943015623925533 ] } },
{ "type": "Feature", "properties": { "OBJECTID": 172, "eastings": 325959, "northings": 672906, "bicycle_pa": "stands", "capacity": 10, "covered": "yes", "access": "yes", "fee": "no", "operator": "University of Edinburgh", "CECLand": " ", "SchoolCP": "", "InstalDate": 0, "Funder": "" }, "geometry": { "type": "Point", "coordinates": [ -3.187011018380188, 55.943466977294833 ] } },
{ "type": "Feature", "properties": { "OBJECTID": 173, "eastings": 324038, "northings": 672682, "bicycle_pa": "wall_loops", "capacity": 14, "covered": "no", "access": " ", "fee": " ", "operator": " ", "CECLand": " ", "SchoolCP": "", "InstalDate": 0, "Funder": "" }, "geometry": { "type": "Point", "coordinates": [ -3.217695515335386, 55.941155254577644 ] } },
{ "type": "Feature", "properties": { "OBJECTID": 174, "eastings": 324058, "northings": 672695, "bicycle_pa": "wall_loops", "capacity": 20, "covered": "no", "access": " ", "fee": " ", "operator": " ", "CECLand": " ", "SchoolCP": "", "InstalDate": 0, "Funder": "" }, "geometry": { "type": "Point", "coordinates": [ -3.217379077984851, 55.94127518619414 ] } },
{ "type": "Feature", "properties": { "OBJECTID": 175, "eastings": 325894, "northings": 673999, "bicycle_pa": "stands", "capacity": 14, "covered": "no", "access": " ", "fee": " ", "operator": " ", "CECLand": "Y", "SchoolCP": "", "InstalDate": 0, "Funder": "" }, "geometry": { "type": "Point", "coordinates": [ -3.188352213356209, 55.953274892501213 ] } },
{ "type": "Feature", "properties": { "OBJECTID": 176, "eastings": 326799, "northings": 675262, "bicycle_pa": "stands", "capacity": 16, "covered": "no", "access": " ", "fee": " ", "operator": " ", "CECLand": "Y", "SchoolCP": "", "InstalDate": 0, "Funder": "" }, "geometry": { "type": "Point", "coordinates": [ -3.174206396962129, 55.964758558666418 ] } },
{ "type": "Feature", "properties": { "OBJECTID": 177, "eastings": 323082, "northings": 675086, "bicycle_pa": "stands", "capacity": 16, "covered": " ", "access": " ", "fee": " ", "operator": " ", "CECLand": " ", "SchoolCP": "", "InstalDate": 0, "Funder": "" }, "geometry": { "type": "Point", "coordinates": [ -3.233683316886852, 55.962596343162282 ] } },
{ "type": "Feature", "properties": { "OBJECTID": 178, "eastings": 325798, "northings": 675250, "bicycle_pa": " ", "capacity": 12, "covered": " ", "access": " ", "fee": " ", "operator": " ", "CECLand": "Y", "SchoolCP": "", "InstalDate": 0, "Funder": "" }, "geometry": { "type": "Point", "coordinates": [ -3.190233988990258, 55.964497128222305 ] } },
{ "type": "Feature", "properties": { "OBJECTID": 179, "eastings": 326714, "northings": 675387, "bicycle_pa": "stands", "capacity": 2, "covered": " ", "access": " ", "fee": " ", "operator": " ", "CECLand": "Y", "SchoolCP": "", "InstalDate": 0, "Funder": "" }, "geometry": { "type": "Point", "coordinates": [ -3.175601724749793, 55.965868408628211 ] } },
{ "type": "Feature", "properties": { "OBJECTID": 180, "eastings": 326952, "northings": 675828, "bicycle_pa": " ", "capacity": 6, "covered": " ", "access": " ", "fee": " ", "operator": " ", "CECLand": " ", "SchoolCP": "", "InstalDate": 0, "Funder": "" }, "geometry": { "type": "Point", "coordinates": [ -3.17190976910315, 55.96986602707814 ] } },
{ "type": "Feature", "properties": { "OBJECTID": 181, "eastings": 324891, "northings": 675506, "bicycle_pa": " ", "capacity": 8, "covered": " ", "access": " ", "fee": " ", "operator": " ", "CECLand": "Y", "SchoolCP": "", "InstalDate": 0, "Funder": "" }, "geometry": { "type": "Point", "coordinates": [ -3.204830681594734, 55.966655589337073 ] } },
{ "type": "Feature", "properties": { "OBJECTID": 182, "eastings": 312827, "northings": 678294, "bicycle_pa": "stands", "capacity": 32, "covered": "no", "access": " ", "fee": " ", "operator": " ", "CECLand": " ", "SchoolCP": "", "InstalDate": 0, "Funder": "" }, "geometry": { "type": "Point", "coordinates": [ -3.398937564888397, 55.989657027323084 ] } },
{ "type": "Feature", "properties": { "OBJECTID": 183, "eastings": 313425, "northings": 678288, "bicycle_pa": "stands", "capacity": 6, "covered": "no", "access": " ", "fee": " ", "operator": " ", "CECLand": "Y", "SchoolCP": "", "InstalDate": 0, "Funder": "" }, "geometry": { "type": "Point", "coordinates": [ -3.389353178052813, 55.989711406986473 ] } },
{ "type": "Feature", "properties": { "OBJECTID": 184, "eastings": 313630, "northings": 678360, "bicycle_pa": "stands", "capacity": 4, "covered": "no", "access": " ", "fee": " ", "operator": " ", "CECLand": "Y", "SchoolCP": "", "InstalDate": 0, "Funder": "" }, "geometry": { "type": "Point", "coordinates": [ -3.386091367502154, 55.9903950660673 ] } },
{ "type": "Feature", "properties": { "OBJECTID": 185, "eastings": 321071, "northings": 671674, "bicycle_pa": "stands", "capacity": 8, "covered": "no", "access": " ", "fee": " ", "operator": " ", "CECLand": "Y", "SchoolCP": "", "InstalDate": 0, "Funder": "" }, "geometry": { "type": "Point", "coordinates": [ -3.26488697934833, 55.931621670246415 ] } },
{ "type": "Feature", "properties": { "OBJECTID": 186, "eastings": 324077, "northings": 673213, "bicycle_pa": "stands", "capacity": 12, "covered": "no", "access": " ", "fee": " ", "operator": " ", "CECLand": "Y", "SchoolCP": "", "InstalDate": 0, "Funder": "" }, "geometry": { "type": "Point", "coordinates": [ -3.217220905735395, 55.945931050968859 ] } },
{ "type": "Feature", "properties": { "OBJECTID": 187, "eastings": 328938, "northings": 670922, "bicycle_pa": "stands", "capacity": 2, "covered": "no", "access": " ", "fee": "no", "operator": " ", "CECLand": " ", "SchoolCP": "", "InstalDate": 0, "Funder": "" }, "geometry": { "type": "Point", "coordinates": [ -3.138803779497348, 55.92609473713452 ] } },
{ "type": "Feature", "properties": { "OBJECTID": 188, "eastings": 324800, "northings": 674046, "bicycle_pa": "stands", "capacity": 6, "covered": "no", "access": " ", "fee": " ", "operator": " ", "CECLand": "Y", "SchoolCP": "", "InstalDate": 0, "Funder": "" }, "geometry": { "type": "Point", "coordinates": [ -3.205880385366937, 55.953527077466561 ] } },
{ "type": "Feature", "properties": { "OBJECTID": 189, "eastings": 324888, "northings": 673297, "bicycle_pa": "stands", "capacity": 6, "covered": "no", "access": " ", "fee": " ", "operator": " ", "CECLand": "Y", "SchoolCP": "", "InstalDate": 0, "Funder": "" }, "geometry": { "type": "Point", "coordinates": [ -3.204262628686796, 55.946813011012154 ] } },
{ "type": "Feature", "properties": { "OBJECTID": 190, "eastings": 328255, "northings": 672682, "bicycle_pa": "stands", "capacity": 8, "covered": "no", "access": " ", "fee": " ", "operator": " ", "CECLand": " ", "SchoolCP": "", "InstalDate": 0, "Funder": "" }, "geometry": { "type": "Point", "coordinates": [ -3.150200425120757, 55.941802931117415 ] } },
{ "type": "Feature", "properties": { "OBJECTID": 191, "eastings": 326367, "northings": 672137, "bicycle_pa": "stands", "capacity": 16, "covered": "no", "access": " ", "fee": " ", "operator": " ", "CECLand": "Y", "SchoolCP": "", "InstalDate": 0, "Funder": "" }, "geometry": { "type": "Point", "coordinates": [ -3.180270079003106, 55.936621752731831 ] } },
{ "type": "Feature", "properties": { "OBJECTID": 192, "eastings": 325542, "northings": 670956, "bicycle_pa": "stands", "capacity": 8, "covered": "no", "access": " ", "fee": " ", "operator": " ", "CECLand": "Y", "SchoolCP": "", "InstalDate": 0, "Funder": "" }, "geometry": { "type": "Point", "coordinates": [ -3.193146350381399, 55.92588585814638 ] } },
{ "type": "Feature", "properties": { "OBJECTID": 193, "eastings": 317331, "northings": 669464, "bicycle_pa": "stands", "capacity": 10, "covered": "no", "access": " ", "fee": " ", "operator": " ", "CECLand": " ", "SchoolCP": "", "InstalDate": 0, "Funder": "" }, "geometry": { "type": "Point", "coordinates": [ -3.324052181120316, 55.911141290867839 ] } },
{ "type": "Feature", "properties": { "OBJECTID": 194, "eastings": 319176, "northings": 671659, "bicycle_pa": "stands", "capacity": 40, "covered": "yes", "access": "private", "fee": " ", "operator": "NHS National Services Scotland", "CECLand": "Y", "SchoolCP": "", "InstalDate": 0, "Funder": "" }, "geometry": { "type": "Point", "coordinates": [ -3.295204246335964, 55.931171261112887 ] } },
{ "type": "Feature", "properties": { "OBJECTID": 195, "eastings": 323626, "northings": 668271, "bicycle_pa": " ", "capacity": 8, "covered": " ", "access": " ", "fee": " ", "operator": " ", "CECLand": " ", "SchoolCP": "", "InstalDate": 0, "Funder": "" }, "geometry": { "type": "Point", "coordinates": [ -3.223039789266855, 55.901466414821698 ] } },
{ "type": "Feature", "properties": { "OBJECTID": 196, "eastings": 323082, "northings": 675190, "bicycle_pa": "stands", "capacity": 16, "covered": " ", "access": " ", "fee": " ", "operator": "NHS", "CECLand": " ", "SchoolCP": "", "InstalDate": 0, "Funder": "" }, "geometry": { "type": "Point", "coordinates": [ -3.233713049784456, 55.96353049335022 ] } },
{ "type": "Feature", "properties": { "OBJECTID": 197, "eastings": 322924, "northings": 675058, "bicycle_pa": "stands", "capacity": 20, "covered": " ", "access": " ", "fee": " ", "operator": "NHS", "CECLand": " ", "SchoolCP": "", "InstalDate": 0, "Funder": "" }, "geometry": { "type": "Point", "coordinates": [ -3.236205525890618, 55.962319462635534 ] } },
{ "type": "Feature", "properties": { "OBJECTID": 198, "eastings": 326905, "northings": 672512, "bicycle_pa": "rack", "capacity": 4, "covered": "no", "access": "yes", "fee": "no", "operator": "University of Edinburgh", "CECLand": " ", "SchoolCP": "", "InstalDate": 0, "Funder": "" }, "geometry": { "type": "Point", "coordinates": [ -3.171762014561991, 55.940072430022191 ] } },
{ "type": "Feature", "properties": { "OBJECTID": 199, "eastings": 321506, "northings": 677142, "bicycle_pa": "stands", "capacity": 2, "covered": "no", "access": "yes", "fee": "no", "operator": " ", "CECLand": "Y", "SchoolCP": " ", "InstalDate": 0, "Funder": "" }, "geometry": { "type": "Point", "coordinates": [ -3.259521482060864, 55.98080824068375 ] } },
{ "type": "Feature", "properties": { "OBJECTID": 200, "eastings": 326519, "northings": 673787, "bicycle_pa": "stands", "capacity": 6, "covered": "no", "access": " ", "fee": " ", "operator": " ", "CECLand": "Y", "SchoolCP": "", "InstalDate": 0, "Funder": "" }, "geometry": { "type": "Point", "coordinates": [ -3.178287923936248, 55.951466575765728 ] } },
{ "type": "Feature", "properties": { "OBJECTID": 201, "eastings": 326533, "northings": 673753, "bicycle_pa": "stands", "capacity": 4, "covered": " ", "access": " ", "fee": " ", "operator": " ", "CECLand": "Y", "SchoolCP": "", "InstalDate": 0, "Funder": "" }, "geometry": { "type": "Point", "coordinates": [ -3.178054512954839, 55.951163310149184 ] } },
{ "type": "Feature", "properties": { "OBJECTID": 202, "eastings": 326552, "northings": 673724, "bicycle_pa": "stands", "capacity": 4, "covered": " ", "access": " ", "fee": " ", "operator": " ", "CECLand": " ", "SchoolCP": "", "InstalDate": 0, "Funder": "" }, "geometry": { "type": "Point", "coordinates": [ -3.177742422813519, 55.950905720779168 ] } },
{ "type": "Feature", "properties": { "OBJECTID": 203, "eastings": 325625, "northings": 673479, "bicycle_pa": "stands", "capacity": 10, "covered": "no", "access": " ", "fee": " ", "operator": "City of Edinburgh Council", "CECLand": "Y", "SchoolCP": " ", "InstalDate": 0, "Funder": "" }, "geometry": { "type": "Point", "coordinates": [ -3.192515343322866, 55.948562438274116 ] } },
{ "type": "Feature", "properties": { "OBJECTID": 204, "eastings": 324333, "northings": 672851, "bicycle_pa": "stands", "capacity": 4, "covered": "no", "access": " ", "fee": " ", "operator": "City of Edinburgh Council", "CECLand": "Y", "SchoolCP": " ", "InstalDate": 0, "Funder": "" }, "geometry": { "type": "Point", "coordinates": [ -3.213021467515936, 55.942719799459155 ] } },
{ "type": "Feature", "properties": { "OBJECTID": 205, "eastings": 324293, "northings": 672898, "bicycle_pa": "stands", "capacity": 4, "covered": " ", "access": " ", "fee": " ", "operator": "City of Edinburgh Council", "CECLand": "Y", "SchoolCP": " ", "InstalDate": 0, "Funder": "" }, "geometry": { "type": "Point", "coordinates": [ -3.213674899232653, 55.943135674295334 ] } },
{ "type": "Feature", "properties": { "OBJECTID": 206, "eastings": 326307, "northings": 673401, "bicycle_pa": "stands", "capacity": 28, "covered": "no", "access": "yes", "fee": "no", "operator": "University of Edinburgh", "CECLand": " ", "SchoolCP": "", "InstalDate": 0, "Funder": "" }, "geometry": { "type": "Point", "coordinates": [ -3.181576299965928, 55.947966838826702 ] } },
{ "type": "Feature", "properties": { "OBJECTID": 207, "eastings": 326298, "northings": 673406, "bicycle_pa": "vertical_stand", "capacity": 33, "covered": "no", "access": "yes", "fee": "no", "operator": "University of Edinburgh", "CECLand": " ", "SchoolCP": "", "InstalDate": 0, "Funder": "" }, "geometry": { "type": "Point", "coordinates": [ -3.181721741943201, 55.94801037235252 ] } },
{ "type": "Feature", "properties": { "OBJECTID": 208, "eastings": 317571, "northings": 669213, "bicycle_pa": " ", "capacity": 7, "covered": "yes", "access": " ", "fee": " ", "operator": " ", "CECLand": " ", "SchoolCP": "", "InstalDate": 0, "Funder": "" }, "geometry": { "type": "Point", "coordinates": [ -3.320137427918758, 55.908927980450407 ] } },
{ "type": "Feature", "properties": { "OBJECTID": 209, "eastings": 317551, "northings": 669270, "bicycle_pa": "wall_loops", "capacity": 7, "covered": "no", "access": " ", "fee": " ", "operator": " ", "CECLand": " ", "SchoolCP": "", "InstalDate": 0, "Funder": "" }, "geometry": { "type": "Point", "coordinates": [ -3.320474660501812, 55.909436533995176 ] } },
{ "type": "Feature", "properties": { "OBJECTID": 210, "eastings": 317548, "northings": 669253, "bicycle_pa": "wall_loops", "capacity": 3, "covered": "no", "access": " ", "fee": " ", "operator": " ", "CECLand": " ", "SchoolCP": "", "InstalDate": 0, "Funder": "" }, "geometry": { "type": "Point", "coordinates": [ -3.320517442535761, 55.909283322885265 ] } },
{ "type": "Feature", "properties": { "OBJECTID": 211, "eastings": 317662, "northings": 669171, "bicycle_pa": " ", "capacity": 20, "covered": "yes", "access": " ", "fee": " ", "operator": " ", "CECLand": " ", "SchoolCP": "", "InstalDate": 0, "Funder": "" }, "geometry": { "type": "Point", "coordinates": [ -3.318669417413248, 55.908566322438602 ] } },
{ "type": "Feature", "properties": { "OBJECTID": 212, "eastings": 317297, "northings": 669531, "bicycle_pa": "stands", "capacity": 8, "covered": "yes", "access": " ", "fee": " ", "operator": " ", "CECLand": " ", "SchoolCP": "", "InstalDate": 0, "Funder": "" }, "geometry": { "type": "Point", "coordinates": [ -3.324616441244315, 55.911737246038342 ] } },
{ "type": "Feature", "properties": { "OBJECTID": 213, "eastings": 317323, "northings": 669495, "bicycle_pa": "stands", "capacity": 8, "covered": "yes", "access": " ", "fee": "no", "operator": " ", "CECLand": " ", "SchoolCP": "", "InstalDate": 0, "Funder": "" }, "geometry": { "type": "Point", "coordinates": [ -3.324189613213604, 55.911418361350641 ] } },
{ "type": "Feature", "properties": { "OBJECTID": 214, "eastings": 320300, "northings": 675866, "bicycle_pa": " ", "capacity": 6, "covered": " ", "access": " ", "fee": " ", "operator": " ", "CECLand": "Y", "SchoolCP": " ", "InstalDate": 2425, "Funder": "SEStran" }, "geometry": { "type": "Point", "coordinates": [ -3.27846451793751, 55.969147697033321 ] } },
{ "type": "Feature", "properties": { "OBJECTID": 215, "eastings": 317754, "northings": 670033, "bicycle_pa": "anchors", "capacity": 6, "covered": "no", "access": "private", "fee": "no", "operator": " ", "CECLand": " ", "SchoolCP": "", "InstalDate": 0, "Funder": "" }, "geometry": { "type": "Point", "coordinates": [ -3.317460904934817, 55.91632469528809 ] } },
{ "type": "Feature", "properties": { "OBJECTID": 216, "eastings": 324675, "northings": 672964, "bicycle_pa": " ", "capacity": 12, "covered": "no", "access": " ", "fee": " ", "operator": " ", "CECLand": " ", "SchoolCP": "", "InstalDate": 0, "Funder": "" }, "geometry": { "type": "Point", "coordinates": [ -3.207579093771195, 55.943788521064484 ] } },
{ "type": "Feature", "properties": { "OBJECTID": 217, "eastings": 324786, "northings": 672963, "bicycle_pa": "stands", "capacity": 8, "covered": "yes", "access": " ", "fee": " ", "operator": " ", "CECLand": " ", "SchoolCP": "", "InstalDate": 0, "Funder": "" }, "geometry": { "type": "Point", "coordinates": [ -3.205802128501781, 55.943796919100237 ] } },
{ "type": "Feature", "properties": { "OBJECTID": 218, "eastings": 324775, "northings": 672975, "bicycle_pa": "stands", "capacity": 10, "covered": "no", "access": " ", "fee": " ", "operator": " ", "CECLand": "Y", "SchoolCP": "", "InstalDate": 0, "Funder": "" }, "geometry": { "type": "Point", "coordinates": [ -3.20598154713002, 55.943902987271535 ] } },
{ "type": "Feature", "properties": { "OBJECTID": 219, "eastings": 317277, "northings": 669794, "bicycle_pa": "stands", "capacity": 6, "covered": "no", "access": " ", "fee": " ", "operator": " ", "CECLand": " ", "SchoolCP": "", "InstalDate": 0, "Funder": "" }, "geometry": { "type": "Point", "coordinates": [ -3.325016898227312, 55.914096105260327 ] } },
{ "type": "Feature", "properties": { "OBJECTID": 220, "eastings": 317272, "northings": 669776, "bicycle_pa": "stands", "capacity": 20, "covered": "no", "access": " ", "fee": " ", "operator": " ", "CECLand": " ", "SchoolCP": "", "InstalDate": 0, "Funder": "" }, "geometry": { "type": "Point", "coordinates": [ -3.325091347062582, 55.913933566452236 ] } },
{ "type": "Feature", "properties": { "OBJECTID": 221, "eastings": 325777, "northings": 673648, "bicycle_pa": "stands", "capacity": 8, "covered": "no", "access": " ", "fee": " ", "operator": " ", "CECLand": " ", "SchoolCP": "", "InstalDate": 0, "Funder": "" }, "geometry": { "type": "Point", "coordinates": [ -3.190128669109228, 55.950103987939016 ] } },
{ "type": "Feature", "properties": { "OBJECTID": 222, "eastings": 325756, "northings": 673659, "bicycle_pa": "stands", "capacity": 12, "covered": "yes", "access": " ", "fee": " ", "operator": " ", "CECLand": " ", "SchoolCP": "", "InstalDate": 0, "Funder": "" }, "geometry": { "type": "Point", "coordinates": [ -3.190467888736117, 55.950199551273599 ] } },
{ "type": "Feature", "properties": { "OBJECTID": 223, "eastings": 325776, "northings": 673662, "bicycle_pa": "stands", "capacity": 12, "covered": "yes", "access": " ", "fee": " ", "operator": " ", "CECLand": " ", "SchoolCP": "", "InstalDate": 0, "Funder": "" }, "geometry": { "type": "Point", "coordinates": [ -3.190148536167379, 55.95022958806905 ] } },
{ "type": "Feature", "properties": { "OBJECTID": 224, "eastings": 322506, "northings": 676790, "bicycle_pa": "stands", "capacity": 16, "covered": "no", "access": "yes", "fee": " ", "operator": " ", "CECLand": " ", "SchoolCP": "", "InstalDate": 0, "Funder": "" }, "geometry": { "type": "Point", "coordinates": [ -3.243398481010737, 55.977809253855796 ] } },
{ "type": "Feature", "properties": { "OBJECTID": 225, "eastings": 318237, "northings": 672003, "bicycle_pa": " ", "capacity": 4, "covered": " ", "access": " ", "fee": " ", "operator": " ", "CECLand": " ", "SchoolCP": "", "InstalDate": 0, "Funder": "" }, "geometry": { "type": "Point", "coordinates": [ -3.310333012210777, 55.934102050931699 ] } },
{ "type": "Feature", "properties": { "OBJECTID": 226, "eastings": 318230, "northings": 671978, "bicycle_pa": " ", "capacity": 4, "covered": " ", "access": " ", "fee": " ", "operator": " ", "CECLand": " ", "SchoolCP": "", "InstalDate": 0, "Funder": "" }, "geometry": { "type": "Point", "coordinates": [ -3.310437441575496, 55.933876304060675 ] } },
{ "type": "Feature", "properties": { "OBJECTID": 227, "eastings": 326596, "northings": 673678, "bicycle_pa": "stands", "capacity": 12, "covered": " ", "access": " ", "fee": " ", "operator": " ", "CECLand": "Y", "SchoolCP": "", "InstalDate": 0, "Funder": "" }, "geometry": { "type": "Point", "coordinates": [ -3.177025471272009, 55.950499246223963 ] } },
{ "type": "Feature", "properties": { "OBJECTID": 228, "eastings": 324405, "northings": 675259, "bicycle_pa": "stands", "capacity": 6, "covered": "no", "access": " ", "fee": " ", "operator": " ", "CECLand": "Y", "SchoolCP": "", "InstalDate": 0, "Funder": "" }, "geometry": { "type": "Point", "coordinates": [ -3.212544992019569, 55.964360620411085 ] } },
{ "type": "Feature", "properties": { "OBJECTID": 229, "eastings": 326670, "northings": 673729, "bicycle_pa": "stands", "capacity": 20, "covered": "no", "access": " ", "fee": " ", "operator": " ", "CECLand": "Y", "SchoolCP": "", "InstalDate": 0, "Funder": "" }, "geometry": { "type": "Point", "coordinates": [ -3.175854679811626, 55.950968651464706 ] } },
{ "type": "Feature", "properties": { "OBJECTID": 230, "eastings": 325299, "northings": 672005, "bicycle_pa": "wall_loops", "capacity": 14, "covered": "no", "access": " ", "fee": " ", "operator": " ", "CECLand": " ", "SchoolCP": "", "InstalDate": 0, "Funder": "" }, "geometry": { "type": "Point", "coordinates": [ -3.197325176468818, 55.935271456974021 ] } },
{ "type": "Feature", "properties": { "OBJECTID": 231, "eastings": 325483, "northings": 672078, "bicycle_pa": "stands", "capacity": 6, "covered": "no", "access": " ", "fee": " ", "operator": "City of Edinburgh Council", "CECLand": "Y", "SchoolCP": "", "InstalDate": 0, "Funder": "" }, "geometry": { "type": "Point", "coordinates": [ -3.194400835768803, 55.935955715416398 ] } },
{ "type": "Feature", "properties": { "OBJECTID": 232, "eastings": 316332, "northings": 666495, "bicycle_pa": "stands", "capacity": 10, "covered": "no", "access": " ", "fee": " ", "operator": " ", "CECLand": " ", "SchoolCP": "", "InstalDate": 0, "Funder": "" }, "geometry": { "type": "Point", "coordinates": [ -3.339109029012396, 55.884300256442913 ] } },
{ "type": "Feature", "properties": { "OBJECTID": 233, "eastings": 324702, "northings": 672982, "bicycle_pa": "stands", "capacity": 8, "covered": "no", "access": " ", "fee": " ", "operator": " ", "CECLand": "Y", "SchoolCP": "", "InstalDate": 0, "Funder": "" }, "geometry": { "type": "Point", "coordinates": [ -3.207151957636684, 55.943954435046912 ] } },
{ "type": "Feature", "properties": { "OBJECTID": 234, "eastings": 321925, "northings": 671692, "bicycle_pa": "stands", "capacity": 16, "covered": "yes", "access": "destination", "fee": " ", "operator": " ", "CECLand": " ", "SchoolCP": "", "InstalDate": 0, "Funder": "" }, "geometry": { "type": "Point", "coordinates": [ -3.251227176397624, 55.931923206640839 ] } },
{ "type": "Feature", "properties": { "OBJECTID": 235, "eastings": 317928, "northings": 670147, "bicycle_pa": "stands", "capacity": 14, "covered": "yes", "access": "yes", "fee": "no", "operator": " ", "CECLand": " ", "SchoolCP": "", "InstalDate": 0, "Funder": "" }, "geometry": { "type": "Point", "coordinates": [ -3.31471257200929, 55.91737841169617 ] } },
{ "type": "Feature", "properties": { "OBJECTID": 236, "eastings": 325650, "northings": 673444, "bicycle_pa": "stands", "capacity": 12, "covered": "no", "access": " ", "fee": " ", "operator": "City of Edinburgh Council", "CECLand": "Y", "SchoolCP": "", "InstalDate": 0, "Funder": "" }, "geometry": { "type": "Point", "coordinates": [ -3.192105471763522, 55.948251916717723 ] } },
{ "type": "Feature", "properties": { "OBJECTID": 237, "eastings": 317762, "northings": 669575, "bicycle_pa": "stands", "capacity": 30, "covered": "yes", "access": " ", "fee": " ", "operator": " ", "CECLand": " ", "SchoolCP": "", "InstalDate": 0, "Funder": "" }, "geometry": { "type": "Point", "coordinates": [ -3.317193384136172, 55.912212234361725 ] } },
{ "type": "Feature", "properties": { "OBJECTID": 238, "eastings": 329072, "northings": 670561, "bicycle_pa": " ", "capacity": 10, "covered": "yes", "access": "yes", "fee": "no", "operator": " ", "CECLand": " ", "SchoolCP": "", "InstalDate": 0, "Funder": "" }, "geometry": { "type": "Point", "coordinates": [ -3.136564797703014, 55.922871729471119 ] } },
{ "type": "Feature", "properties": { "OBJECTID": 239, "eastings": 328425, "northings": 674173, "bicycle_pa": "stands", "capacity": 2, "covered": "no", "access": " ", "fee": " ", "operator": " ", "CECLand": "Y", "SchoolCP": "", "InstalDate": 0, "Funder": "" }, "geometry": { "type": "Point", "coordinates": [ -3.147876025634902, 55.955221700780655 ] } },
{ "type": "Feature", "properties": { "OBJECTID": 240, "eastings": 328635, "northings": 674143, "bicycle_pa": "stands", "capacity": 8, "covered": "no", "access": " ", "fee": " ", "operator": " ", "CECLand": "Y", "SchoolCP": "", "InstalDate": 0, "Funder": "" }, "geometry": { "type": "Point", "coordinates": [ -3.144505695060327, 55.954983520376487 ] } },
{ "type": "Feature", "properties": { "OBJECTID": 241, "eastings": 331239, "northings": 671923, "bicycle_pa": "stands", "capacity": 8, "covered": "no", "access": " ", "fee": " ", "operator": " ", "CECLand": " ", "SchoolCP": "", "InstalDate": 0, "Funder": "" }, "geometry": { "type": "Point", "coordinates": [ -3.10224493814135, 55.935421892178269 ] } },
{ "type": "Feature", "properties": { "OBJECTID": 242, "eastings": 317964, "northings": 669722, "bicycle_pa": "wall_loops", "capacity": 4, "covered": "no", "access": " ", "fee": " ", "operator": " ", "CECLand": " ", "SchoolCP": "", "InstalDate": 0, "Funder": "" }, "geometry": { "type": "Point", "coordinates": [ -3.314007548918896, 55.913567134246811 ] } },
{ "type": "Feature", "properties": { "OBJECTID": 243, "eastings": 317729, "northings": 670081, "bicycle_pa": "wall_loops", "capacity": 2, "covered": "no", "access": " ", "fee": " ", "operator": " ", "CECLand": " ", "SchoolCP": "", "InstalDate": 0, "Funder": "" }, "geometry": { "type": "Point", "coordinates": [ -3.317875397841663, 55.916751559142554 ] } },
{ "type": "Feature", "properties": { "OBJECTID": 244, "eastings": 326696, "northings": 670481, "bicycle_pa": "stands", "capacity": 36, "covered": "no", "access": "yes", "fee": "no", "operator": "University of Edinburgh", "CECLand": " ", "SchoolCP": "", "InstalDate": 0, "Funder": "" }, "geometry": { "type": "Point", "coordinates": [ -3.174554053916404, 55.921796280214608 ] } },
{ "type": "Feature", "properties": { "OBJECTID": 245, "eastings": 326731, "northings": 670505, "bicycle_pa": "shed", "capacity": 44, "covered": "yes", "access": "private", "fee": "no", "operator": "University of Edinburgh", "CECLand": " ", "SchoolCP": "", "InstalDate": 0, "Funder": "" }, "geometry": { "type": "Point", "coordinates": [ -3.174000670669841, 55.922017207209265 ] } },
{ "type": "Feature", "properties": { "OBJECTID": 246, "eastings": 326699, "northings": 670531, "bicycle_pa": "shed", "capacity": 48, "covered": "yes", "access": "private", "fee": " ", "operator": "University of Edinburgh", "CECLand": " ", "SchoolCP": "", "InstalDate": 0, "Funder": "" }, "geometry": { "type": "Point", "coordinates": [ -3.174519666469546, 55.922245876568887 ] } },
{ "type": "Feature", "properties": { "OBJECTID": 247, "eastings": 331339, "northings": 672726, "bicycle_pa": "stands", "capacity": 10, "covered": "no", "access": " ", "fee": " ", "operator": " ", "CECLand": " ", "SchoolCP": "", "InstalDate": 0, "Funder": "" }, "geometry": { "type": "Point", "coordinates": [ -3.10084953414275, 55.942649561194337 ] } },
{ "type": "Feature", "properties": { "OBJECTID": 248, "eastings": 331877, "northings": 671735, "bicycle_pa": "stands", "capacity": 46, "covered": "no", "access": " ", "fee": " ", "operator": " ", "CECLand": " ", "SchoolCP": "", "InstalDate": 0, "Funder": "" }, "geometry": { "type": "Point", "coordinates": [ -3.091987419692227, 55.933824120756995 ] } },
{ "type": "Feature", "properties": { "OBJECTID": 249, "eastings": 331875, "northings": 671741, "bicycle_pa": "lockers", "capacity": 10, "covered": " ", "access": " ", "fee": " ", "operator": " ", "CECLand": " ", "SchoolCP": "", "InstalDate": 0, "Funder": "" }, "geometry": { "type": "Point", "coordinates": [ -3.092020941883568, 55.933877734775386 ] } },
{ "type": "Feature", "properties": { "OBJECTID": 250, "eastings": 321051, "northings": 670260, "bicycle_pa": "stands", "capacity": 10, "covered": "no", "access": " ", "fee": " ", "operator": " ", "CECLand": " ", "SchoolCP": "", "InstalDate": 0, "Funder": "" }, "geometry": { "type": "Point", "coordinates": [ -3.26479252174289, 55.918916756920211 ] } },
{ "type": "Feature", "properties": { "OBJECTID": 251, "eastings": 318638, "northings": 670590, "bicycle_pa": " ", "capacity": 12, "covered": "yes", "access": " ", "fee": " ", "operator": "National Trust Scotland", "CECLand": " ", "SchoolCP": "", "InstalDate": 0, "Funder": "" }, "geometry": { "type": "Point", "coordinates": [ -3.303489903705344, 55.921478286261866 ] } },
{ "type": "Feature", "properties": { "OBJECTID": 252, "eastings": 329962, "northings": 671833, "bicycle_pa": "stands", "capacity": 8, "covered": " ", "access": " ", "fee": " ", "operator": " ", "CECLand": " ", "SchoolCP": "", "InstalDate": 0, "Funder": "" }, "geometry": { "type": "Point", "coordinates": [ -3.122657369555979, 55.93442867833884 ] } },
{ "type": "Feature", "properties": { "OBJECTID": 253, "eastings": 326344, "northings": 673665, "bicycle_pa": "stands", "capacity": 26, "covered": "no", "access": "yes", "fee": "no", "operator": "University of Edinburgh", "CECLand": " ", "SchoolCP": "", "InstalDate": 0, "Funder": "" }, "geometry": { "type": "Point", "coordinates": [ -3.181056226387218, 55.950343921641348 ] } },
{ "type": "Feature", "properties": { "OBJECTID": 254, "eastings": 326152, "northings": 673808, "bicycle_pa": "stands", "capacity": 10, "covered": "no", "access": " ", "fee": " ", "operator": " ", "CECLand": " ", "SchoolCP": "", "InstalDate": 0, "Funder": "" }, "geometry": { "type": "Point", "coordinates": [ -3.184169188597424, 55.951598956939421 ] } },
{ "type": "Feature", "properties": { "OBJECTID": 255, "eastings": 322822, "northings": 670759, "bicycle_pa": "stands", "capacity": 4, "covered": " ", "access": " ", "fee": " ", "operator": " ", "CECLand": "Y", "SchoolCP": "", "InstalDate": 0, "Funder": "" }, "geometry": { "type": "Point", "coordinates": [ -3.236605848380232, 55.923686937470563 ] } },
{ "type": "Feature", "properties": { "OBJECTID": 256, "eastings": 322630, "northings": 677409, "bicycle_pa": "stands", "capacity": 4, "covered": "no", "access": " ", "fee": " ", "operator": " ", "CECLand": "Y", "SchoolCP": " ", "InstalDate": 0, "Funder": "" }, "geometry": { "type": "Point", "coordinates": [ -3.241590166890393, 55.983389348936093 ] } },
{ "type": "Feature", "properties": { "OBJECTID": 257, "eastings": 326391, "northings": 671931, "bicycle_pa": "stands", "capacity": 16, "covered": "no", "access": " ", "fee": " ", "operator": " ", "CECLand": " ", "SchoolCP": "", "InstalDate": 0, "Funder": "" }, "geometry": { "type": "Point", "coordinates": [ -3.179829658263873, 55.934774921643651 ] } },
{ "type": "Feature", "properties": { "OBJECTID": 258, "eastings": 317319, "northings": 669589, "bicycle_pa": " ", "capacity": 20, "covered": "yes", "access": "private", "fee": " ", "operator": " ", "CECLand": " ", "SchoolCP": "", "InstalDate": 0, "Funder": "" }, "geometry": { "type": "Point", "coordinates": [ -3.324282376638072, 55.912261994125096 ] } },
{ "type": "Feature", "properties": { "OBJECTID": 259, "eastings": 327292, "northings": 675567, "bicycle_pa": " ", "capacity": 0, "covered": "no", "access": " ", "fee": " ", "operator": " ", "CECLand": " ", "SchoolCP": "Y", "InstalDate": 0, "Funder": "" }, "geometry": { "type": "Point", "coordinates": [ -3.166393372426352, 55.967573192020737 ] } },
{ "type": "Feature", "properties": { "OBJECTID": 260, "eastings": 320348, "northings": 670921, "bicycle_pa": "stands", "capacity": 6, "covered": "no", "access": " ", "fee": " ", "operator": " ", "CECLand": "Y", "SchoolCP": "", "InstalDate": 0, "Funder": "" }, "geometry": { "type": "Point", "coordinates": [ -3.276232944942057, 55.924738062187764 ] } },
{ "type": "Feature", "properties": { "OBJECTID": 261, "eastings": 322580, "northings": 677414, "bicycle_pa": "stands", "capacity": 4, "covered": " ", "access": " ", "fee": " ", "operator": " ", "CECLand": "Y", "SchoolCP": " ", "InstalDate": 0, "Funder": "" }, "geometry": { "type": "Point", "coordinates": [ -3.242392747272111, 55.983426184322859 ] } },
{ "type": "Feature", "properties": { "OBJECTID": 262, "eastings": 322341, "northings": 677445, "bicycle_pa": "stands", "capacity": 4, "covered": " ", "access": " ", "fee": " ", "operator": " ", "CECLand": "Y", "SchoolCP": " ", "InstalDate": 0, "Funder": "" }, "geometry": { "type": "Point", "coordinates": [ -3.246231153824019, 55.983665960957815 ] } },
{ "type": "Feature", "properties": { "OBJECTID": 263, "eastings": 322078, "northings": 677451, "bicycle_pa": "stands", "capacity": 4, "covered": "no", "access": " ", "fee": " ", "operator": " ", "CECLand": "Y", "SchoolCP": " ", "InstalDate": 0, "Funder": "" }, "geometry": { "type": "Point", "coordinates": [ -3.250446907349203, 55.983677152607882 ] } },
{ "type": "Feature", "properties": { "OBJECTID": 264, "eastings": 322164, "northings": 677456, "bicycle_pa": "stands", "capacity": 4, "covered": " ", "access": " ", "fee": " ", "operator": " ", "CECLand": "Y", "SchoolCP": " ", "InstalDate": 0, "Funder": "" }, "geometry": { "type": "Point", "coordinates": [ -3.249070388754749, 55.983736044781573 ] } },
{ "type": "Feature", "properties": { "OBJECTID": 265, "eastings": 322356, "northings": 671084, "bicycle_pa": "stands", "capacity": 10, "covered": "no", "access": " ", "fee": " ", "operator": " ", "CECLand": " ", "SchoolCP": "", "InstalDate": 0, "Funder": "" }, "geometry": { "type": "Point", "coordinates": [ -3.244154790740551, 55.926531291701124 ] } },
{ "type": "Feature", "properties": { "OBJECTID": 266, "eastings": 324501, "northings": 672087, "bicycle_pa": "stands", "capacity": 6, "covered": "no", "access": " ", "fee": " ", "operator": "City of Edinburgh Council", "CECLand": "Y", "SchoolCP": "", "InstalDate": 0, "Funder": "" }, "geometry": { "type": "Point", "coordinates": [ -3.210118409081742, 55.935883528045068 ] } },
{ "type": "Feature", "properties": { "OBJECTID": 267, "eastings": 326181, "northings": 673579, "bicycle_pa": "stands", "capacity": 4, "covered": "no", "access": " ", "fee": " ", "operator": " ", "CECLand": " ", "SchoolCP": "", "InstalDate": 0, "Funder": "" }, "geometry": { "type": "Point", "coordinates": [ -3.183642129792273, 55.949546414966399 ] } },
{ "type": "Feature", "properties": { "OBJECTID": 268, "eastings": 312747, "northings": 670864, "bicycle_pa": " ", "capacity": 10, "covered": " ", "access": " ", "fee": " ", "operator": " ", "CECLand": " ", "SchoolCP": "", "InstalDate": 0, "Funder": "" }, "geometry": { "type": "Point", "coordinates": [ -3.397810908406577, 55.92290603725877 ] } },
{ "type": "Feature", "properties": { "OBJECTID": 269, "eastings": 323283, "northings": 669171, "bicycle_pa": "stands", "capacity": 6, "covered": "no", "access": " ", "fee": " ", "operator": " ", "CECLand": "Y", "SchoolCP": "", "InstalDate": 0, "Funder": "" }, "geometry": { "type": "Point", "coordinates": [ -3.228779572242438, 55.909496256913826 ] } },
{ "type": "Feature", "properties": { "OBJECTID": 270, "eastings": 324487, "northings": 669050, "bicycle_pa": "stands", "capacity": 4, "covered": " ", "access": " ", "fee": " ", "operator": " ", "CECLand": "Y", "SchoolCP": "", "InstalDate": 0, "Funder": "" }, "geometry": { "type": "Point", "coordinates": [ -3.209491133657407, 55.908599913133898 ] } },
{ "type": "Feature", "properties": { "OBJECTID": 271, "eastings": 326324, "northings": 673668, "bicycle_pa": "shed", "capacity": 10, "covered": " ", "access": " ", "fee": " ", "operator": " ", "CECLand": " ", "SchoolCP": "", "InstalDate": 0, "Funder": "" }, "geometry": { "type": "Point", "coordinates": [ -3.181377229228486, 55.950367803862392 ] } },
{ "type": "Feature", "properties": { "OBJECTID": 272, "eastings": 326392, "northings": 673671, "bicycle_pa": "stands", "capacity": 0, "covered": " ", "access": " ", "fee": " ", "operator": " ", "CECLand": " ", "SchoolCP": "", "InstalDate": 0, "Funder": "" }, "geometry": { "type": "Point", "coordinates": [ -3.180289429363944, 55.950405170081545 ] } },
{ "type": "Feature", "properties": { "OBJECTID": 273, "eastings": 326338, "northings": 673712, "bicycle_pa": "stands", "capacity": 20, "covered": "no", "access": "yes", "fee": "no", "operator": "University of Edinburgh", "CECLand": "Y", "SchoolCP": "", "InstalDate": 0, "Funder": "" }, "geometry": { "type": "Point", "coordinates": [ -3.181165138045101, 55.950765180130368 ] } },
{ "type": "Feature", "properties": { "OBJECTID": 274, "eastings": 322117, "northings": 674009, "bicycle_pa": " ", "capacity": 6, "covered": " ", "access": " ", "fee": " ", "operator": " ", "CECLand": " ", "SchoolCP": "", "InstalDate": 0, "Funder": "" }, "geometry": { "type": "Point", "coordinates": [ -3.248825031132783, 55.952766646262113 ] } },
{ "type": "Feature", "properties": { "OBJECTID": 275, "eastings": 326778, "northings": 677092, "bicycle_pa": "building", "capacity": 20, "covered": "yes", "access": "private", "fee": " ", "operator": " ", "CECLand": " ", "SchoolCP": "", "InstalDate": 0, "Funder": "" }, "geometry": { "type": "Point", "coordinates": [ -3.175040931854434, 55.981193643152125 ] } },
{ "type": "Feature", "properties": { "OBJECTID": 276, "eastings": 326759, "northings": 677097, "bicycle_pa": "building", "capacity": 4, "covered": "yes", "access": "private", "fee": " ", "operator": " ", "CECLand": " ", "SchoolCP": "", "InstalDate": 0, "Funder": "" }, "geometry": { "type": "Point", "coordinates": [ -3.175346710920071, 55.981235653486571 ] } },
{ "type": "Feature", "properties": { "OBJECTID": 277, "eastings": 326355, "northings": 674905, "bicycle_pa": "stands", "capacity": 6, "covered": "no", "access": " ", "fee": " ", "operator": " ", "CECLand": "Y", "SchoolCP": "", "InstalDate": 0, "Funder": "" }, "geometry": { "type": "Point", "coordinates": [ -3.181219359044162, 55.961483912095105 ] } },
{ "type": "Feature", "properties": { "OBJECTID": 278, "eastings": 318732, "northings": 673807, "bicycle_pa": " ", "capacity": 2, "covered": " ", "access": " ", "fee": " ", "operator": " ", "CECLand": " ", "SchoolCP": "", "InstalDate": 0, "Funder": "" }, "geometry": { "type": "Point", "coordinates": [ -3.302956148172113, 55.950389990921543 ] } },
{ "type": "Feature", "properties": { "OBJECTID": 279, "eastings": 324844, "northings": 672481, "bicycle_pa": "bollard", "capacity": 2, "covered": "no", "access": " ", "fee": " ", "operator": "City of Edinburgh Council", "CECLand": "Y", "SchoolCP": "", "InstalDate": 0, "Funder": "" }, "geometry": { "type": "Point", "coordinates": [ -3.204739288921873, 55.939476393834418 ] } },
{ "type": "Feature", "properties": { "OBJECTID": 280, "eastings": 324847, "northings": 672492, "bicycle_pa": "bollard", "capacity": 2, "covered": "no", "access": " ", "fee": " ", "operator": "City of Edinburgh Council", "CECLand": "Y", "SchoolCP": "", "InstalDate": 0, "Funder": "" }, "geometry": { "type": "Point", "coordinates": [ -3.204694344846818, 55.939575672034842 ] } },
{ "type": "Feature", "properties": { "OBJECTID": 281, "eastings": 324944, "northings": 672281, "bicycle_pa": "stands", "capacity": 10, "covered": "no", "access": " ", "fee": " ", "operator": " ", "CECLand": "Y", "SchoolCP": "", "InstalDate": 0, "Funder": "" }, "geometry": { "type": "Point", "coordinates": [ -3.203083104762444, 55.93769547016457 ] } },
{ "type": "Feature", "properties": { "OBJECTID": 282, "eastings": 324518, "northings": 671523, "bicycle_pa": "stands", "capacity": 6, "covered": "no", "access": " ", "fee": " ", "operator": " ", "CECLand": "Y", "SchoolCP": "", "InstalDate": 0, "Funder": "" }, "geometry": { "type": "Point", "coordinates": [ -3.20968827886977, 55.930819867818343 ] } },
{ "type": "Feature", "properties": { "OBJECTID": 283, "eastings": 330951, "northings": 671721, "bicycle_pa": "stands", "capacity": 6, "covered": "yes", "access": " ", "fee": " ", "operator": " ", "CECLand": " ", "SchoolCP": "", "InstalDate": 0, "Funder": "" }, "geometry": { "type": "Point", "coordinates": [ -3.106801962890267, 55.933565953903631 ] } },
{ "type": "Feature", "properties": { "OBJECTID": 284, "eastings": 318150, "northings": 672388, "bicycle_pa": "stands", "capacity": 32, "covered": "yes", "access": " ", "fee": " ", "operator": " ", "CECLand": " ", "SchoolCP": "", "InstalDate": 0, "Funder": "" }, "geometry": { "type": "Point", "coordinates": [ -3.311842031556731, 55.937545350199649 ] } },
{ "type": "Feature", "properties": { "OBJECTID": 285, "eastings": 315758, "northings": 676341, "bicycle_pa": "wall_loops", "capacity": 10, "covered": "no", "access": " ", "fee": " ", "operator": " ", "CECLand": " ", "SchoolCP": "", "InstalDate": 0, "Funder": "" }, "geometry": { "type": "Point", "coordinates": [ -3.351357809195215, 55.972638205040099 ] } },
{ "type": "Feature", "properties": { "OBJECTID": 286, "eastings": 324656, "northings": 672865, "bicycle_pa": "stands", "capacity": 8, "covered": "no", "access": " ", "fee": " ", "operator": " ", "CECLand": " ", "SchoolCP": "", "InstalDate": 0, "Funder": "" }, "geometry": { "type": "Point", "coordinates": [ -3.207855527509631, 55.942896282324533 ] } },
{ "type": "Feature", "properties": { "OBJECTID": 287, "eastings": 314879, "northings": 673566, "bicycle_pa": "stands", "capacity": 20, "covered": "yes", "access": "yes", "fee": "no", "operator": " ", "CECLand": " ", "SchoolCP": "", "InstalDate": 0, "Funder": "" }, "geometry": { "type": "Point", "coordinates": [ -3.364559241846025, 55.947557711060277 ] } },
{ "type": "Feature", "properties": { "OBJECTID": 288, "eastings": 323799, "northings": 673232, "bicycle_pa": " ", "capacity": 2, "covered": " ", "access": " ", "fee": " ", "operator": " ", "CECLand": "Y", "SchoolCP": "", "InstalDate": 0, "Funder": "" }, "geometry": { "type": "Point", "coordinates": [ -3.221676297977288, 55.946057664577545 ] } },
{ "type": "Feature", "properties": { "OBJECTID": 289, "eastings": 322621, "northings": 674736, "bicycle_pa": "stands", "capacity": 9, "covered": "no", "access": " ", "fee": " ", "operator": " ", "CECLand": " ", "SchoolCP": "", "InstalDate": 0, "Funder": "" }, "geometry": { "type": "Point", "coordinates": [ -3.240965116573589, 55.959378361616544 ] } },
{ "type": "Feature", "properties": { "OBJECTID": 290, "eastings": 325248, "northings": 674327, "bicycle_pa": "stands", "capacity": 4, "covered": "no", "access": " ", "fee": " ", "operator": " ", "CECLand": "Y", "SchoolCP": "", "InstalDate": 0, "Funder": "" }, "geometry": { "type": "Point", "coordinates": [ -3.198785805185187, 55.956121066349688 ] } },
{ "type": "Feature", "properties": { "OBJECTID": 291, "eastings": 324636, "northings": 673253, "bicycle_pa": "stands", "capacity": 19, "covered": "yes", "access": "yes", "fee": " ", "operator": " ", "CECLand": " ", "SchoolCP": "", "InstalDate": 0, "Funder": "" }, "geometry": { "type": "Point", "coordinates": [ -3.208284177082076, 55.946378330485132 ] } },
{ "type": "Feature", "properties": { "OBJECTID": 292, "eastings": 322963, "northings": 670698, "bicycle_pa": " ", "capacity": 0, "covered": " ", "access": " ", "fee": " ", "operator": " ", "CECLand": " ", "SchoolCP": "", "InstalDate": 0, "Funder": "" }, "geometry": { "type": "Point", "coordinates": [ -3.234332705897057, 55.923161650421036 ] } },
{ "type": "Feature", "properties": { "OBJECTID": 293, "eastings": 316852, "northings": 672445, "bicycle_pa": "stands", "capacity": 6, "covered": "no", "access": " ", "fee": " ", "operator": " ", "CECLand": " ", "SchoolCP": "", "InstalDate": 0, "Funder": "" }, "geometry": { "type": "Point", "coordinates": [ -3.332631439920522, 55.937834359231317 ] } },
{ "type": "Feature", "properties": { "OBJECTID": 294, "eastings": 324704, "northings": 673048, "bicycle_pa": "stands", "capacity": 0, "covered": "no", "access": " ", "fee": " ", "operator": " ", "CECLand": " ", "SchoolCP": "", "InstalDate": 0, "Funder": "" }, "geometry": { "type": "Point", "coordinates": [ -3.207138390565957, 55.944547589419258 ] } },
{ "type": "Feature", "properties": { "OBJECTID": 295, "eastings": 325994, "northings": 673900, "bicycle_pa": "stands", "capacity": 34, "covered": "yes", "access": " ", "fee": " ", "operator": " ", "CECLand": " ", "SchoolCP": "", "InstalDate": 0, "Funder": "" }, "geometry": { "type": "Point", "coordinates": [ -3.186723982802862, 55.9524010391142 ] } },
{ "type": "Feature", "properties": { "OBJECTID": 296, "eastings": 325761, "northings": 673890, "bicycle_pa": "stands", "capacity": 20, "covered": "yes", "access": " ", "fee": " ", "operator": " ", "CECLand": " ", "SchoolCP": "", "InstalDate": 0, "Funder": "" }, "geometry": { "type": "Point", "coordinates": [ -3.190451519636274, 55.952275273600627 ] } },
{ "type": "Feature", "properties": { "OBJECTID": 297, "eastings": 325823, "northings": 672784, "bicycle_pa": "stands", "capacity": 26, "covered": "no", "access": "yes", "fee": "no", "operator": "University of Edinburgh", "CECLand": " ", "SchoolCP": "", "InstalDate": 0, "Funder": "" }, "geometry": { "type": "Point", "coordinates": [ -3.189154267942847, 55.942350141098878 ] } },
{ "type": "Feature", "properties": { "OBJECTID": 298, "eastings": 325680, "northings": 672480, "bicycle_pa": "stands", "capacity": 4, "covered": "no", "access": " ", "fee": " ", "operator": "City of Edinburgh Council", "CECLand": "Y", "SchoolCP": "", "InstalDate": 0, "Funder": "" }, "geometry": { "type": "Point", "coordinates": [ -3.191359173793688, 55.939597290087434 ] } },
{ "type": "Feature", "properties": { "OBJECTID": 299, "eastings": 325508, "northings": 671971, "bicycle_pa": "stands", "capacity": 2, "covered": "no", "access": " ", "fee": " ", "operator": "City of Edinburgh Council", "CECLand": "Y", "SchoolCP": "", "InstalDate": 0, "Funder": "" }, "geometry": { "type": "Point", "coordinates": [ -3.19397115648701, 55.934998418922881 ] } },
{ "type": "Feature", "properties": { "OBJECTID": 300, "eastings": 327401, "northings": 674559, "bicycle_pa": "stands", "capacity": 6, "covered": "no", "access": " ", "fee": " ", "operator": " ", "CECLand": " ", "SchoolCP": "", "InstalDate": 0, "Funder": "" }, "geometry": { "type": "Point", "coordinates": [ -3.164375636440328, 55.95853521537633 ] } },
{ "type": "Feature", "properties": { "OBJECTID": 301, "eastings": 324988, "northings": 673845, "bicycle_pa": "stands", "capacity": 4, "covered": "no", "access": " ", "fee": " ", "operator": " ", "CECLand": "Y", "SchoolCP": "", "InstalDate": 0, "Funder": "" }, "geometry": { "type": "Point", "coordinates": [ -3.202814503974183, 55.951751013731233 ] } },
{ "type": "Feature", "properties": { "OBJECTID": 302, "eastings": 325661, "northings": 672478, "bicycle_pa": "stands", "capacity": 4, "covered": "no", "access": " ", "fee": " ", "operator": " ", "CECLand": "Y", "SchoolCP": "", "InstalDate": 0, "Funder": "" }, "geometry": { "type": "Point", "coordinates": [ -3.191662710137464, 55.939576388843868 ] } },
{ "type": "Feature", "properties": { "OBJECTID": 303, "eastings": 326237, "northings": 673152, "bicycle_pa": "stands", "capacity": 4, "covered": " ", "access": " ", "fee": " ", "operator": " ", "CECLand": " ", "SchoolCP": "", "InstalDate": 0, "Funder": "" }, "geometry": { "type": "Point", "coordinates": [ -3.182628654269385, 55.945719427367145 ] } },
{ "type": "Feature", "properties": { "OBJECTID": 304, "eastings": 322920, "northings": 675078, "bicycle_pa": "stands", "capacity": 20, "covered": " ", "access": " ", "fee": " ", "operator": "NHS", "CECLand": " ", "SchoolCP": "", "InstalDate": 0, "Funder": "" }, "geometry": { "type": "Point", "coordinates": [ -3.236275311143187, 55.962498463418058 ] } },
{ "type": "Feature", "properties": { "OBJECTID": 305, "eastings": 323057, "northings": 675112, "bicycle_pa": " ", "capacity": 10, "covered": " ", "access": " ", "fee": " ", "operator": " ", "CECLand": " ", "SchoolCP": "", "InstalDate": 0, "Funder": "" }, "geometry": { "type": "Point", "coordinates": [ -3.234091109596504, 55.962825870280817 ] } },
{ "type": "Feature", "properties": { "OBJECTID": 306, "eastings": 324917, "northings": 672698, "bicycle_pa": "stands", "capacity": 4, "covered": "yes", "access": " ", "fee": " ", "operator": " ", "CECLand": "Y", "SchoolCP": "", "InstalDate": 0, "Funder": "" }, "geometry": { "type": "Point", "coordinates": [ -3.203631461421591, 55.941437038758828 ] } },
{ "type": "Feature", "properties": { "OBJECTID": 307, "eastings": 326643, "northings": 671347, "bicycle_pa": "stands", "capacity": 4, "covered": "no", "access": " ", "fee": " ", "operator": " ", "CECLand": "Y", "SchoolCP": "", "InstalDate": 0, "Funder": "" }, "geometry": { "type": "Point", "coordinates": [ -3.175637802396972, 55.929567351723556 ] } },
{ "type": "Feature", "properties": { "OBJECTID": 308, "eastings": 326807, "northings": 670747, "bicycle_pa": "stands", "capacity": 26, "covered": "no", "access": "yes", "fee": "no", "operator": "University of Edinburgh", "CECLand": " ", "SchoolCP": "", "InstalDate": 0, "Funder": "" }, "geometry": { "type": "Point", "coordinates": [ -3.17285061269746, 55.924202625501515 ] } },
{ "type": "Feature", "properties": { "OBJECTID": 309, "eastings": 326833, "northings": 670721, "bicycle_pa": "stands", "capacity": 16, "covered": "no", "access": "yes", "fee": "no", "operator": "University of Edinburgh", "CECLand": " ", "SchoolCP": "", "InstalDate": 0, "Funder": "" }, "geometry": { "type": "Point", "coordinates": [ -3.172427590456031, 55.923973035103401 ] } },
{ "type": "Feature", "properties": { "OBJECTID": 310, "eastings": 326682, "northings": 670733, "bicycle_pa": "stands", "capacity": 26, "covered": "no", "access": "yes", "fee": "no", "operator": "University of Edinburgh", "CECLand": " ", "SchoolCP": "", "InstalDate": 0, "Funder": "" }, "geometry": { "type": "Point", "coordinates": [ -3.174846606566594, 55.924057800908749 ] } },
{ "type": "Feature", "properties": { "OBJECTID": 311, "eastings": 326764, "northings": 670745, "bicycle_pa": "shed", "capacity": 102, "covered": "no", "access": "yes", "fee": "no", "operator": " ", "CECLand": " ", "SchoolCP": "", "InstalDate": 0, "Funder": "" }, "geometry": { "type": "Point", "coordinates": [ -3.173538001971211, 55.924178104973365 ] } },
{ "type": "Feature", "properties": { "OBJECTID": 312, "eastings": 326893, "northings": 670618, "bicycle_pa": "stands", "capacity": 10, "covered": "no", "access": "yes", "fee": "no", "operator": "University of Edinburgh", "CECLand": " ", "SchoolCP": "", "InstalDate": 0, "Funder": "" }, "geometry": { "type": "Point", "coordinates": [ -3.171439734110075, 55.923056946386993 ] } },
{ "type": "Feature", "properties": { "OBJECTID": 313, "eastings": 326879, "northings": 670641, "bicycle_pa": "stands", "capacity": 12, "covered": "no", "access": "yes", "fee": "no", "operator": "University of Edinburgh", "CECLand": " ", "SchoolCP": "", "InstalDate": 0, "Funder": "" }, "geometry": { "type": "Point", "coordinates": [ -3.171669949238633, 55.923261418928433 ] } },
{ "type": "Feature", "properties": { "OBJECTID": 314, "eastings": 323635, "northings": 673886, "bicycle_pa": " ", "capacity": 0, "covered": " ", "access": " ", "fee": " ", "operator": " ", "CECLand": " ", "SchoolCP": "Y", "InstalDate": 0, "Funder": "" }, "geometry": { "type": "Point", "coordinates": [ -3.22448692978938, 55.951906014897396 ] } },
{ "type": "Feature", "properties": { "OBJECTID": 315, "eastings": 317817, "northings": 672521, "bicycle_pa": "stands", "capacity": 28, "covered": "yes", "access": "yes", "fee": " ", "operator": " ", "CECLand": " ", "SchoolCP": "", "InstalDate": 0, "Funder": "" }, "geometry": { "type": "Point", "coordinates": [ -3.317211567941353, 55.938683052259492 ] } },
{ "type": "Feature", "properties": { "OBJECTID": 316, "eastings": 317853, "northings": 672531, "bicycle_pa": " ", "capacity": 0, "covered": " ", "access": " ", "fee": " ", "operator": " ", "CECLand": " ", "SchoolCP": "", "InstalDate": 0, "Funder": "" }, "geometry": { "type": "Point", "coordinates": [ -3.316638492082011, 55.938779038685212 ] } },
{ "type": "Feature", "properties": { "OBJECTID": 317, "eastings": 327202, "northings": 671034, "bicycle_pa": "stands", "capacity": 10, "covered": "no", "access": " ", "fee": " ", "operator": " ", "CECLand": " ", "SchoolCP": "", "InstalDate": 0, "Funder": "" }, "geometry": { "type": "Point", "coordinates": [ -3.166608788940955, 55.926840723035816 ] } },
{ "type": "Feature", "properties": { "OBJECTID": 318, "eastings": 320709, "northings": 672761, "bicycle_pa": "stands", "capacity": 8, "covered": "no", "access": " ", "fee": " ", "operator": " ", "CECLand": " ", "SchoolCP": "", "InstalDate": 0, "Funder": "" }, "geometry": { "type": "Point", "coordinates": [ -3.270999203688343, 55.941325859846181 ] } },
{ "type": "Feature", "properties": { "OBJECTID": 319, "eastings": 320721, "northings": 672762, "bicycle_pa": "stands", "capacity": 8, "covered": "no", "access": " ", "fee": " ", "operator": " ", "CECLand": " ", "SchoolCP": "", "InstalDate": 0, "Funder": "" }, "geometry": { "type": "Point", "coordinates": [ -3.270807437619546, 55.941336828156373 ] } },
{ "type": "Feature", "properties": { "OBJECTID": 320, "eastings": 326065, "northings": 673004, "bicycle_pa": " ", "capacity": 3, "covered": " ", "access": " ", "fee": " ", "operator": " ", "CECLand": " ", "SchoolCP": "", "InstalDate": 0, "Funder": "" }, "geometry": { "type": "Point", "coordinates": [ -3.185341259425295, 55.944363583848947 ] } },
{ "type": "Feature", "properties": { "OBJECTID": 321, "eastings": 326074, "northings": 672625, "bicycle_pa": "stands", "capacity": 8, "covered": "no", "access": " ", "fee": " ", "operator": "City of Edinburgh Council", "CECLand": "Y", "SchoolCP": "", "InstalDate": 0, "Funder": "" }, "geometry": { "type": "Point", "coordinates": [ -3.185093154651492, 55.94096052824748 ] } },
{ "type": "Feature", "properties": { "OBJECTID": 322, "eastings": 326056, "northings": 672643, "bicycle_pa": "stands", "capacity": 8, "covered": "no", "access": " ", "fee": " ", "operator": " ", "CECLand": "Y", "SchoolCP": "", "InstalDate": 0, "Funder": "" }, "geometry": { "type": "Point", "coordinates": [ -3.18538619491573, 55.941119455062186 ] } },
{ "type": "Feature", "properties": { "OBJECTID": 323, "eastings": 325621, "northings": 674174, "bicycle_pa": "stands", "capacity": 16, "covered": "no", "access": " ", "fee": " ", "operator": " ", "CECLand": "Y", "SchoolCP": "", "InstalDate": 0, "Funder": "" }, "geometry": { "type": "Point", "coordinates": [ -3.192771327235528, 55.954804641135972 ] } },
{ "type": "Feature", "properties": { "OBJECTID": 324, "eastings": 325901, "northings": 671115, "bicycle_pa": "stands", "capacity": 2, "covered": "no", "access": " ", "fee": " ", "operator": " ", "CECLand": "Y", "SchoolCP": "", "InstalDate": 0, "Funder": "" }, "geometry": { "type": "Point", "coordinates": [ -3.187446416231629, 55.927369532175142 ] } },
{ "type": "Feature", "properties": { "OBJECTID": 325, "eastings": 325649, "northings": 672982, "bicycle_pa": "stands", "capacity": 10, "covered": "no", "access": " ", "fee": " ", "operator": " ", "CECLand": " ", "SchoolCP": "", "InstalDate": 0, "Funder": "" }, "geometry": { "type": "Point", "coordinates": [ -3.191993926698645, 55.944101818859679 ] } },
{ "type": "Feature", "properties": { "OBJECTID": 326, "eastings": 324534, "northings": 671051, "bicycle_pa": "stands", "capacity": 2, "covered": "no", "access": " ", "fee": " ", "operator": " ", "CECLand": "Y", "SchoolCP": "", "InstalDate": 0, "Funder": "" }, "geometry": { "type": "Point", "coordinates": [ -3.209299942786078, 55.926582350603169 ] } },
{ "type": "Feature", "properties": { "OBJECTID": 327, "eastings": 326472, "northings": 673729, "bicycle_pa": "stands", "capacity": 4, "covered": "no", "access": " ", "fee": " ", "operator": " ", "CECLand": " ", "SchoolCP": "", "InstalDate": 0, "Funder": "" }, "geometry": { "type": "Point", "coordinates": [ -3.179024535865849, 55.950938401339499 ] } },
{ "type": "Feature", "properties": { "OBJECTID": 328, "eastings": 326458, "northings": 675098, "bicycle_pa": "stands", "capacity": 6, "covered": "no", "access": " ", "fee": " ", "operator": " ", "CECLand": "Y", "SchoolCP": "", "InstalDate": 0, "Funder": "" }, "geometry": { "type": "Point", "coordinates": [ -3.179622694735397, 55.963233318958721 ] } },
{ "type": "Feature", "properties": { "OBJECTID": 329, "eastings": 325140, "northings": 671132, "bicycle_pa": "stands", "capacity": 8, "covered": "yes", "access": " ", "fee": " ", "operator": " ", "CECLand": " ", "SchoolCP": "", "InstalDate": 0, "Funder": "" }, "geometry": { "type": "Point", "coordinates": [ -3.199626911027605, 55.927404582677497 ] } },
{ "type": "Feature", "properties": { "OBJECTID": 330, "eastings": 321139, "northings": 671530, "bicycle_pa": "stands", "capacity": 4, "covered": "no", "access": " ", "fee": " ", "operator": " ", "CECLand": "Y", "SchoolCP": "", "InstalDate": 0, "Funder": "" }, "geometry": { "type": "Point", "coordinates": [ -3.263756667337589, 55.930339301143711 ] } },
{ "type": "Feature", "properties": { "OBJECTID": 331, "eastings": 321133, "northings": 671532, "bicycle_pa": "stands", "capacity": 4, "covered": "no", "access": " ", "fee": " ", "operator": " ", "CECLand": "Y", "SchoolCP": "", "InstalDate": 0, "Funder": "" }, "geometry": { "type": "Point", "coordinates": [ -3.26385325795195, 55.930356280545787 ] } },
{ "type": "Feature", "properties": { "OBJECTID": 332, "eastings": 321151, "northings": 671550, "bicycle_pa": "stands", "capacity": 10, "covered": "no", "access": " ", "fee": " ", "operator": " ", "CECLand": " ", "SchoolCP": "Y", "InstalDate": 0, "Funder": "" }, "geometry": { "type": "Point", "coordinates": [ -3.263570524085338, 55.930520935381196 ] } },
{ "type": "Feature", "properties": { "OBJECTID": 333, "eastings": 321130, "northings": 671583, "bicycle_pa": "stands", "capacity": 16, "covered": "no", "access": " ", "fee": " ", "operator": " ", "CECLand": " ", "SchoolCP": "Y", "InstalDate": 0, "Funder": "" }, "geometry": { "type": "Point", "coordinates": [ -3.263916218963843, 55.930813922555068 ] } },
{ "type": "Feature", "properties": { "OBJECTID": 334, "eastings": 330252, "northings": 674489, "bicycle_pa": "stands", "capacity": 6, "covered": "no", "access": " ", "fee": " ", "operator": " ", "CECLand": "Y", "SchoolCP": "", "InstalDate": 0, "Funder": "" }, "geometry": { "type": "Point", "coordinates": [ -3.118704884546956, 55.95832953142385 ] } },
{ "type": "Feature", "properties": { "OBJECTID": 335, "eastings": 319792, "northings": 669736, "bicycle_pa": "stands", "capacity": 32, "covered": "yes", "access": "destination", "fee": " ", "operator": " ", "CECLand": " ", "SchoolCP": "", "InstalDate": 0, "Funder": "" }, "geometry": { "type": "Point", "coordinates": [ -3.284775698929555, 55.914001423057002 ] } },
{ "type": "Feature", "properties": { "OBJECTID": 336, "eastings": 330462, "northings": 673919, "bicycle_pa": "stands", "capacity": 6, "covered": "no", "access": " ", "fee": " ", "operator": "CEC", "CECLand": "Y", "SchoolCP": "", "InstalDate": 0, "Funder": "" }, "geometry": { "type": "Point", "coordinates": [ -3.115195075896952, 55.953239810745195 ] } },
{ "type": "Feature", "properties": { "OBJECTID": 337, "eastings": 330443, "northings": 673933, "bicycle_pa": "stands", "capacity": 4, "covered": "no", "access": " ", "fee": " ", "operator": "CEC", "CECLand": "Y", "SchoolCP": "", "InstalDate": 0, "Funder": "" }, "geometry": { "type": "Point", "coordinates": [ -3.115502894911252, 55.95336281519954 ] } },
{ "type": "Feature", "properties": { "OBJECTID": 338, "eastings": 330437, "northings": 673969, "bicycle_pa": "stands", "capacity": 4, "covered": "no", "access": " ", "fee": " ", "operator": "CEC", "CECLand": "Y", "SchoolCP": "", "InstalDate": 0, "Funder": "" }, "geometry": { "type": "Point", "coordinates": [ -3.11560825164302, 55.953685327360404 ] } },
{ "type": "Feature", "properties": { "OBJECTID": 339, "eastings": 330625, "northings": 673822, "bicycle_pa": "stands", "capacity": 4, "covered": "no", "access": " ", "fee": " ", "operator": "CEC", "CECLand": "Y", "SchoolCP": "", "InstalDate": 0, "Funder": "" }, "geometry": { "type": "Point", "coordinates": [ -3.11256034171147, 55.952392081666886 ] } },
{ "type": "Feature", "properties": { "OBJECTID": 340, "eastings": 330983, "northings": 673913, "bicycle_pa": "stands", "capacity": 10, "covered": "no", "access": " ", "fee": " ", "operator": " ", "CECLand": " ", "SchoolCP": "", "InstalDate": 0, "Funder": "" }, "geometry": { "type": "Point", "coordinates": [ -3.106851867542347, 55.953261176614816 ] } },
{ "type": "Feature", "properties": { "OBJECTID": 341, "eastings": 330367, "northings": 674329, "bicycle_pa": "stands", "capacity": 10, "covered": "no", "access": " ", "fee": " ", "operator": " ", "CECLand": " ", "SchoolCP": "", "InstalDate": 0, "Funder": "" }, "geometry": { "type": "Point", "coordinates": [ -3.116822044588684, 55.956908991355228 ] } },
{ "type": "Feature", "properties": { "OBJECTID": 342, "eastings": 328801, "northings": 674097, "bicycle_pa": "ground_slots", "capacity": 20, "covered": " ", "access": " ", "fee": " ", "operator": " ", "CECLand": " ", "SchoolCP": "", "InstalDate": 0, "Funder": "" }, "geometry": { "type": "Point", "coordinates": [ -3.141835662441431, 55.954594990602821 ] } },
{ "type": "Feature", "properties": { "OBJECTID": 343, "eastings": 326473, "northings": 672430, "bicycle_pa": "wall_loops", "capacity": 6, "covered": " ", "access": " ", "fee": " ", "operator": "Newington Surgery", "CECLand": "Y", "SchoolCP": "", "InstalDate": 0, "Funder": "" }, "geometry": { "type": "Point", "coordinates": [ -3.178653752926944, 55.939269989840646 ] } },
{ "type": "Feature", "properties": { "OBJECTID": 344, "eastings": 326484, "northings": 672432, "bicycle_pa": "wall_loops", "capacity": 6, "covered": " ", "access": " ", "fee": " ", "operator": "Newington Surgery", "CECLand": "Y", "SchoolCP": "", "InstalDate": 0, "Funder": "" }, "geometry": { "type": "Point", "coordinates": [ -3.178478248345328, 55.939289636931761 ] } },
{ "type": "Feature", "properties": { "OBJECTID": 345, "eastings": 326351, "northings": 672626, "bicycle_pa": "stands", "capacity": 2, "covered": "no", "access": " ", "fee": " ", "operator": "CEC", "CECLand": "Y", "SchoolCP": "", "InstalDate": 0, "Funder": "" }, "geometry": { "type": "Point", "coordinates": [ -3.1806599609064, 55.941011999933927 ] } },
{ "type": "Feature", "properties": { "OBJECTID": 346, "eastings": 326352, "northings": 672611, "bicycle_pa": "stands", "capacity": 8, "covered": "no", "access": " ", "fee": " ", "operator": "CEC", "CECLand": "Y", "SchoolCP": "", "InstalDate": 0, "Funder": "" }, "geometry": { "type": "Point", "coordinates": [ -3.180639850029538, 55.940877407804663 ] } },
{ "type": "Feature", "properties": { "OBJECTID": 347, "eastings": 326169, "northings": 672905, "bicycle_pa": "stands", "capacity": 4, "covered": "no", "access": " ", "fee": " ", "operator": "CEC", "CECLand": "Y", "SchoolCP": "", "InstalDate": 0, "Funder": "" }, "geometry": { "type": "Point", "coordinates": [ -3.183649426483307, 55.943490281895741 ] } },
{ "type": "Feature", "properties": { "OBJECTID": 348, "eastings": 326155, "northings": 673033, "bicycle_pa": "stands", "capacity": 2, "covered": "no", "access": " ", "fee": " ", "operator": "CEC", "CECLand": "Y", "SchoolCP": "", "InstalDate": 0, "Funder": "" }, "geometry": { "type": "Point", "coordinates": [ -3.183908613171401, 55.944637909112885 ] } },
{ "type": "Feature", "properties": { "OBJECTID": 349, "eastings": 325045, "northings": 672055, "bicycle_pa": "stands", "capacity": 8, "covered": "no", "access": " ", "fee": " ", "operator": " ", "CECLand": "Y", "SchoolCP": "", "InstalDate": 0, "Funder": "" }, "geometry": { "type": "Point", "coordinates": [ -3.201403828154544, 55.93568112107026 ] } },
{ "type": "Feature", "properties": { "OBJECTID": 350, "eastings": 325001, "northings": 672231, "bicycle_pa": "stands", "capacity": 4, "covered": "no", "access": " ", "fee": " ", "operator": " ", "CECLand": "Y", "SchoolCP": "", "InstalDate": 0, "Funder": "" }, "geometry": { "type": "Point", "coordinates": [ -3.202156965601679, 55.937255223839209 ] } },
{ "type": "Feature", "properties": { "OBJECTID": 351, "eastings": 326197, "northings": 672840, "bicycle_pa": "stands", "capacity": 4, "covered": "no", "access": " ", "fee": " ", "operator": " ", "CECLand": "Y", "SchoolCP": "", "InstalDate": 0, "Funder": "" }, "geometry": { "type": "Point", "coordinates": [ -3.183183437131482, 55.942910707850473 ] } },
{ "type": "Feature", "properties": { "OBJECTID": 352, "eastings": 317481, "northings": 669574, "bicycle_pa": " ", "capacity": 6, "covered": " ", "access": " ", "fee": " ", "operator": " ", "CECLand": " ", "SchoolCP": "", "InstalDate": 0, "Funder": "" }, "geometry": { "type": "Point", "coordinates": [ -3.321686992862247, 55.912155097575948 ] } },
{ "type": "Feature", "properties": { "OBJECTID": 353, "eastings": 326885, "northings": 671526, "bicycle_pa": "stands", "capacity": 3, "covered": "no", "access": " ", "fee": " ", "operator": " ", "CECLand": "Y", "SchoolCP": "", "InstalDate": 0, "Funder": "" }, "geometry": { "type": "Point", "coordinates": [ -3.171814244688024, 55.931212144395651 ] } },
{ "type": "Feature", "properties": { "OBJECTID": 354, "eastings": 318393, "northings": 671260, "bicycle_pa": "lockers", "capacity": 4, "covered": "yes", "access": " ", "fee": " ", "operator": " ", "CECLand": " ", "SchoolCP": "", "InstalDate": 0, "Funder": "" }, "geometry": { "type": "Point", "coordinates": [ -3.307611819052056, 55.927454813097164 ] } },
{ "type": "Feature", "properties": { "OBJECTID": 355, "eastings": 318364, "northings": 671281, "bicycle_pa": "stands", "capacity": 10, "covered": "yes", "access": " ", "fee": " ", "operator": " ", "CECLand": " ", "SchoolCP": "", "InstalDate": 0, "Funder": "" }, "geometry": { "type": "Point", "coordinates": [ -3.308082145369159, 55.927638510300213 ] } },
{ "type": "Feature", "properties": { "OBJECTID": 356, "eastings": 318361, "northings": 671283, "bicycle_pa": "stands", "capacity": 20, "covered": "no", "access": " ", "fee": " ", "operator": " ", "CECLand": " ", "SchoolCP": "", "InstalDate": 0, "Funder": "" }, "geometry": { "type": "Point", "coordinates": [ -3.308130747850767, 55.927655964688249 ] } },
{ "type": "Feature", "properties": { "OBJECTID": 357, "eastings": 321879, "northings": 670817, "bicycle_pa": "stands", "capacity": 60, "covered": "yes", "access": " ", "fee": " ", "operator": " ", "CECLand": " ", "SchoolCP": "", "InstalDate": 0, "Funder": "" }, "geometry": { "type": "Point", "coordinates": [ -3.251708944611263, 55.924055418893005 ] } },
{ "type": "Feature", "properties": { "OBJECTID": 358, "eastings": 326712, "northings": 671841, "bicycle_pa": "stands", "capacity": 4, "covered": "no", "access": " ", "fee": " ", "operator": " ", "CECLand": "Y", "SchoolCP": "", "InstalDate": 0, "Funder": "" }, "geometry": { "type": "Point", "coordinates": [ -3.174668242305358, 55.934015444593591 ] } },
{ "type": "Feature", "properties": { "OBJECTID": 359, "eastings": 325505, "northings": 674083, "bicycle_pa": "stands", "capacity": 6, "covered": "no", "access": " ", "fee": " ", "operator": " ", "CECLand": "Y", "SchoolCP": "", "InstalDate": 0, "Funder": "" }, "geometry": { "type": "Point", "coordinates": [ -3.194603404575287, 55.953969267395856 ] } },
{ "type": "Feature", "properties": { "OBJECTID": 360, "eastings": 326816, "northings": 670618, "bicycle_pa": "stands", "capacity": 4, "covered": "yes", "access": "yes", "fee": "no", "operator": "University of Edinburgh", "CECLand": " ", "SchoolCP": "", "InstalDate": 0, "Funder": "" }, "geometry": { "type": "Point", "coordinates": [ -3.172671578340271, 55.923045219636066 ] } },
{ "type": "Feature", "properties": { "OBJECTID": 361, "eastings": 326866, "northings": 670653, "bicycle_pa": "stands", "capacity": 12, "covered": "no", "access": "yes", "fee": "no", "operator": "University of Edinburgh", "CECLand": " ", "SchoolCP": "", "InstalDate": 0, "Funder": "" }, "geometry": { "type": "Point", "coordinates": [ -3.17188118210731, 55.923367232828014 ] } },
{ "type": "Feature", "properties": { "OBJECTID": 362, "eastings": 323152, "northings": 675073, "bicycle_pa": "stands", "capacity": 10, "covered": "yes", "access": "university", "fee": "no", "operator": "University of Edinburgh", "CECLand": " ", "SchoolCP": "", "InstalDate": 0, "Funder": "" }, "geometry": { "type": "Point", "coordinates": [ -3.232558602982989, 55.962490796561411 ] } },
{ "type": "Feature", "properties": { "OBJECTID": 363, "eastings": 312588, "northings": 674460, "bicycle_pa": "wall_loops", "capacity": 4, "covered": "no", "access": " ", "fee": " ", "operator": " ", "CECLand": "Y", "SchoolCP": "", "InstalDate": 0, "Funder": "" }, "geometry": { "type": "Point", "coordinates": [ -3.401520853234532, 55.955176312875885 ] } },
{ "type": "Feature", "properties": { "OBJECTID": 364, "eastings": 317720, "northings": 672484, "bicycle_pa": "stands", "capacity": 6, "covered": "no", "access": " ", "fee": " ", "operator": " ", "CECLand": " ", "SchoolCP": "", "InstalDate": 0, "Funder": "" }, "geometry": { "type": "Point", "coordinates": [ -3.31875260901739, 55.938334098463521 ] } },
{ "type": "Feature", "properties": { "OBJECTID": 365, "eastings": 317968, "northings": 671670, "bicycle_pa": "stands", "capacity": 6, "covered": "no", "access": " ", "fee": " ", "operator": " ", "CECLand": " ", "SchoolCP": "", "InstalDate": 0, "Funder": "" }, "geometry": { "type": "Point", "coordinates": [ -3.314536083243254, 55.931065083115037 ] } },
{ "type": "Feature", "properties": { "OBJECTID": 366, "eastings": 317988, "northings": 671678, "bicycle_pa": "stands", "capacity": 6, "covered": "no", "access": " ", "fee": " ", "operator": " ", "CECLand": " ", "SchoolCP": "", "InstalDate": 0, "Funder": "" }, "geometry": { "type": "Point", "coordinates": [ -3.314218511689117, 55.931140358074998 ] } },
{ "type": "Feature", "properties": { "OBJECTID": 367, "eastings": 319694, "northings": 669932, "bicycle_pa": "stands", "capacity": 8, "covered": "no", "access": " ", "fee": " ", "operator": " ", "CECLand": "Y", "SchoolCP": "", "InstalDate": 0, "Funder": "" }, "geometry": { "type": "Point", "coordinates": [ -3.286401433270284, 55.915745593807657 ] } },
{ "type": "Feature", "properties": { "OBJECTID": 368, "eastings": 319687, "northings": 669958, "bicycle_pa": "stands", "capacity": 8, "covered": "no", "access": " ", "fee": " ", "operator": " ", "CECLand": "Y", "SchoolCP": "", "InstalDate": 0, "Funder": "" }, "geometry": { "type": "Point", "coordinates": [ -3.28652113586074, 55.915977964361176 ] } },
{ "type": "Feature", "properties": { "OBJECTID": 369, "eastings": 325953, "northings": 673457, "bicycle_pa": "stands", "capacity": 8, "covered": " ", "access": "private", "fee": " ", "operator": " ", "CECLand": " ", "SchoolCP": "", "InstalDate": 0, "Funder": "" }, "geometry": { "type": "Point", "coordinates": [ -3.187258566554051, 55.948415465348525 ] } },
{ "type": "Feature", "properties": { "OBJECTID": 370, "eastings": 326609, "northings": 671463, "bicycle_pa": "stands", "capacity": 2, "covered": "no", "access": " ", "fee": " ", "operator": "City of Edinburgh Council", "CECLand": "Y", "SchoolCP": "", "InstalDate": 0, "Funder": "" }, "geometry": { "type": "Point", "coordinates": [ -3.176213446663632, 55.930604184919233 ] } },
{ "type": "Feature", "properties": { "OBJECTID": 371, "eastings": 327160, "northings": 670192, "bicycle_pa": "stands", "capacity": 6, "covered": "no", "access": " ", "fee": " ", "operator": " ", "CECLand": " ", "SchoolCP": "", "InstalDate": 0, "Funder": "" }, "geometry": { "type": "Point", "coordinates": [ -3.167053086860207, 55.919270850089951 ] } },
{ "type": "Feature", "properties": { "OBJECTID": 372, "eastings": 325463, "northings": 673066, "bicycle_pa": "stands", "capacity": 4, "covered": "no", "access": " ", "fee": " ", "operator": "City of Edinburgh Council", "CECLand": "Y", "SchoolCP": "", "InstalDate": 0, "Funder": "" }, "geometry": { "type": "Point", "coordinates": [ -3.194994374485101, 55.944827554748841 ] } },
{ "type": "Feature", "properties": { "OBJECTID": 373, "eastings": 325364, "northings": 673046, "bicycle_pa": "stands", "capacity": 14, "covered": "yes", "access": " ", "fee": " ", "operator": " ", "CECLand": " ", "SchoolCP": "", "InstalDate": 0, "Funder": "" }, "geometry": { "type": "Point", "coordinates": [ -3.196573500158491, 55.944632546119486 ] } },
{ "type": "Feature", "properties": { "OBJECTID": 374, "eastings": 325477, "northings": 673036, "bicycle_pa": "stands", "capacity": 10, "covered": "no", "access": " ", "fee": " ", "operator": " ", "CECLand": " ", "SchoolCP": "", "InstalDate": 0, "Funder": "" }, "geometry": { "type": "Point", "coordinates": [ -3.194761979159464, 55.944560248678691 ] } },
{ "type": "Feature", "properties": { "OBJECTID": 375, "eastings": 325368, "northings": 673021, "bicycle_pa": "stands", "capacity": 10, "covered": "yes", "access": " ", "fee": " ", "operator": " ", "CECLand": " ", "SchoolCP": "", "InstalDate": 0, "Funder": "" }, "geometry": { "type": "Point", "coordinates": [ -3.196502546308694, 55.944408603798287 ] } },
{ "type": "Feature", "properties": { "OBJECTID": 376, "eastings": 325326, "northings": 673058, "bicycle_pa": "stands", "capacity": 6, "covered": "no", "access": " ", "fee": " ", "operator": " ", "CECLand": "Y", "SchoolCP": "", "InstalDate": 0, "Funder": "" }, "geometry": { "type": "Point", "coordinates": [ -3.197185080226748, 55.944734436081113 ] } },
{ "type": "Feature", "properties": { "OBJECTID": 377, "eastings": 325283, "northings": 673007, "bicycle_pa": "stands", "capacity": 4, "covered": " ", "access": " ", "fee": " ", "operator": " ", "CECLand": " ", "SchoolCP": "", "InstalDate": 0, "Funder": "" }, "geometry": { "type": "Point", "coordinates": [ -3.19785922099854, 55.944269647254558 ] } },
{ "type": "Feature", "properties": { "OBJECTID": 378, "eastings": 327717, "northings": 671647, "bicycle_pa": "stands", "capacity": 4, "covered": "no", "access": " ", "fee": " ", "operator": " ", "CECLand": "Y", "SchoolCP": "", "InstalDate": 0, "Funder": "" }, "geometry": { "type": "Point", "coordinates": [ -3.158533555564128, 55.932424997044819 ] } },
{ "type": "Feature", "properties": { "OBJECTID": 379, "eastings": 326082, "northings": 672708, "bicycle_pa": "stands", "capacity": 4, "covered": "no", "access": " ", "fee": " ", "operator": " ", "CECLand": " ", "SchoolCP": "", "InstalDate": 0, "Funder": "" }, "geometry": { "type": "Point", "coordinates": [ -3.184987908856216, 55.941707342128957 ] } },
{ "type": "Feature", "properties": { "OBJECTID": 380, "eastings": 326069, "northings": 672717, "bicycle_pa": "stands", "capacity": 4, "covered": "no", "access": " ", "fee": " ", "operator": " ", "CECLand": " ", "SchoolCP": "", "InstalDate": 0, "Funder": "" }, "geometry": { "type": "Point", "coordinates": [ -3.185198451186586, 55.941786187444372 ] } },
{ "type": "Feature", "properties": { "OBJECTID": 381, "eastings": 326060, "northings": 672721, "bicycle_pa": "stands", "capacity": 4, "covered": "no", "access": " ", "fee": " ", "operator": " ", "CECLand": " ", "SchoolCP": "", "InstalDate": 0, "Funder": "" }, "geometry": { "type": "Point", "coordinates": [ -3.18534359938013, 55.941820734288264 ] } },
{ "type": "Feature", "properties": { "OBJECTID": 382, "eastings": 326066, "northings": 672724, "bicycle_pa": "stands", "capacity": 4, "covered": "no", "access": " ", "fee": " ", "operator": " ", "CECLand": " ", "SchoolCP": "", "InstalDate": 0, "Funder": "" }, "geometry": { "type": "Point", "coordinates": [ -3.185248389335149, 55.941848604593737 ] } },
{ "type": "Feature", "properties": { "OBJECTID": 383, "eastings": 326084, "northings": 672726, "bicycle_pa": "stands", "capacity": 4, "covered": "no", "access": " ", "fee": " ", "operator": " ", "CECLand": " ", "SchoolCP": "", "InstalDate": 0, "Funder": "" }, "geometry": { "type": "Point", "coordinates": [ -3.184960837404951, 55.941869336730612 ] } },
{ "type": "Feature", "properties": { "OBJECTID": 384, "eastings": 326095, "northings": 672728, "bicycle_pa": "stands", "capacity": 8, "covered": "no", "access": " ", "fee": " ", "operator": " ", "CECLand": " ", "SchoolCP": "", "InstalDate": 0, "Funder": "" }, "geometry": { "type": "Point", "coordinates": [ -3.184785324482601, 55.941888992528085 ] } },
{ "type": "Feature", "properties": { "OBJECTID": 385, "eastings": 326049, "northings": 672728, "bicycle_pa": "stands", "capacity": 8, "covered": "no", "access": " ", "fee": " ", "operator": " ", "CECLand": " ", "SchoolCP": "", "InstalDate": 0, "Funder": "" }, "geometry": { "type": "Point", "coordinates": [ -3.185521582683815, 55.941881921272731 ] } },
{ "type": "Feature", "properties": { "OBJECTID": 386, "eastings": 326054, "northings": 672732, "bicycle_pa": "stands", "capacity": 4, "covered": "no", "access": " ", "fee": " ", "operator": " ", "CECLand": " ", "SchoolCP": "", "InstalDate": 0, "Funder": "" }, "geometry": { "type": "Point", "coordinates": [ -3.185442652776501, 55.941918620575009 ] } },
{ "type": "Feature", "properties": { "OBJECTID": 387, "eastings": 326053, "northings": 672743, "bicycle_pa": "stands", "capacity": 4, "covered": "no", "access": " ", "fee": " ", "operator": " ", "CECLand": " ", "SchoolCP": "", "InstalDate": 0, "Funder": "" }, "geometry": { "type": "Point", "coordinates": [ -3.18546167834533, 55.942017275615946 ] } },
{ "type": "Feature", "properties": { "OBJECTID": 388, "eastings": 326047, "northings": 672760, "bicycle_pa": "shed", "capacity": 0, "covered": "yes", "access": " ", "fee": " ", "operator": " ", "CECLand": " ", "SchoolCP": "", "InstalDate": 0, "Funder": "" }, "geometry": { "type": "Point", "coordinates": [ -3.185562379927344, 55.942169057490119 ] } },
{ "type": "Feature", "properties": { "OBJECTID": 389, "eastings": 328599, "northings": 672617, "bicycle_pa": "stands", "capacity": 80, "covered": "yes", "access": " ", "fee": " ", "operator": " ", "CECLand": " ", "SchoolCP": "", "InstalDate": 0, "Funder": "" }, "geometry": { "type": "Point", "coordinates": [ -3.144677177708803, 55.94127036455825 ] } },
{ "type": "Feature", "properties": { "OBJECTID": 390, "eastings": 321333, "northings": 671830, "bicycle_pa": " ", "capacity": 16, "covered": " ", "access": " ", "fee": " ", "operator": " ", "CECLand": " ", "SchoolCP": "", "InstalDate": 0, "Funder": "" }, "geometry": { "type": "Point", "coordinates": [ -3.260740328481925, 55.933066095848055 ] } },
{ "type": "Feature", "properties": { "OBJECTID": 391, "eastings": 327598, "northings": 670349, "bicycle_pa": "stands", "capacity": 6, "covered": "no", "access": " ", "fee": " ", "operator": " ", "CECLand": " ", "SchoolCP": "", "InstalDate": 0, "Funder": "" }, "geometry": { "type": "Point", "coordinates": [ -3.160088823679936, 55.920747382405835 ] } },
{ "type": "Feature", "properties": { "OBJECTID": 392, "eastings": 324777, "northings": 673876, "bicycle_pa": "stands", "capacity": 6, "covered": "no", "access": "yes", "fee": " ", "operator": " ", "CECLand": "Y", "SchoolCP": "", "InstalDate": 0, "Funder": "" }, "geometry": { "type": "Point", "coordinates": [ -3.206201143224815, 55.95199647042535 ] } },
{ "type": "Feature", "properties": { "OBJECTID": 393, "eastings": 325163, "northings": 673986, "bicycle_pa": "stands", "capacity": 6, "covered": "no", "access": " ", "fee": " ", "operator": " ", "CECLand": "Y", "SchoolCP": "", "InstalDate": 0, "Funder": "" }, "geometry": { "type": "Point", "coordinates": [ -3.200052016944662, 55.953044827262893 ] } },
{ "type": "Feature", "properties": { "OBJECTID": 394, "eastings": 325311, "northings": 674028, "bicycle_pa": "stands", "capacity": 6, "covered": "no", "access": " ", "fee": " ", "operator": " ", "CECLand": "Y", "SchoolCP": "", "InstalDate": 0, "Funder": "" }, "geometry": { "type": "Point", "coordinates": [ -3.197694175508934, 55.953445116848521 ] } },
{ "type": "Feature", "properties": { "OBJECTID": 395, "eastings": 325365, "northings": 674044, "bicycle_pa": "stands", "capacity": 6, "covered": "no", "access": " ", "fee": " ", "operator": "City of Edinburgh Council", "CECLand": "Y", "SchoolCP": "", "InstalDate": 0, "Funder": "" }, "geometry": { "type": "Point", "coordinates": [ -3.196834057420107, 55.953597226517452 ] } },
{ "type": "Feature", "properties": { "OBJECTID": 396, "eastings": 329116, "northings": 671691, "bicycle_pa": "stands", "capacity": 20, "covered": "yes", "access": " ", "fee": " ", "operator": " ", "CECLand": "Y", "SchoolCP": "", "InstalDate": 0, "Funder": "" }, "geometry": { "type": "Point", "coordinates": [ -3.136158323128298, 55.933028885541454 ] } },
{ "type": "Feature", "properties": { "OBJECTID": 397, "eastings": 329082, "northings": 671667, "bicycle_pa": "stands", "capacity": 2, "covered": "no", "access": " ", "fee": " ", "operator": " ", "CECLand": " ", "SchoolCP": "", "InstalDate": 0, "Funder": "" }, "geometry": { "type": "Point", "coordinates": [ -3.136696078293037, 55.932808274092956 ] } },
{ "type": "Feature", "properties": { "OBJECTID": 398, "eastings": 329236, "northings": 670486, "bicycle_pa": "stands", "capacity": 24, "covered": "yes", "access": "yes", "fee": "no", "operator": " ", "CECLand": " ", "SchoolCP": "", "InstalDate": 0, "Funder": "" }, "geometry": { "type": "Point", "coordinates": [ -3.133921423942998, 55.922222210285227 ] } },
{ "type": "Feature", "properties": { "OBJECTID": 399, "eastings": 313909, "northings": 670853, "bicycle_pa": "wall_loops", "capacity": 15, "covered": "no", "access": " ", "fee": " ", "operator": " ", "CECLand": " ", "SchoolCP": "", "InstalDate": 0, "Funder": "" }, "geometry": { "type": "Point", "coordinates": [ -3.379219356956256, 55.923016694943705 ] } },
{ "type": "Feature", "properties": { "OBJECTID": 400, "eastings": 325290, "northings": 673055, "bicycle_pa": "stands", "capacity": 10, "covered": "no", "access": " ", "fee": " ", "operator": " ", "CECLand": "Y", "SchoolCP": "", "InstalDate": 0, "Funder": "" }, "geometry": { "type": "Point", "coordinates": [ -3.19776048928731, 55.944701895922385 ] } },
{ "type": "Feature", "properties": { "OBJECTID": 401, "eastings": 322829, "northings": 672073, "bicycle_pa": "stands", "capacity": 6, "covered": "no", "access": " ", "fee": " ", "operator": " ", "CECLand": "Y", "SchoolCP": "", "InstalDate": 0, "Funder": "" }, "geometry": { "type": "Point", "coordinates": [ -3.236871216950692, 55.935492049808026 ] } },
{ "type": "Feature", "properties": { "OBJECTID": 402, "eastings": 325843, "northings": 677100, "bicycle_pa": "stands", "capacity": 24, "covered": "no", "access": " ", "fee": " ", "operator": " ", "CECLand": " ", "SchoolCP": "", "InstalDate": 0, "Funder": "" }, "geometry": { "type": "Point", "coordinates": [ -3.190023399602127, 55.981121749899259 ] } },
{ "type": "Feature", "properties": { "OBJECTID": 403, "eastings": 328847, "northings": 675666, "bicycle_pa": "stands", "capacity": 10, "covered": "no", "access": " ", "fee": " ", "operator": " ", "CECLand": " ", "SchoolCP": "", "InstalDate": 0, "Funder": "" }, "geometry": { "type": "Point", "coordinates": [ -3.141513775617992, 55.968695804670887 ] } },
{ "type": "Feature", "properties": { "OBJECTID": 404, "eastings": 325802, "northings": 674880, "bicycle_pa": " ", "capacity": 0, "covered": " ", "access": " ", "fee": " ", "operator": " ", "CECLand": " ", "SchoolCP": "", "InstalDate": 0, "Funder": "" }, "geometry": { "type": "Point", "coordinates": [ -3.190067942336082, 55.961174240979112 ] } },
{ "type": "Feature", "properties": { "OBJECTID": 405, "eastings": 326170, "northings": 673005, "bicycle_pa": "stands", "capacity": 10, "covered": "yes", "access": " ", "fee": " ", "operator": " ", "CECLand": "Y", "SchoolCP": "", "InstalDate": 0, "Funder": "" }, "geometry": { "type": "Point", "coordinates": [ -3.183660835060838, 55.944388698518189 ] } },
{ "type": "Feature", "properties": { "OBJECTID": 406, "eastings": 326906, "northings": 672391, "bicycle_pa": "stands", "capacity": 30, "covered": "no", "access": " ", "fee": " ", "operator": " ", "CECLand": " ", "SchoolCP": "", "InstalDate": 0, "Funder": "" }, "geometry": { "type": "Point", "coordinates": [ -3.171713137671588, 55.938985632729512 ] } },
{ "type": "Feature", "properties": { "OBJECTID": 407, "eastings": 326763, "northings": 672403, "bicycle_pa": "stands", "capacity": 30, "covered": "no", "access": " ", "fee": " ", "operator": " ", "CECLand": " ", "SchoolCP": "", "InstalDate": 0, "Funder": "" }, "geometry": { "type": "Point", "coordinates": [ -3.17400505399855, 55.939071681894752 ] } },
{ "type": "Feature", "properties": { "OBJECTID": 408, "eastings": 326816, "northings": 672469, "bicycle_pa": "stands", "capacity": 40, "covered": "no", "access": " ", "fee": " ", "operator": " ", "CECLand": " ", "SchoolCP": "", "InstalDate": 0, "Funder": "" }, "geometry": { "type": "Point", "coordinates": [ -3.17317476259193, 55.939672628150795 ] } },
{ "type": "Feature", "properties": { "OBJECTID": 409, "eastings": 326631, "northings": 672514, "bicycle_pa": "stands", "capacity": 14, "covered": "no", "access": " ", "fee": " ", "operator": " ", "CECLand": " ", "SchoolCP": "Y", "InstalDate": 0, "Funder": "" }, "geometry": { "type": "Point", "coordinates": [ -3.176147923193327, 55.940048686426962 ] } },
{ "type": "Feature", "properties": { "OBJECTID": 410, "eastings": 327811, "northings": 668530, "bicycle_pa": "stands", "capacity": 8, "covered": "no", "access": " ", "fee": " ", "operator": " ", "CECLand": " ", "SchoolCP": "Y", "InstalDate": 0, "Funder": "" }, "geometry": { "type": "Point", "coordinates": [ -3.156194047581477, 55.904439762308058 ] } },
{ "type": "Feature", "properties": { "OBJECTID": 411, "eastings": 324458, "northings": 672208, "bicycle_pa": " ", "capacity": 0, "covered": " ", "access": "private", "fee": " ", "operator": " ", "CECLand": " ", "SchoolCP": "Y", "InstalDate": 0, "Funder": "" }, "geometry": { "type": "Point", "coordinates": [ -3.210840462660006, 55.936963674153553 ] } },
{ "type": "Feature", "properties": { "OBJECTID": 412, "eastings": 326425, "northings": 670499, "bicycle_pa": "stands", "capacity": 10, "covered": "yes", "access": "yes", "fee": "no", "operator": "University of Edinburgh", "CECLand": " ", "SchoolCP": "", "InstalDate": 0, "Funder": "" }, "geometry": { "type": "Point", "coordinates": [ -3.178894272077093, 55.9219165331032 ] } },
{ "type": "Feature", "properties": { "OBJECTID": 413, "eastings": 325403, "northings": 674216, "bicycle_pa": "anchors", "capacity": 4, "covered": "no", "access": " ", "fee": "no", "operator": "Royal College of Physicians of Edinburgh", "CECLand": "Y", "SchoolCP": "", "InstalDate": 0, "Funder": "" }, "geometry": { "type": "Point", "coordinates": [ -3.19627330820841, 55.955148107039911 ] } },
{ "type": "Feature", "properties": { "OBJECTID": 414, "eastings": 323292, "northings": 671813, "bicycle_pa": "stands", "capacity": 4, "covered": "no", "access": " ", "fee": " ", "operator": " ", "CECLand": "Y", "SchoolCP": "", "InstalDate": 0, "Funder": "" }, "geometry": { "type": "Point", "coordinates": [ -3.229387907977527, 55.933230844756316 ] } },
{ "type": "Feature", "properties": { "OBJECTID": 415, "eastings": 327947, "northings": 670441, "bicycle_pa": "stands", "capacity": 4, "covered": "no", "access": " ", "fee": " ", "operator": " ", "CECLand": "Y", "SchoolCP": "", "InstalDate": 0, "Funder": "" }, "geometry": { "type": "Point", "coordinates": [ -3.154530437506864, 55.921626293703241 ] } },
{ "type": "Feature", "properties": { "OBJECTID": 416, "eastings": 325652, "northings": 674069, "bicycle_pa": "stands", "capacity": 16, "covered": "no", "access": " ", "fee": " ", "operator": " ", "CECLand": "Y", "SchoolCP": "", "InstalDate": 0, "Funder": "" }, "geometry": { "type": "Point", "coordinates": [ -3.19224600293209, 55.953866281234426 ] } },
{ "type": "Feature", "properties": { "OBJECTID": 417, "eastings": 326930, "northings": 676660, "bicycle_pa": "stands", "capacity": 29, "covered": "no", "access": "permissive", "fee": " ", "operator": " ", "CECLand": " ", "SchoolCP": "", "InstalDate": 0, "Funder": "" }, "geometry": { "type": "Point", "coordinates": [ -3.172488184338315, 55.977336281176271 ] } },
{ "type": "Feature", "properties": { "OBJECTID": 418, "eastings": 324528, "northings": 676881, "bicycle_pa": "stands", "capacity": 6, "covered": "no", "access": " ", "fee": " ", "operator": " ", "CECLand": " ", "SchoolCP": "", "InstalDate": 0, "Funder": "" }, "geometry": { "type": "Point", "coordinates": [ -3.211030281799136, 55.978949344826674 ] } },
{ "type": "Feature", "properties": { "OBJECTID": 419, "eastings": 331484, "northings": 672880, "bicycle_pa": "stands", "capacity": 122, "covered": "yes", "access": " ", "fee": " ", "operator": " ", "CECLand": " ", "SchoolCP": "", "InstalDate": 0, "Funder": "" }, "geometry": { "type": "Point", "coordinates": [ -3.098567762864249, 55.944053667578451 ] } },
{ "type": "Feature", "properties": { "OBJECTID": 420, "eastings": 320366, "northings": 671606, "bicycle_pa": " ", "capacity": 0, "covered": " ", "access": " ", "fee": " ", "operator": " ", "CECLand": " ", "SchoolCP": "", "InstalDate": 0, "Funder": "" }, "geometry": { "type": "Point", "coordinates": [ -3.276147617169924, 55.930894261607023 ] } },
{ "type": "Feature", "properties": { "OBJECTID": 421, "eastings": 320344, "northings": 671603, "bicycle_pa": " ", "capacity": 0, "covered": " ", "access": " ", "fee": " ", "operator": " ", "CECLand": " ", "SchoolCP": "", "InstalDate": 0, "Funder": "" }, "geometry": { "type": "Point", "coordinates": [ -3.27649874652475, 55.930863659260268 ] } },
{ "type": "Feature", "properties": { "OBJECTID": 422, "eastings": 325751, "northings": 673081, "bicycle_pa": "stands", "capacity": 16, "covered": "no", "access": "yes", "fee": "no", "operator": "University of Edinburgh", "CECLand": " ", "SchoolCP": "", "InstalDate": 0, "Funder": "" }, "geometry": { "type": "Point", "coordinates": [ -3.19038855859676, 55.945006855648984 ] } },
{ "type": "Feature", "properties": { "OBJECTID": 423, "eastings": 325745, "northings": 673089, "bicycle_pa": "stands", "capacity": 60, "covered": "no", "access": "yes", "fee": " ", "operator": "University of Edinburgh", "CECLand": " ", "SchoolCP": "", "InstalDate": 0, "Funder": "" }, "geometry": { "type": "Point", "coordinates": [ -3.190486805459397, 55.945077789613428 ] } },
{ "type": "Feature", "properties": { "OBJECTID": 424, "eastings": 325927, "northings": 673325, "bicycle_pa": "stands", "capacity": 20, "covered": "no", "access": "yes", "fee": "no", "operator": "University of Edinburgh", "CECLand": " ", "SchoolCP": "", "InstalDate": 0, "Funder": "" }, "geometry": { "type": "Point", "coordinates": [ -3.187638467805297, 55.947225756926358 ] } },
{ "type": "Feature", "properties": { "OBJECTID": 425, "eastings": 325981, "northings": 673333, "bicycle_pa": "stands", "capacity": 10, "covered": "no", "access": "yes", "fee": "no", "operator": "University of Edinburgh", "CECLand": " ", "SchoolCP": "", "InstalDate": 0, "Funder": "" }, "geometry": { "type": "Point", "coordinates": [ -3.186776247106202, 55.947305935953672 ] } },
{ "type": "Feature", "properties": { "OBJECTID": 426, "eastings": 325912, "northings": 673346, "bicycle_pa": "stands", "capacity": 10, "covered": "no", "access": "yes", "fee": "no", "operator": "University of Edinburgh", "CECLand": " ", "SchoolCP": "", "InstalDate": 0, "Funder": "" }, "geometry": { "type": "Point", "coordinates": [ -3.187884362451236, 55.947412079649482 ] } },
{ "type": "Feature", "properties": { "OBJECTID": 427, "eastings": 325973, "northings": 673365, "bicycle_pa": "stands", "capacity": 20, "covered": "no", "access": "yes", "fee": "no", "operator": "University of Edinburgh", "CECLand": " ", "SchoolCP": "", "InstalDate": 0, "Funder": "" }, "geometry": { "type": "Point", "coordinates": [ -3.186913107228838, 55.947592147151461 ] } },
{ "type": "Feature", "properties": { "OBJECTID": 428, "eastings": 325759, "northings": 673260, "bicycle_pa": "shed", "capacity": 42, "covered": "yes", "access": "private", "fee": " ", "operator": " ", "CECLand": "Y", "SchoolCP": "", "InstalDate": 0, "Funder": "" }, "geometry": { "type": "Point", "coordinates": [ -3.190309850652207, 55.946615972006306 ] } },
{ "type": "Feature", "properties": { "OBJECTID": 429, "eastings": 326658, "northings": 670607, "bicycle_pa": "rack", "capacity": 42, "covered": "yes", "access": "yes", "fee": "no", "operator": "University of Edinburgh", "CECLand": " ", "SchoolCP": "", "InstalDate": 0, "Funder": "" }, "geometry": { "type": "Point", "coordinates": [ -3.17519626092096, 55.922922307920388 ] } },
{ "type": "Feature", "properties": { "OBJECTID": 430, "eastings": 326645, "northings": 670632, "bicycle_pa": "stands", "capacity": 32, "covered": "no", "access": "yes", "fee": "no", "operator": "University of Edinburgh", "CECLand": " ", "SchoolCP": "", "InstalDate": 0, "Funder": "" }, "geometry": { "type": "Point", "coordinates": [ -3.175411041561027, 55.923144891779998 ] } },
{ "type": "Feature", "properties": { "OBJECTID": 431, "eastings": 326467, "northings": 670612, "bicycle_pa": "stands", "capacity": 6, "covered": "no", "access": "yes", "fee": "no", "operator": "University of Edinburgh", "CECLand": " ", "SchoolCP": "", "InstalDate": 0, "Funder": "" }, "geometry": { "type": "Point", "coordinates": [ -3.178253223008904, 55.922938017427541 ] } },
{ "type": "Feature", "properties": { "OBJECTID": 432, "eastings": 326443, "northings": 673634, "bicycle_pa": "stands", "capacity": 34, "covered": "no", "access": "yes", "fee": "no", "operator": "University of Edinburgh", "CECLand": " ", "SchoolCP": "", "InstalDate": 0, "Funder": "" }, "geometry": { "type": "Point", "coordinates": [ -3.179462856401098, 55.950080624543723 ] } },
{ "type": "Feature", "properties": { "OBJECTID": 433, "eastings": 325452, "northings": 673605, "bicycle_pa": "stands", "capacity": 10, "covered": " ", "access": " ", "fee": " ", "operator": " ", "CECLand": " ", "SchoolCP": "", "InstalDate": 0, "Funder": "" }, "geometry": { "type": "Point", "coordinates": [ -3.19531965893948, 55.949667435510612 ] } },
{ "type": "Feature", "properties": { "OBJECTID": 434, "eastings": 325554, "northings": 673596, "bicycle_pa": "stands", "capacity": 4, "covered": " ", "access": " ", "fee": " ", "operator": " ", "CECLand": "Y", "SchoolCP": "", "InstalDate": 0, "Funder": "" }, "geometry": { "type": "Point", "coordinates": [ -3.193684280216427, 55.949602403890481 ] } },
{ "type": "Feature", "properties": { "OBJECTID": 435, "eastings": 323357, "northings": 671721, "bicycle_pa": "stands", "capacity": 6, "covered": "no", "access": " ", "fee": " ", "operator": " ", "CECLand": "Y", "SchoolCP": "", "InstalDate": 0, "Funder": "" }, "geometry": { "type": "Point", "coordinates": [ -3.228321546556159, 55.932414756608949 ] } },
{ "type": "Feature", "properties": { "OBJECTID": 436, "eastings": 323269, "northings": 671818, "bicycle_pa": "stands", "capacity": 4, "covered": "no", "access": " ", "fee": " ", "operator": " ", "CECLand": "Y", "SchoolCP": "", "InstalDate": 0, "Funder": "" }, "geometry": { "type": "Point", "coordinates": [ -3.229757375490852, 55.933272085634322 ] } },
{ "type": "Feature", "properties": { "OBJECTID": 437, "eastings": 325504, "northings": 674095, "bicycle_pa": "wall_loops", "capacity": 2, "covered": "no", "access": " ", "fee": " ", "operator": " ", "CECLand": "Y", "SchoolCP": "", "InstalDate": 0, "Funder": "" }, "geometry": { "type": "Point", "coordinates": [ -3.194622734438204, 55.954076901712966 ] } },
{ "type": "Feature", "properties": { "OBJECTID": 438, "eastings": 325510, "northings": 674073, "bicycle_pa": "wall_loops", "capacity": 2, "covered": "no", "access": " ", "fee": " ", "operator": " ", "CECLand": "Y", "SchoolCP": "", "InstalDate": 0, "Funder": "" }, "geometry": { "type": "Point", "coordinates": [ -3.19452058641629, 55.953880218093936 ] } },
{ "type": "Feature", "properties": { "OBJECTID": 439, "eastings": 318508, "northings": 671901, "bicycle_pa": "stands", "capacity": 6, "covered": "no", "access": " ", "fee": " ", "operator": " ", "CECLand": " ", "SchoolCP": "", "InstalDate": 0, "Funder": "" }, "geometry": { "type": "Point", "coordinates": [ -3.305965758959797, 55.933231965657527 ] } },
{ "type": "Feature", "properties": { "OBJECTID": 440, "eastings": 325724, "northings": 673204, "bicycle_pa": "stands", "capacity": 8, "covered": "no", "access": "customers", "fee": " ", "operator": " ", "CECLand": " ", "SchoolCP": "", "InstalDate": 0, "Funder": "" }, "geometry": { "type": "Point", "coordinates": [ -3.190854667498185, 55.946107541481325 ] } },
{ "type": "Feature", "properties": { "OBJECTID": 441, "eastings": 326678, "northings": 670500, "bicycle_pa": "stands", "capacity": 10, "covered": "no", "access": "yes", "fee": "no", "operator": "University of Edinburgh", "CECLand": " ", "SchoolCP": "", "InstalDate": 0, "Funder": "" }, "geometry": { "type": "Point", "coordinates": [ -3.174847179209487, 55.921964205307255 ] } },
{ "type": "Feature", "properties": { "OBJECTID": 442, "eastings": 326674, "northings": 670481, "bicycle_pa": "stands", "capacity": 22, "covered": "no", "access": "yes", "fee": "no", "operator": "University of Edinburgh", "CECLand": " ", "SchoolCP": "", "InstalDate": 0, "Funder": "" }, "geometry": { "type": "Point", "coordinates": [ -3.174905997692863, 55.921792922028835 ] } },
{ "type": "Feature", "properties": { "OBJECTID": 443, "eastings": 326662, "northings": 670504, "bicycle_pa": "stands", "capacity": 12, "covered": "no", "access": "yes", "fee": "no", "operator": "University of Edinburgh", "CECLand": " ", "SchoolCP": "", "InstalDate": 0, "Funder": "" }, "geometry": { "type": "Point", "coordinates": [ -3.175104228342434, 55.92199769356175 ] } },
{ "type": "Feature", "properties": { "OBJECTID": 444, "eastings": 327131, "northings": 676332, "bicycle_pa": "stands", "capacity": 0, "covered": " ", "access": " ", "fee": " ", "operator": " ", "CECLand": " ", "SchoolCP": "", "InstalDate": 0, "Funder": "" }, "geometry": { "type": "Point", "coordinates": [ -3.169179230308789, 55.974420517901073 ] } },
{ "type": "Feature", "properties": { "OBJECTID": 445, "eastings": 326912, "northings": 676156, "bicycle_pa": "stands", "capacity": 0, "covered": " ", "access": " ", "fee": " ", "operator": " ", "CECLand": " ", "SchoolCP": "", "InstalDate": 0, "Funder": "" }, "geometry": { "type": "Point", "coordinates": [ -3.172639574357865, 55.972806246006542 ] } },
{ "type": "Feature", "properties": { "OBJECTID": 446, "eastings": 320524, "northings": 675540, "bicycle_pa": "stands", "capacity": 8, "covered": "no", "access": " ", "fee": " ", "operator": " ", "CECLand": " ", "SchoolCP": "", "InstalDate": 0, "Funder": "" }, "geometry": { "type": "Point", "coordinates": [ -3.274780511252134, 55.966256711797108 ] } },
{ "type": "Feature", "properties": { "OBJECTID": 447, "eastings": 326631, "northings": 670688, "bicycle_pa": "stands", "capacity": 32, "covered": "no", "access": "yes", "fee": "no", "operator": "University of Edinburgh", "CECLand": " ", "SchoolCP": "", "InstalDate": 0, "Funder": "" }, "geometry": { "type": "Point", "coordinates": [ -3.17565026638429, 55.923645788262121 ] } },
{ "type": "Feature", "properties": { "OBJECTID": 448, "eastings": 326510, "northings": 670643, "bicycle_pa": "stands", "capacity": 20, "covered": "no", "access": " ", "fee": " ", "operator": "University of Edinburgh", "CECLand": " ", "SchoolCP": "", "InstalDate": 0, "Funder": "" }, "geometry": { "type": "Point", "coordinates": [ -3.177573770657689, 55.923223064530916 ] } },
{ "type": "Feature", "properties": { "OBJECTID": 449, "eastings": 326631, "northings": 670662, "bicycle_pa": "stands", "capacity": 36, "covered": "no", "access": "yes", "fee": "no", "operator": "University of Edinburgh", "CECLand": " ", "SchoolCP": "", "InstalDate": 0, "Funder": "" }, "geometry": { "type": "Point", "coordinates": [ -3.175643184625994, 55.923412236338734 ] } },
{ "type": "Feature", "properties": { "OBJECTID": 450, "eastings": 326490, "northings": 670660, "bicycle_pa": "stands", "capacity": 24, "covered": "no", "access": "yes", "fee": "no", "operator": "University of Edinburgh", "CECLand": " ", "SchoolCP": "", "InstalDate": 0, "Funder": "" }, "geometry": { "type": "Point", "coordinates": [ -3.177898370132139, 55.923372710854046 ] } },
{ "type": "Feature", "properties": { "OBJECTID": 451, "eastings": 326630, "northings": 670640, "bicycle_pa": "stands", "capacity": 26, "covered": "no", "access": "yes", "fee": "no", "operator": "University of Edinburgh", "CECLand": " ", "SchoolCP": "", "InstalDate": 0, "Funder": "" }, "geometry": { "type": "Point", "coordinates": [ -3.175653190474277, 55.923214462712089 ] } },
{ "type": "Feature", "properties": { "OBJECTID": 452, "eastings": 326549, "northings": 670742, "bicycle_pa": "stands", "capacity": 8, "covered": "no", "access": "yes", "fee": "no", "operator": "University of Edinburgh", "CECLand": " ", "SchoolCP": "", "InstalDate": 0, "Funder": "" }, "geometry": { "type": "Point", "coordinates": [ -3.176976843345177, 55.924118324083672 ] } },
{ "type": "Feature", "properties": { "OBJECTID": 453, "eastings": 326581, "northings": 670731, "bicycle_pa": "stands", "capacity": 58, "covered": "no", "access": "yes", "fee": "no", "operator": "University of Edinburgh", "CECLand": " ", "SchoolCP": "", "InstalDate": 0, "Funder": "" }, "geometry": { "type": "Point", "coordinates": [ -3.176461896574076, 55.924024406471688 ] } },
{ "type": "Feature", "properties": { "OBJECTID": 454, "eastings": 326613, "northings": 670730, "bicycle_pa": "stands", "capacity": 52, "covered": "no", "access": "yes", "fee": "no", "operator": "University of Edinburgh", "CECLand": " ", "SchoolCP": "", "InstalDate": 0, "Funder": "" }, "geometry": { "type": "Point", "coordinates": [ -3.17594967676208, 55.924020314366821 ] } },
{ "type": "Feature", "properties": { "OBJECTID": 455, "eastings": 326940, "northings": 676516, "bicycle_pa": "shed", "capacity": 0, "covered": " ", "access": "private", "fee": " ", "operator": " ", "CECLand": " ", "SchoolCP": "", "InstalDate": 0, "Funder": "" }, "geometry": { "type": "Point", "coordinates": [ -3.172288856225677, 55.976044283475112 ] } },
{ "type": "Feature", "properties": { "OBJECTID": 456, "eastings": 326939, "northings": 676519, "bicycle_pa": "shed", "capacity": 0, "covered": " ", "access": "private", "fee": " ", "operator": " ", "CECLand": " ", "SchoolCP": "", "InstalDate": 0, "Funder": "" }, "geometry": { "type": "Point", "coordinates": [ -3.172305691045785, 55.976071079473364 ] } },
{ "type": "Feature", "properties": { "OBJECTID": 457, "eastings": 326937, "northings": 676521, "bicycle_pa": "shed", "capacity": 0, "covered": " ", "access": "private", "fee": " ", "operator": " ", "CECLand": " ", "SchoolCP": "", "InstalDate": 0, "Funder": "" }, "geometry": { "type": "Point", "coordinates": [ -3.172338273942528, 55.976088740298181 ] } },
{ "type": "Feature", "properties": { "OBJECTID": 458, "eastings": 326936, "northings": 676523, "bicycle_pa": "shed", "capacity": 0, "covered": "no", "access": "private", "fee": " ", "operator": " ", "CECLand": " ", "SchoolCP": "", "InstalDate": 0, "Funder": "" }, "geometry": { "type": "Point", "coordinates": [ -3.172354837110446, 55.976106553497495 ] } },
{ "type": "Feature", "properties": { "OBJECTID": 459, "eastings": 326934, "northings": 676526, "bicycle_pa": "shed", "capacity": 0, "covered": "no", "access": "private", "fee": " ", "operator": " ", "CECLand": " ", "SchoolCP": "", "InstalDate": 0, "Funder": "" }, "geometry": { "type": "Point", "coordinates": [ -3.1723876917777, 55.97613319709783 ] } },
{ "type": "Feature", "properties": { "OBJECTID": 460, "eastings": 324151, "northings": 672602, "bicycle_pa": "stands", "capacity": 14, "covered": "no", "access": " ", "fee": " ", "operator": " ", "CECLand": " ", "SchoolCP": "", "InstalDate": 0, "Funder": "" }, "geometry": { "type": "Point", "coordinates": [ -3.215864420333088, 55.940454491177498 ] } },
{ "type": "Feature", "properties": { "OBJECTID": 461, "eastings": 324613, "northings": 671188, "bicycle_pa": "stands", "capacity": 4, "covered": "no", "access": "yes", "fee": "no", "operator": " ", "CECLand": "Y", "SchoolCP": "", "InstalDate": 0, "Funder": "" }, "geometry": { "type": "Point", "coordinates": [ -3.20807436810186, 55.927825413298351 ] } },
{ "type": "Feature", "properties": { "OBJECTID": 462, "eastings": 325496, "northings": 671961, "bicycle_pa": "stands", "capacity": 4, "covered": "no", "access": " ", "fee": " ", "operator": "City of Edinburgh Council", "CECLand": "Y", "SchoolCP": "", "InstalDate": 0, "Funder": "" }, "geometry": { "type": "Point", "coordinates": [ -3.194160423936617, 55.93490673388645 ] } },
{ "type": "Feature", "properties": { "OBJECTID": 463, "eastings": 325490, "northings": 671994, "bicycle_pa": "stands", "capacity": 4, "covered": "no", "access": " ", "fee": " ", "operator": "City of Edinburgh Council", "CECLand": "Y", "SchoolCP": "", "InstalDate": 0, "Funder": "" }, "geometry": { "type": "Point", "coordinates": [ -3.194265571241948, 55.935202239562898 ] } },
{ "type": "Feature", "properties": { "OBJECTID": 464, "eastings": 326291, "northings": 672687, "bicycle_pa": "hoop", "capacity": 2, "covered": "no", "access": " ", "fee": " ", "operator": " ", "CECLand": "Y", "SchoolCP": "", "InstalDate": 0, "Funder": "" }, "geometry": { "type": "Point", "coordinates": [ -3.181636989917034, 55.941550773924796 ] } },
{ "type": "Feature", "properties": { "OBJECTID": 465, "eastings": 326783, "northings": 676563, "bicycle_pa": "stands", "capacity": 0, "covered": " ", "access": " ", "fee": " ", "operator": " ", "CECLand": " ", "SchoolCP": "", "InstalDate": 0, "Funder": "" }, "geometry": { "type": "Point", "coordinates": [ -3.17481675055364, 55.976442525302396 ] } },
{ "type": "Feature", "properties": { "OBJECTID": 466, "eastings": 320321, "northings": 670836, "bicycle_pa": "stands", "capacity": 6, "covered": "no", "access": " ", "fee": " ", "operator": " ", "CECLand": "Y", "SchoolCP": "", "InstalDate": 0, "Funder": "" }, "geometry": { "type": "Point", "coordinates": [ -3.276639791146473, 55.92397007869485 ] } },
{ "type": "Feature", "properties": { "OBJECTID": 467, "eastings": 327720, "northings": 676201, "bicycle_pa": "stands", "capacity": 2, "covered": "no", "access": " ", "fee": " ", "operator": " ", "CECLand": " ", "SchoolCP": "", "InstalDate": 0, "Funder": "" }, "geometry": { "type": "Point", "coordinates": [ -3.159708630292008, 55.973332965145765 ] } },
{ "type": "Feature", "properties": { "OBJECTID": 468, "eastings": 327699, "northings": 676210, "bicycle_pa": "stands", "capacity": 2, "covered": "no", "access": " ", "fee": " ", "operator": " ", "CECLand": " ", "SchoolCP": "", "InstalDate": 0, "Funder": "" }, "geometry": { "type": "Point", "coordinates": [ -3.160047446572332, 55.973410642366723 ] } },
{ "type": "Feature", "properties": { "OBJECTID": 469, "eastings": 327662, "northings": 676225, "bicycle_pa": "stands", "capacity": 2, "covered": "no", "access": " ", "fee": " ", "operator": " ", "CECLand": " ", "SchoolCP": "", "InstalDate": 0, "Funder": "" }, "geometry": { "type": "Point", "coordinates": [ -3.160644181531098, 55.973539800438516 ] } },
{ "type": "Feature", "properties": { "OBJECTID": 470, "eastings": 327751, "northings": 676217, "bicycle_pa": "stands", "capacity": 2, "covered": "no", "access": " ", "fee": " ", "operator": " ", "CECLand": " ", "SchoolCP": "", "InstalDate": 0, "Funder": "" }, "geometry": { "type": "Point", "coordinates": [ -3.159216339895631, 55.973481363003778 ] } },
{ "type": "Feature", "properties": { "OBJECTID": 471, "eastings": 327640, "northings": 676235, "bicycle_pa": "stands", "capacity": 2, "covered": "no", "access": " ", "fee": " ", "operator": " ", "CECLand": " ", "SchoolCP": "", "InstalDate": 0, "Funder": "" }, "geometry": { "type": "Point", "coordinates": [ -3.16099928964386, 55.973626306796717 ] } },
{ "type": "Feature", "properties": { "OBJECTID": 472, "eastings": 326921, "northings": 670549, "bicycle_pa": "shed", "capacity": 38, "covered": "yes", "access": "private", "fee": "no", "operator": "University of Edinburgh", "CECLand": " ", "SchoolCP": "", "InstalDate": 0, "Funder": "" }, "geometry": { "type": "Point", "coordinates": [ -3.170973071582416, 55.922441396217025 ] } },
{ "type": "Feature", "properties": { "OBJECTID": 473, "eastings": 326857, "northings": 670468, "bicycle_pa": "rack", "capacity": 10, "covered": "no", "access": "yes", "fee": "no", "operator": "University of Edinburgh", "CECLand": " ", "SchoolCP": "", "InstalDate": 0, "Funder": "" }, "geometry": { "type": "Point", "coordinates": [ -3.171974933481581, 55.921704049351469 ] } },
{ "type": "Feature", "properties": { "OBJECTID": 474, "eastings": 326900, "northings": 670570, "bicycle_pa": "stands", "capacity": 4, "covered": "no", "access": "yes", "fee": "no", "operator": "University of Edinburgh", "CECLand": " ", "SchoolCP": "", "InstalDate": 0, "Funder": "" }, "geometry": { "type": "Point", "coordinates": [ -3.171314722546906, 55.92262683873318 ] } },
{ "type": "Feature", "properties": { "OBJECTID": 475, "eastings": 326841, "northings": 670460, "bicycle_pa": "shed", "capacity": 17, "covered": "yes", "access": "university", "fee": "no", "operator": "University of Edinburgh", "CECLand": " ", "SchoolCP": "", "InstalDate": 0, "Funder": "" }, "geometry": { "type": "Point", "coordinates": [ -3.172228719696221, 55.921629750304234 ] } },
{ "type": "Feature", "properties": { "OBJECTID": 476, "eastings": 326769, "northings": 670574, "bicycle_pa": "stands", "capacity": 8, "covered": "no", "access": "yes", "fee": "no", "operator": "University of Edinburgh", "CECLand": " ", "SchoolCP": "", "InstalDate": 0, "Funder": "" }, "geometry": { "type": "Point", "coordinates": [ -3.173411521281857, 55.922642813799257 ] } },
{ "type": "Feature", "properties": { "OBJECTID": 477, "eastings": 326676, "northings": 670434, "bicycle_pa": "stands", "capacity": 20, "covered": "no", "access": "yes", "fee": "no", "operator": "University of Edinburgh", "CECLand": " ", "SchoolCP": "", "InstalDate": 0, "Funder": "" }, "geometry": { "type": "Point", "coordinates": [ -3.174861210564006, 55.921371037165827 ] } },
{ "type": "Feature", "properties": { "OBJECTID": 478, "eastings": 326913, "northings": 670502, "bicycle_pa": "rack", "capacity": 28, "covered": "no", "access": "yes", "fee": "no", "operator": "University of Edinburgh", "CECLand": " ", "SchoolCP": "", "InstalDate": 0, "Funder": "" }, "geometry": { "type": "Point", "coordinates": [ -3.171088301878377, 55.922017988511534 ] } },
{ "type": "Feature", "properties": { "OBJECTID": 479, "eastings": 324585, "northings": 674890, "bicycle_pa": " ", "capacity": 8, "covered": " ", "access": " ", "fee": " ", "operator": " ", "CECLand": "Y", "SchoolCP": "", "InstalDate": 0, "Funder": "" }, "geometry": { "type": "Point", "coordinates": [ -3.20955894473356, 55.961074465843048 ] } },
{ "type": "Feature", "properties": { "OBJECTID": 480, "eastings": 320707, "northings": 675177, "bicycle_pa": " ", "capacity": 8, "covered": " ", "access": " ", "fee": " ", "operator": " ", "CECLand": " ", "SchoolCP": "", "InstalDate": 0, "Funder": "" }, "geometry": { "type": "Point", "coordinates": [ -3.271742728025918, 55.9630265298564 ] } },
{ "type": "Feature", "properties": { "OBJECTID": 481, "eastings": 320716, "northings": 675182, "bicycle_pa": " ", "capacity": 4, "covered": " ", "access": " ", "fee": " ", "operator": " ", "CECLand": " ", "SchoolCP": "", "InstalDate": 0, "Funder": "" }, "geometry": { "type": "Point", "coordinates": [ -3.27160007783803, 55.963072930431302 ] } },
{ "type": "Feature", "properties": { "OBJECTID": 482, "eastings": 326135, "northings": 673454, "bicycle_pa": "stands", "capacity": 40, "covered": "no", "access": "yes", "fee": " ", "operator": "University of Edinburgh", "CECLand": " ", "SchoolCP": "", "InstalDate": 0, "Funder": "" }, "geometry": { "type": "Point", "coordinates": [ -3.184344237443114, 55.948416521215982 ] } },
{ "type": "Feature", "properties": { "OBJECTID": 483, "eastings": 326178, "northings": 673457, "bicycle_pa": "stands", "capacity": 32, "covered": "yes", "access": "private", "fee": " ", "operator": "University of Edinburgh", "CECLand": " ", "SchoolCP": "", "InstalDate": 0, "Funder": "" }, "geometry": { "type": "Point", "coordinates": [ -3.183656702932135, 55.948450074262304 ] } },
{ "type": "Feature", "properties": { "OBJECTID": 484, "eastings": 320068, "northings": 670074, "bicycle_pa": "stands", "capacity": 4, "covered": "no", "access": " ", "fee": " ", "operator": " ", "CECLand": " ", "SchoolCP": "", "InstalDate": 0, "Funder": "" }, "geometry": { "type": "Point", "coordinates": [ -3.280461523867284, 55.917083454034184 ] } },
{ "type": "Feature", "properties": { "OBJECTID": 485, "eastings": 319771, "northings": 669683, "bicycle_pa": "stands", "capacity": 4, "covered": "no", "access": " ", "fee": " ", "operator": " ", "CECLand": " ", "SchoolCP": "", "InstalDate": 0, "Funder": "" }, "geometry": { "type": "Point", "coordinates": [ -3.285095803640908, 55.913521854679026 ] } },
{ "type": "Feature", "properties": { "OBJECTID": 486, "eastings": 319539, "northings": 668960, "bicycle_pa": "stands", "capacity": 10, "covered": " ", "access": " ", "fee": " ", "operator": " ", "CECLand": " ", "SchoolCP": "", "InstalDate": 0, "Funder": "" }, "geometry": { "type": "Point", "coordinates": [ -3.288590711411791, 55.906988853179911 ] } },
{ "type": "Feature", "properties": { "OBJECTID": 487, "eastings": 326555, "northings": 670471, "bicycle_pa": "stands", "capacity": 62, "covered": "no", "access": "private", "fee": " ", "operator": "SRUC", "CECLand": " ", "SchoolCP": "", "InstalDate": 0, "Funder": "" }, "geometry": { "type": "Point", "coordinates": [ -3.176806966022663, 55.921684912187715 ] } },
{ "type": "Feature", "properties": { "OBJECTID": 488, "eastings": 326818, "northings": 670528, "bicycle_pa": "shed", "capacity": 66, "covered": "yes", "access": "private", "fee": " ", "operator": "University of Edinburgh", "CECLand": " ", "SchoolCP": "", "InstalDate": 0, "Funder": "" }, "geometry": { "type": "Point", "coordinates": [ -3.172615132256873, 55.922237074934017 ] } },
{ "type": "Feature", "properties": { "OBJECTID": 489, "eastings": 324551, "northings": 674643, "bicycle_pa": "stands", "capacity": 4, "covered": " ", "access": " ", "fee": " ", "operator": " ", "CECLand": "Y", "SchoolCP": "", "InstalDate": 0, "Funder": "" }, "geometry": { "type": "Point", "coordinates": [ -3.2100341808294, 55.958850486064016 ] } },
{ "type": "Feature", "properties": { "OBJECTID": 490, "eastings": 324430, "northings": 674669, "bicycle_pa": "stands", "capacity": 4, "covered": " ", "access": " ", "fee": " ", "operator": " ", "CECLand": "Y", "SchoolCP": "", "InstalDate": 0, "Funder": "" }, "geometry": { "type": "Point", "coordinates": [ -3.21197897782278, 55.959064993353209 ] } },
{ "type": "Feature", "properties": { "OBJECTID": 491, "eastings": 324612, "northings": 672977, "bicycle_pa": "stands", "capacity": 18, "covered": "no", "access": " ", "fee": " ", "operator": " ", "CECLand": " ", "SchoolCP": "", "InstalDate": 0, "Funder": "" }, "geometry": { "type": "Point", "coordinates": [ -3.208591119689646, 55.94389541665592 ] } },
{ "type": "Feature", "properties": { "OBJECTID": 492, "eastings": 325791, "northings": 673095, "bicycle_pa": "stands", "capacity": 7, "covered": "no", "access": "yes", "fee": "no", "operator": "University of Edinburgh", "CECLand": " ", "SchoolCP": "", "InstalDate": 0, "Funder": "" }, "geometry": { "type": "Point", "coordinates": [ -3.189752142089754, 55.945138787429713 ] } },
{ "type": "Feature", "properties": { "OBJECTID": 493, "eastings": 325765, "northings": 673110, "bicycle_pa": "stands", "capacity": 19, "covered": "no", "access": "yes", "fee": "no", "operator": "University of Edinburgh", "CECLand": " ", "SchoolCP": "", "InstalDate": 0, "Funder": "" }, "geometry": { "type": "Point", "coordinates": [ -3.190172456420164, 55.945269512243812 ] } },
{ "type": "Feature", "properties": { "OBJECTID": 494, "eastings": 312553, "northings": 678082, "bicycle_pa": "stands", "capacity": 10, "covered": "yes", "access": " ", "fee": " ", "operator": " ", "CECLand": " ", "SchoolCP": "", "InstalDate": 0, "Funder": "" }, "geometry": { "type": "Point", "coordinates": [ -3.40325914783888, 55.987702968427406 ] } },
{ "type": "Feature", "properties": { "OBJECTID": 495, "eastings": 326004, "northings": 673033, "bicycle_pa": "stands", "capacity": 24, "covered": "no", "access": " ", "fee": " ", "operator": " ", "CECLand": "Y", "SchoolCP": "", "InstalDate": 0, "Funder": "" }, "geometry": { "type": "Point", "coordinates": [ -3.186325631065656, 55.944614695559586 ] } },
{ "type": "Feature", "properties": { "OBJECTID": 496, "eastings": 324559, "northings": 673190, "bicycle_pa": "stands", "capacity": 10, "covered": "no", "access": " ", "fee": " ", "operator": " ", "CECLand": "Y", "SchoolCP": "", "InstalDate": 0, "Funder": "" }, "geometry": { "type": "Point", "coordinates": [ -3.209499089183218, 55.94580035709447 ] } },
{ "type": "Feature", "properties": { "OBJECTID": 497, "eastings": 324904, "northings": 673037, "bicycle_pa": "stands", "capacity": 6, "covered": "yes", "access": "permissive", "fee": " ", "operator": " ", "CECLand": " ", "SchoolCP": "", "InstalDate": 0, "Funder": "" }, "geometry": { "type": "Point", "coordinates": [ -3.203934025816451, 55.944480070312309 ] } },
{ "type": "Feature", "properties": { "OBJECTID": 498, "eastings": 325089, "northings": 673205, "bicycle_pa": "stands", "capacity": 6, "covered": "kinda", "access": " ", "fee": " ", "operator": " ", "CECLand": "Y", "SchoolCP": "", "InstalDate": 0, "Funder": "" }, "geometry": { "type": "Point", "coordinates": [ -3.201019548241962, 55.94601799518351 ] } },
{ "type": "Feature", "properties": { "OBJECTID": 499, "eastings": 325051, "northings": 673197, "bicycle_pa": "stands", "capacity": 8, "covered": "no", "access": " ", "fee": " ", "operator": " ", "CECLand": "Y", "SchoolCP": "", "InstalDate": 0, "Funder": "" }, "geometry": { "type": "Point", "coordinates": [ -3.201625594297842, 55.945940211912799 ] } },
{ "type": "Feature", "properties": { "OBJECTID": 500, "eastings": 328456, "northings": 669457, "bicycle_pa": "stands", "capacity": 8, "covered": "yes", "access": " ", "fee": " ", "operator": " ", "CECLand": " ", "SchoolCP": "", "InstalDate": 0, "Funder": "" }, "geometry": { "type": "Point", "coordinates": [ -3.146126399903595, 55.912863281860552 ] } },
{ "type": "Feature", "properties": { "OBJECTID": 501, "eastings": 327321, "northings": 669113, "bicycle_pa": "stands", "capacity": 4, "covered": "no", "access": " ", "fee": " ", "operator": " ", "CECLand": "Y", "SchoolCP": "", "InstalDate": 0, "Funder": "" }, "geometry": { "type": "Point", "coordinates": [ -3.164186571240786, 55.909602831007263 ] } },
{ "type": "Feature", "properties": { "OBJECTID": 502, "eastings": 325797, "northings": 673898, "bicycle_pa": "stands", "capacity": 12, "covered": "yes", "access": " ", "fee": " ", "operator": " ", "CECLand": " ", "SchoolCP": "", "InstalDate": 0, "Funder": "" }, "geometry": { "type": "Point", "coordinates": [ -3.189877371430788, 55.952352693786743 ] } },
{ "type": "Feature", "properties": { "OBJECTID": 503, "eastings": 325527, "northings": 673659, "bicycle_pa": "stands", "capacity": 10, "covered": "yes", "access": "destination", "fee": " ", "operator": " ", "CECLand": " ", "SchoolCP": "", "InstalDate": 0, "Funder": "" }, "geometry": { "type": "Point", "coordinates": [ -3.194133937532682, 55.95016411852194 ] } },
{ "type": "Feature", "properties": { "OBJECTID": 504, "eastings": 322878, "northings": 673258, "bicycle_pa": "stands", "capacity": 10, "covered": "no", "access": "yes", "fee": " ", "operator": " ", "CECLand": "Y", "SchoolCP": "", "InstalDate": 0, "Funder": "" }, "geometry": { "type": "Point", "coordinates": [ -3.236426450109696, 55.946144051342721 ] } },
{ "type": "Feature", "properties": { "OBJECTID": 505, "eastings": 328952, "northings": 670517, "bicycle_pa": "stands", "capacity": 64, "covered": "yes", "access": "employees", "fee": "no", "operator": "University of Edinburgh", "CECLand": " ", "SchoolCP": "", "InstalDate": 0, "Funder": "" }, "geometry": { "type": "Point", "coordinates": [ -3.138472959986562, 55.922458741344066 ] } },
{ "type": "Feature", "properties": { "OBJECTID": 506, "eastings": 330303, "northings": 671543, "bicycle_pa": "stands", "capacity": 20, "covered": "no", "access": " ", "fee": " ", "operator": " ", "CECLand": "Y", "SchoolCP": "", "InstalDate": 0, "Funder": "" }, "geometry": { "type": "Point", "coordinates": [ -3.117125310875124, 55.931873277099825 ] } },
{ "type": "Feature", "properties": { "OBJECTID": 507, "eastings": 319820, "northings": 669693, "bicycle_pa": "stands", "capacity": 14, "covered": "yes", "access": " ", "fee": " ", "operator": " ", "CECLand": " ", "SchoolCP": "", "InstalDate": 0, "Funder": "" }, "geometry": { "type": "Point", "coordinates": [ -3.284315088615155, 55.913619855753439 ] } },
{ "type": "Feature", "properties": { "OBJECTID": 508, "eastings": 318933, "northings": 671513, "bicycle_pa": "stands", "capacity": 18, "covered": "yes", "access": " ", "fee": " ", "operator": " ", "CECLand": " ", "SchoolCP": "", "InstalDate": 0, "Funder": "" }, "geometry": { "type": "Point", "coordinates": [ -3.299048473884804, 55.929818828677234 ] } },
{ "type": "Feature", "properties": { "OBJECTID": 509, "eastings": 318043, "northings": 671672, "bicycle_pa": "stands", "capacity": 18, "covered": " ", "access": " ", "fee": " ", "operator": " ", "CECLand": " ", "SchoolCP": "", "InstalDate": 0, "Funder": "" }, "geometry": { "type": "Point", "coordinates": [ -3.313336669811747, 55.93109585920763 ] } },
{ "type": "Feature", "properties": { "OBJECTID": 510, "eastings": 325282, "northings": 673191, "bicycle_pa": "stands", "capacity": 20, "covered": "no", "access": "yes", "fee": "no", "operator": "University of Edinburgh", "CECLand": " ", "SchoolCP": "", "InstalDate": 0, "Funder": "" }, "geometry": { "type": "Point", "coordinates": [ -3.197926271293888, 55.945922275108416 ] } },
{ "type": "Feature", "properties": { "OBJECTID": 511, "eastings": 325284, "northings": 673171, "bicycle_pa": "two-tier", "capacity": 32, "covered": "no", "access": "yes", "fee": "no", "operator": "University of Edinburgh", "CECLand": " ", "SchoolCP": "", "InstalDate": 0, "Funder": "" }, "geometry": { "type": "Point", "coordinates": [ -3.197888708583825, 55.945742935613893 ] } },
{ "type": "Feature", "properties": { "OBJECTID": 512, "eastings": 324633, "northings": 672954, "bicycle_pa": "stands", "capacity": 8, "covered": "no", "access": " ", "fee": " ", "operator": " ", "CECLand": " ", "SchoolCP": "", "InstalDate": 0, "Funder": "" }, "geometry": { "type": "Point", "coordinates": [ -3.208248555677575, 55.943692113676022 ] } },
{ "type": "Feature", "properties": { "OBJECTID": 513, "eastings": 314405, "northings": 677250, "bicycle_pa": "stands", "capacity": 12, "covered": "no", "access": " ", "fee": " ", "operator": " ", "CECLand": " ", "SchoolCP": "Y", "InstalDate": 0, "Funder": "" }, "geometry": { "type": "Point", "coordinates": [ -3.373318652666487, 55.980563719714645 ] } },
{ "type": "Feature", "properties": { "OBJECTID": 514, "eastings": 314389, "northings": 677250, "bicycle_pa": "stands", "capacity": 12, "covered": "no", "access": " ", "fee": " ", "operator": " ", "CECLand": " ", "SchoolCP": "Y", "InstalDate": 0, "Funder": "" }, "geometry": { "type": "Point", "coordinates": [ -3.373574981086487, 55.980560866140465 ] } },
{ "type": "Feature", "properties": { "OBJECTID": 515, "eastings": 314370, "northings": 677252, "bicycle_pa": "stands", "capacity": 14, "covered": "no", "access": " ", "fee": " ", "operator": " ", "CECLand": " ", "SchoolCP": "Y", "InstalDate": 0, "Funder": "" }, "geometry": { "type": "Point", "coordinates": [ -3.373880008326493, 55.980575441219735 ] } },
{ "type": "Feature", "properties": { "OBJECTID": 516, "eastings": 313865, "northings": 677933, "bicycle_pa": "stands", "capacity": 10, "covered": "no", "access": " ", "fee": " ", "operator": " ", "CECLand": "Y", "SchoolCP": "", "InstalDate": 0, "Funder": "" }, "geometry": { "type": "Point", "coordinates": [ -3.382188670665606, 55.986601932441758 ] } },
{ "type": "Feature", "properties": { "OBJECTID": 517, "eastings": 322648, "northings": 669374, "bicycle_pa": "stands", "capacity": 18, "covered": "yes", "access": " ", "fee": " ", "operator": " ", "CECLand": " ", "SchoolCP": "", "InstalDate": 0, "Funder": "" }, "geometry": { "type": "Point", "coordinates": [ -3.238992666524473, 55.911217992219527 ] } },
{ "type": "Feature", "properties": { "OBJECTID": 518, "eastings": 325927, "northings": 672883, "bicycle_pa": "stands", "capacity": 116, "covered": "no", "access": "yes", "fee": "no", "operator": "University of Edinburgh", "CECLand": "Y", "SchoolCP": "", "InstalDate": 0, "Funder": "" }, "geometry": { "type": "Point", "coordinates": [ -3.187516892592809, 55.943255449080738 ] } },
{ "type": "Feature", "properties": { "OBJECTID": 519, "eastings": 325948, "northings": 673036, "bicycle_pa": "stands", "capacity": 40, "covered": "no", "access": "yes", "fee": "no", "operator": "University of Edinburgh", "CECLand": "Y", "SchoolCP": "", "InstalDate": 0, "Funder": "" }, "geometry": { "type": "Point", "coordinates": [ -3.187222831847827, 55.944633021616923 ] } },
{ "type": "Feature", "properties": { "OBJECTID": 520, "eastings": 330599, "northings": 673696, "bicycle_pa": "stands", "capacity": 2, "covered": "no", "access": "customers", "fee": " ", "operator": " ", "CECLand": " ", "SchoolCP": "", "InstalDate": 0, "Funder": "" }, "geometry": { "type": "Point", "coordinates": [ -3.11294417689497, 55.951256480461026 ] } },
{ "type": "Feature", "properties": { "OBJECTID": 521, "eastings": 330824, "northings": 673710, "bicycle_pa": "stands", "capacity": 2, "covered": "no", "access": " ", "fee": " ", "operator": " ", "CECLand": "Y", "SchoolCP": "", "InstalDate": 0, "Funder": "" }, "geometry": { "type": "Point", "coordinates": [ -3.109345511926477, 55.951414747643881 ] } },
{ "type": "Feature", "properties": { "OBJECTID": 522, "eastings": 326585, "northings": 670614, "bicycle_pa": "stands", "capacity": 40, "covered": "yes", "access": "university", "fee": " ", "operator": "University of Edinburgh", "CECLand": " ", "SchoolCP": "", "InstalDate": 0, "Funder": "" }, "geometry": { "type": "Point", "coordinates": [ -3.176366015397071, 55.922974034378349 ] } },
{ "type": "Feature", "properties": { "OBJECTID": 523, "eastings": 326550, "northings": 670540, "bicycle_pa": "rack", "capacity": 20, "covered": "no", "access": "yes", "fee": "no", "operator": "University of Edinburgh", "CECLand": " ", "SchoolCP": "", "InstalDate": 0, "Funder": "" }, "geometry": { "type": "Point", "coordinates": [ -3.176905765710351, 55.922303958492257 ] } },
{ "type": "Feature", "properties": { "OBJECTID": 524, "eastings": 323079, "northings": 676069, "bicycle_pa": "stands", "capacity": 8, "covered": "no", "access": " ", "fee": " ", "operator": " ", "CECLand": " ", "SchoolCP": "", "InstalDate": 0, "Funder": "" }, "geometry": { "type": "Point", "coordinates": [ -3.234012469840911, 55.971425372132074 ] } },
{ "type": "Feature", "properties": { "OBJECTID": 525, "eastings": 319023, "northings": 676611, "bicycle_pa": "stands", "capacity": 4, "covered": "no", "access": " ", "fee": " ", "operator": " ", "CECLand": " ", "SchoolCP": "", "InstalDate": 0, "Funder": "" }, "geometry": { "type": "Point", "coordinates": [ -3.29914160684311, 55.97562549310743 ] } },
{ "type": "Feature", "properties": { "OBJECTID": 526, "eastings": 326576, "northings": 668855, "bicycle_pa": "stands", "capacity": 4, "covered": "no", "access": " ", "fee": " ", "operator": " ", "CECLand": "Y", "SchoolCP": "", "InstalDate": 0, "Funder": "" }, "geometry": { "type": "Point", "coordinates": [ -3.176030688440088, 55.907172000494015 ] } },
{ "type": "Feature", "properties": { "OBJECTID": 527, "eastings": 326876, "northings": 670559, "bicycle_pa": "stands", "capacity": 28, "covered": "no", "access": "yes", "fee": "no", "operator": "University of Edinburgh", "CECLand": " ", "SchoolCP": "", "InstalDate": 0, "Funder": "" }, "geometry": { "type": "Point", "coordinates": [ -3.171695683882668, 55.922524374834722 ] } },
{ "type": "Feature", "properties": { "OBJECTID": 528, "eastings": 322969, "northings": 668591, "bicycle_pa": "stands", "capacity": 12, "covered": "no", "access": " ", "fee": " ", "operator": " ", "CECLand": " ", "SchoolCP": "", "InstalDate": 0, "Funder": "" }, "geometry": { "type": "Point", "coordinates": [ -3.23363568366061, 55.904236094900561 ] } },
{ "type": "Feature", "properties": { "OBJECTID": 529, "eastings": 324220, "northings": 672798, "bicycle_pa": "stands", "capacity": 22, "covered": "no", "access": " ", "fee": " ", "operator": " ", "CECLand": "Y", "SchoolCP": "", "InstalDate": 0, "Funder": "" }, "geometry": { "type": "Point", "coordinates": [ -3.214815210547036, 55.942225935197854 ] } },
{ "type": "Feature", "properties": { "OBJECTID": 530, "eastings": 330344, "northings": 672501, "bicycle_pa": "stands", "capacity": 6, "covered": "no", "access": " ", "fee": " ", "operator": " ", "CECLand": " ", "SchoolCP": "", "InstalDate": 0, "Funder": "" }, "geometry": { "type": "Point", "coordinates": [ -3.116717422040291, 55.940484916571314 ] } },
{ "type": "Feature", "properties": { "OBJECTID": 531, "eastings": 325389, "northings": 675113, "bicycle_pa": "stands", "capacity": 16, "covered": "yes", "access": " ", "fee": " ", "operator": " ", "CECLand": " ", "SchoolCP": "", "InstalDate": 0, "Funder": "" }, "geometry": { "type": "Point", "coordinates": [ -3.196745987629968, 55.96320316988627 ] } },
{ "type": "Feature", "properties": { "OBJECTID": 532, "eastings": 325643, "northings": 673288, "bicycle_pa": "stands", "capacity": 6, "covered": "no", "access": " ", "fee": " ", "operator": " ", "CECLand": " ", "SchoolCP": "", "InstalDate": 0, "Funder": "" }, "geometry": { "type": "Point", "coordinates": [ -3.192174451858017, 55.946849554852541 ] } },
{ "type": "Feature", "properties": { "OBJECTID": 533, "eastings": 325098, "northings": 672415, "bicycle_pa": "shed", "capacity": 5, "covered": "yes", "access": "customers", "fee": "Private", "operator": "City of Edinburgh Council", "CECLand": "Y", "SchoolCP": "", "InstalDate": 0, "Funder": "" }, "geometry": { "type": "Point", "coordinates": [ -3.200655785100345, 55.938923154870693 ] } },
{ "type": "Feature", "properties": { "OBJECTID": 534, "eastings": 321855, "northings": 672382, "bicycle_pa": "stands", "capacity": 6, "covered": "no", "access": " ", "fee": " ", "operator": " ", "CECLand": "Y", "SchoolCP": "", "InstalDate": 0, "Funder": "" }, "geometry": { "type": "Point", "coordinates": [ -3.252547477357707, 55.938109806225867 ] } },
{ "type": "Feature", "properties": { "OBJECTID": 535, "eastings": 319079, "northings": 676865, "bicycle_pa": "stands", "capacity": 8, "covered": "no", "access": " ", "fee": " ", "operator": " ", "CECLand": " ", "SchoolCP": "", "InstalDate": 0, "Funder": "" }, "geometry": { "type": "Point", "coordinates": [ -3.298321058519714, 55.97791652546028 ] } },
{ "type": "Feature", "properties": { "OBJECTID": 536, "eastings": 324551, "northings": 673431, "bicycle_pa": "stands", "capacity": 6, "covered": "no", "access": " ", "fee": " ", "operator": " ", "CECLand": "Y", "SchoolCP": "", "InstalDate": 0, "Funder": "" }, "geometry": { "type": "Point", "coordinates": [ -3.209694640869361, 55.947963863084745 ] } },
{ "type": "Feature", "properties": { "OBJECTID": 537, "eastings": 326838, "northings": 670481, "bicycle_pa": "stands", "capacity": 54, "covered": "no", "access": "yes", "fee": "no", "operator": "University of Edinburgh", "CECLand": " ", "SchoolCP": "", "InstalDate": 0, "Funder": "" }, "geometry": { "type": "Point", "coordinates": [ -3.172282415016755, 55.921817931576285 ] } },
{ "type": "Feature", "properties": { "OBJECTID": 538, "eastings": 329601, "northings": 671294, "bicycle_pa": "stands", "capacity": 6, "covered": "no", "access": " ", "fee": " ", "operator": " ", "CECLand": " ", "SchoolCP": "", "InstalDate": 0, "Funder": "" }, "geometry": { "type": "Point", "coordinates": [ -3.128293442370117, 55.929534066500231 ] } },
{ "type": "Feature", "properties": { "OBJECTID": 539, "eastings": 329572, "northings": 671370, "bicycle_pa": "stands", "capacity": 4, "covered": "no", "access": " ", "fee": " ", "operator": " ", "CECLand": " ", "SchoolCP": "", "InstalDate": 0, "Funder": "" }, "geometry": { "type": "Point", "coordinates": [ -3.128777338819926, 55.930212512156793 ] } },
{ "type": "Feature", "properties": { "OBJECTID": 540, "eastings": 322860, "northings": 675016, "bicycle_pa": "stands", "capacity": 22, "covered": "no", "access": " ", "fee": " ", "operator": " ", "CECLand": " ", "SchoolCP": "", "InstalDate": 0, "Funder": "" }, "geometry": { "type": "Point", "coordinates": [ -3.237218371794484, 55.961931911870273 ] } },
{ "type": "Feature", "properties": { "OBJECTID": 541, "eastings": 321899, "northings": 668114, "bicycle_pa": "stands", "capacity": 6, "covered": "no", "access": " ", "fee": " ", "operator": " ", "CECLand": " ", "SchoolCP": "", "InstalDate": 0, "Funder": "" }, "geometry": { "type": "Point", "coordinates": [ -3.250607045239166, 55.899778834302289 ] } },
{ "type": "Feature", "properties": { "OBJECTID": 542, "eastings": 331384, "northings": 671896, "bicycle_pa": "stands", "capacity": 6, "covered": "no", "access": " ", "fee": " ", "operator": " ", "CECLand": " ", "SchoolCP": "", "InstalDate": 0, "Funder": "" }, "geometry": { "type": "Point", "coordinates": [ -3.099917610006663, 55.935200115152718 ] } },
{ "type": "Feature", "properties": { "OBJECTID": 543, "eastings": 331070, "northings": 671802, "bicycle_pa": "stands", "capacity": 8, "covered": "yes", "access": " ", "fee": " ", "operator": " ", "CECLand": " ", "SchoolCP": "", "InstalDate": 0, "Funder": "" }, "geometry": { "type": "Point", "coordinates": [ -3.104918450345285, 55.934310692251088 ] } },
{ "type": "Feature", "properties": { "OBJECTID": 544, "eastings": 331447, "northings": 671555, "bicycle_pa": "stands", "capacity": 10, "covered": "no", "access": " ", "fee": " ", "operator": "B&Q", "CECLand": " ", "SchoolCP": "", "InstalDate": 0, "Funder": "" }, "geometry": { "type": "Point", "coordinates": [ -3.09882260137044, 55.932145917532843 ] } },
{ "type": "Feature", "properties": { "OBJECTID": 545, "eastings": 324880, "northings": 668252, "bicycle_pa": "stands", "capacity": 6, "covered": " ", "access": " ", "fee": " ", "operator": " ", "CECLand": " ", "SchoolCP": "", "InstalDate": 0, "Funder": "" }, "geometry": { "type": "Point", "coordinates": [ -3.202984252004075, 55.901493313153352 ] } },
{ "type": "Feature", "properties": { "OBJECTID": 546, "eastings": 322990, "northings": 675681, "bicycle_pa": "stands", "capacity": 20, "covered": "yes", "access": " ", "fee": " ", "operator": " ", "CECLand": " ", "SchoolCP": "", "InstalDate": 0, "Funder": "" }, "geometry": { "type": "Point", "coordinates": [ -3.235326955430055, 55.967925987317244 ] } },
{ "type": "Feature", "properties": { "OBJECTID": 547, "eastings": 322966, "northings": 675988, "bicycle_pa": "stands", "capacity": 8, "covered": "no", "access": " ", "fee": " ", "operator": " ", "CECLand": " ", "SchoolCP": "", "InstalDate": 0, "Funder": "" }, "geometry": { "type": "Point", "coordinates": [ -3.23579928048406, 55.970679665155949 ] } },
{ "type": "Feature", "properties": { "OBJECTID": 548, "eastings": 322986, "northings": 676027, "bicycle_pa": "stands", "capacity": 8, "covered": "no", "access": " ", "fee": " ", "operator": " ", "CECLand": " ", "SchoolCP": "", "InstalDate": 0, "Funder": "" }, "geometry": { "type": "Point", "coordinates": [ -3.235490100825332, 55.971033185658484 ] } },
{ "type": "Feature", "properties": { "OBJECTID": 549, "eastings": 323005, "northings": 676033, "bicycle_pa": "stands", "capacity": 8, "covered": "no", "access": " ", "fee": " ", "operator": " ", "CECLand": " ", "SchoolCP": "", "InstalDate": 0, "Funder": "" }, "geometry": { "type": "Point", "coordinates": [ -3.235187484585051, 55.971090132118924 ] } },
{ "type": "Feature", "properties": { "OBJECTID": 550, "eastings": 323028, "northings": 676039, "bicycle_pa": "stands", "capacity": 8, "covered": "no", "access": " ", "fee": " ", "operator": " ", "CECLand": " ", "SchoolCP": "", "InstalDate": 0, "Funder": "" }, "geometry": { "type": "Point", "coordinates": [ -3.234820796869769, 55.971147720369217 ] } },
{ "type": "Feature", "properties": { "OBJECTID": 551, "eastings": 322970, "northings": 676047, "bicycle_pa": "stands", "capacity": 8, "covered": "no", "access": " ", "fee": " ", "operator": " ", "CECLand": " ", "SchoolCP": "", "InstalDate": 0, "Funder": "" }, "geometry": { "type": "Point", "coordinates": [ -3.235752111179713, 55.971210257849691 ] } },
{ "type": "Feature", "properties": { "OBJECTID": 552, "eastings": 323052, "northings": 676046, "bicycle_pa": "stands", "capacity": 8, "covered": "no", "access": " ", "fee": " ", "operator": " ", "CECLand": " ", "SchoolCP": "", "InstalDate": 0, "Funder": "" }, "geometry": { "type": "Point", "coordinates": [ -3.234438372862847, 55.97121444872672 ] } },
{ "type": "Feature", "properties": { "OBJECTID": 553, "eastings": 323074, "northings": 676056, "bicycle_pa": "stands", "capacity": 8, "covered": "no", "access": " ", "fee": " ", "operator": " ", "CECLand": " ", "SchoolCP": "", "InstalDate": 0, "Funder": "" }, "geometry": { "type": "Point", "coordinates": [ -3.234088840700138, 55.971307801260458 ] } },
{ "type": "Feature", "properties": { "OBJECTID": 554, "eastings": 323049, "northings": 676103, "bicycle_pa": "stands", "capacity": 8, "covered": "no", "access": " ", "fee": " ", "operator": " ", "CECLand": " ", "SchoolCP": "", "InstalDate": 0, "Funder": "" }, "geometry": { "type": "Point", "coordinates": [ -3.234502737554488, 55.97172595260092 ] } },
{ "type": "Feature", "properties": { "OBJECTID": 555, "eastings": 323028, "northings": 676126, "bicycle_pa": "stands", "capacity": 8, "covered": "no", "access": " ", "fee": " ", "operator": " ", "CECLand": " ", "SchoolCP": "", "InstalDate": 0, "Funder": "" }, "geometry": { "type": "Point", "coordinates": [ -3.234845699477048, 55.971929171545071 ] } },
{ "type": "Feature", "properties": { "OBJECTID": 556, "eastings": 323065, "northings": 676131, "bicycle_pa": "stands", "capacity": 8, "covered": "no", "access": " ", "fee": " ", "operator": " ", "CECLand": " ", "SchoolCP": "", "InstalDate": 0, "Funder": "" }, "geometry": { "type": "Point", "coordinates": [ -3.234254459529466, 55.971980022096609 ] } },
{ "type": "Feature", "properties": { "OBJECTID": 557, "eastings": 326948, "northings": 674244, "bicycle_pa": "stands", "capacity": 12, "covered": "no", "access": "private", "fee": " ", "operator": " ", "CECLand": " ", "SchoolCP": "", "InstalDate": 0, "Funder": "" }, "geometry": { "type": "Point", "coordinates": [ -3.171543810746896, 55.955637004333532 ] } },
{ "type": "Feature", "properties": { "OBJECTID": 558, "eastings": 327015, "northings": 674253, "bicycle_pa": "stands", "capacity": 12, "covered": "no", "access": "private", "fee": " ", "operator": " ", "CECLand": " ", "SchoolCP": "", "InstalDate": 0, "Funder": "" }, "geometry": { "type": "Point", "coordinates": [ -3.170473491700266, 55.955728029375493 ] } },
{ "type": "Feature", "properties": { "OBJECTID": 559, "eastings": 327008, "northings": 674271, "bicycle_pa": "rack", "capacity": 50, "covered": "yes", "access": "private", "fee": " ", "operator": " ", "CECLand": " ", "SchoolCP": "", "InstalDate": 0, "Funder": "" }, "geometry": { "type": "Point", "coordinates": [ -3.170590452448942, 55.955888652100349 ] } },
{ "type": "Feature", "properties": { "OBJECTID": 560, "eastings": 322518, "northings": 674311, "bicycle_pa": "stands", "capacity": 3, "covered": "no", "access": " ", "fee": " ", "operator": " ", "CECLand": " ", "SchoolCP": "", "InstalDate": 0, "Funder": "" }, "geometry": { "type": "Point", "coordinates": [ -3.242492042653328, 55.955544277802964 ] } },
{ "type": "Feature", "properties": { "OBJECTID": 561, "eastings": 319865, "northings": 675348, "bicycle_pa": "rack", "capacity": 20, "covered": "yes", "access": " ", "fee": " ", "operator": "The Royal High School", "CECLand": " ", "SchoolCP": "", "InstalDate": 0, "Funder": "" }, "geometry": { "type": "Point", "coordinates": [ -3.285277210158171, 55.964422339077224 ] } },
{ "type": "Feature", "properties": { "OBJECTID": 562, "eastings": 323351, "northings": 672109, "bicycle_pa": "shed", "capacity": 0, "covered": " ", "access": "private", "fee": " ", "operator": " ", "CECLand": " ", "SchoolCP": "", "InstalDate": 0, "Funder": "" }, "geometry": { "type": "Point", "coordinates": [ -3.228528029277722, 55.935899087296761 ] } },
{ "type": "Feature", "properties": { "OBJECTID": 563, "eastings": 324979, "northings": 671561, "bicycle_pa": "stands", "capacity": 24, "covered": "no", "access": " ", "fee": " ", "operator": " ", "CECLand": " ", "SchoolCP": "", "InstalDate": 0, "Funder": "" }, "geometry": { "type": "Point", "coordinates": [ -3.202322402792515, 55.931233286439593 ] } },
{ "type": "Feature", "properties": { "OBJECTID": 564, "eastings": 318588, "northings": 673504, "bicycle_pa": "stands", "capacity": 2, "covered": "no", "access": " ", "fee": " ", "operator": " ", "CECLand": " ", "SchoolCP": "", "InstalDate": 0, "Funder": "" }, "geometry": { "type": "Point", "coordinates": [ -3.305169800517251, 55.947643968167007 ] } },
{ "type": "Feature", "properties": { "OBJECTID": 565, "eastings": 330913, "northings": 671496, "bicycle_pa": "stands", "capacity": 8, "covered": "yes", "access": " ", "fee": " ", "operator": " ", "CECLand": " ", "SchoolCP": "", "InstalDate": 0, "Funder": "" }, "geometry": { "type": "Point", "coordinates": [ -3.10735233579698, 55.931539314327885 ] } },
{ "type": "Feature", "properties": { "OBJECTID": 566, "eastings": 325043, "northings": 670283, "bicycle_pa": "stands", "capacity": 4, "covered": "no", "access": " ", "fee": " ", "operator": " ", "CECLand": "Y", "SchoolCP": "", "InstalDate": 0, "Funder": "" }, "geometry": { "type": "Point", "coordinates": [ -3.20094258391052, 55.919762832082768 ] } },
{ "type": "Feature", "properties": { "OBJECTID": 567, "eastings": 327928, "northings": 669006, "bicycle_pa": "stands", "capacity": 6, "covered": " ", "access": " ", "fee": " ", "operator": " ", "CECLand": " ", "SchoolCP": "", "InstalDate": 0, "Funder": "" }, "geometry": { "type": "Point", "coordinates": [ -3.154450463089388, 55.908733127109791 ] } },
{ "type": "Feature", "properties": { "OBJECTID": 568, "eastings": 321928, "northings": 676103, "bicycle_pa": "stands", "capacity": 8, "covered": " ", "access": " ", "fee": " ", "operator": " ", "CECLand": "Y", "SchoolCP": "", "InstalDate": 0, "Funder": "" }, "geometry": { "type": "Point", "coordinates": [ -3.252458665706961, 55.971544618903259 ] } },
{ "type": "Feature", "properties": { "OBJECTID": 569, "eastings": 326335, "northings": 673610, "bicycle_pa": "stands", "capacity": 12, "covered": "no", "access": " ", "fee": " ", "operator": " ", "CECLand": " ", "SchoolCP": "", "InstalDate": 0, "Funder": "" }, "geometry": { "type": "Point", "coordinates": [ -3.18118526169569, 55.949848502937968 ] } },
{ "type": "Feature", "properties": { "OBJECTID": 570, "eastings": 320232, "northings": 674663, "bicycle_pa": "stands", "capacity": 6, "covered": " ", "access": " ", "fee": " ", "operator": " ", "CECLand": "Y", "SchoolCP": "", "InstalDate": 0, "Funder": "" }, "geometry": { "type": "Point", "coordinates": [ -3.279196853988743, 55.958330845432215 ] } },
{ "type": "Feature", "properties": { "OBJECTID": 571, "eastings": 321955, "northings": 671120, "bicycle_pa": "rack", "capacity": 8, "covered": "no", "access": "permissive", "fee": " ", "operator": " ", "CECLand": " ", "SchoolCP": "", "InstalDate": 0, "Funder": "" }, "geometry": { "type": "Point", "coordinates": [ -3.250580968757809, 55.926789643822943 ] } },
{ "type": "Feature", "properties": { "OBJECTID": 572, "eastings": 318569, "northings": 675028, "bicycle_pa": "stands", "capacity": 4, "covered": "no", "access": "yes", "fee": " ", "operator": " ", "CECLand": "Y", "SchoolCP": "", "InstalDate": 0, "Funder": "" }, "geometry": { "type": "Point", "coordinates": [ -3.305934758205814, 55.961329561469192 ] } },
{ "type": "Feature", "properties": { "OBJECTID": 573, "eastings": 330526, "northings": 673922, "bicycle_pa": "stands", "capacity": 6, "covered": "no", "access": " ", "fee": " ", "operator": " ", "CECLand": " ", "SchoolCP": "", "InstalDate": 0, "Funder": "" }, "geometry": { "type": "Point", "coordinates": [ -3.114171154538214, 55.953276035080442 ] } },
{ "type": "Feature", "properties": { "OBJECTID": 574, "eastings": 326668, "northings": 672740, "bicycle_pa": "stands", "capacity": 16, "covered": " ", "access": " ", "fee": " ", "operator": " ", "CECLand": " ", "SchoolCP": "", "InstalDate": 0, "Funder": "" }, "geometry": { "type": "Point", "coordinates": [ -3.175617323510169, 55.942084476201281 ] } },
{ "type": "Feature", "properties": { "OBJECTID": 575, "eastings": 326773, "northings": 672711, "bicycle_pa": "stands", "capacity": 14, "covered": "no", "access": " ", "fee": " ", "operator": " ", "CECLand": " ", "SchoolCP": "", "InstalDate": 0, "Funder": "" }, "geometry": { "type": "Point", "coordinates": [ -3.17392882866891, 55.941839972650165 ] } },
{ "type": "Feature", "properties": { "OBJECTID": 576, "eastings": 323874, "northings": 672844, "bicycle_pa": "stands", "capacity": 4, "covered": "no", "access": " ", "fee": " ", "operator": "St. Brides Centre", "CECLand": "Y", "SchoolCP": "Y", "InstalDate": 0, "Funder": "" }, "geometry": { "type": "Point", "coordinates": [ -3.22036613771884, 55.942584424372711 ] } },
{ "type": "Feature", "properties": { "OBJECTID": 577, "eastings": 323781, "northings": 672706, "bicycle_pa": "stands", "capacity": 10, "covered": "yes", "access": " ", "fee": " ", "operator": "Lidl", "CECLand": " ", "SchoolCP": "", "InstalDate": 0, "Funder": "" }, "geometry": { "type": "Point", "coordinates": [ -3.221815653631608, 55.941330098991251 ] } },
{ "type": "Feature", "properties": { "OBJECTID": 578, "eastings": 326938, "northings": 672562, "bicycle_pa": "stands", "capacity": 26, "covered": "no", "access": "yes", "fee": "no", "operator": "University of Edinburgh", "CECLand": " ", "SchoolCP": "", "InstalDate": 0, "Funder": "" }, "geometry": { "type": "Point", "coordinates": [ -3.171247427873345, 55.940526595531445 ] } },
{ "type": "Feature", "properties": { "OBJECTID": 579, "eastings": 326939, "northings": 672550, "bicycle_pa": "stands", "capacity": 14, "covered": "no", "access": "yes", "fee": "no", "operator": "University of Edinburgh", "CECLand": " ", "SchoolCP": "", "InstalDate": 0, "Funder": "" }, "geometry": { "type": "Point", "coordinates": [ -3.171228163914442, 55.940418950780902 ] } },
{ "type": "Feature", "properties": { "OBJECTID": 580, "eastings": 327003, "northings": 672418, "bicycle_pa": "racks", "capacity": 10, "covered": "no", "access": "yes", "fee": "no", "operator": "University of Edinburgh", "CECLand": " ", "SchoolCP": "", "InstalDate": 0, "Funder": "" }, "geometry": { "type": "Point", "coordinates": [ -3.170168020233718, 55.939242902808715 ] } },
{ "type": "Feature", "properties": { "OBJECTID": 581, "eastings": 327060, "northings": 672409, "bicycle_pa": "stands", "capacity": 10, "covered": "no", "access": "yes", "fee": "no", "operator": "University of Edinburgh", "CECLand": " ", "SchoolCP": "", "InstalDate": 0, "Funder": "" }, "geometry": { "type": "Point", "coordinates": [ -3.169253313848161, 55.939170700537368 ] } },
{ "type": "Feature", "properties": { "OBJECTID": 582, "eastings": 326432, "northings": 670782, "bicycle_pa": "rack", "capacity": 20, "covered": "yes", "access": "university", "fee": "no", "operator": "University of Edinburgh", "CECLand": " ", "SchoolCP": "", "InstalDate": 0, "Funder": "" }, "geometry": { "type": "Point", "coordinates": [ -3.178859578696866, 55.924459727111731 ] } },
{ "type": "Feature", "properties": { "OBJECTID": 583, "eastings": 319505, "northings": 670449, "bicycle_pa": "shed", "capacity": 16, "covered": "yes", "access": "private", "fee": " ", "operator": " ", "CECLand": " ", "SchoolCP": "Y", "InstalDate": 0, "Funder": "" }, "geometry": { "type": "Point", "coordinates": [ -3.289578647253356, 55.920357839010521 ] } },
{ "type": "Feature", "properties": { "OBJECTID": 584, "eastings": 325710, "northings": 673144, "bicycle_pa": "stands", "capacity": 2, "covered": "no", "access": " ", "fee": " ", "operator": "City of Edinburgh Council", "CECLand": "Y", "SchoolCP": "", "InstalDate": 0, "Funder": "" }, "geometry": { "type": "Point", "coordinates": [ -3.191062218024755, 55.945566424073689 ] } },
{ "type": "Feature", "properties": { "OBJECTID": 585, "eastings": 325712, "northings": 673154, "bicycle_pa": "stands", "capacity": 2, "covered": "no", "access": " ", "fee": " ", "operator": "City of Edinburgh Council", "CECLand": "Y", "SchoolCP": "", "InstalDate": 0, "Funder": "" }, "geometry": { "type": "Point", "coordinates": [ -3.191032962364178, 55.94565655881884 ] } },
{ "type": "Feature", "properties": { "OBJECTID": 586, "eastings": 325713, "northings": 673160, "bicycle_pa": "stands", "capacity": 2, "covered": "no", "access": " ", "fee": " ", "operator": "City of Edinburgh Council", "CECLand": "Y", "SchoolCP": "", "InstalDate": 0, "Funder": "" }, "geometry": { "type": "Point", "coordinates": [ -3.191018610331879, 55.945710608759256 ] } },
{ "type": "Feature", "properties": { "OBJECTID": 587, "eastings": 325573, "northings": 672289, "bicycle_pa": "stands", "capacity": 6, "covered": "no", "access": " ", "fee": " ", "operator": "City of Edinburgh Council", "CECLand": "Y", "SchoolCP": "", "InstalDate": 0, "Funder": "" }, "geometry": { "type": "Point", "coordinates": [ -3.193018870438761, 55.937865022124917 ] } },
{ "type": "Feature", "properties": { "OBJECTID": 588, "eastings": 325474, "northings": 672301, "bicycle_pa": "stands", "capacity": 8, "covered": "no", "access": " ", "fee": " ", "operator": " ", "CECLand": "Y", "SchoolCP": "", "InstalDate": 0, "Funder": "" }, "geometry": { "type": "Point", "coordinates": [ -3.194606584572337, 55.937957495782264 ] } },
{ "type": "Feature", "properties": { "OBJECTID": 589, "eastings": 326931, "northings": 674499, "bicycle_pa": "stands", "capacity": 4, "covered": "no", "access": " ", "fee": " ", "operator": " ", "CECLand": "Y", "SchoolCP": "", "InstalDate": 0, "Funder": "" }, "geometry": { "type": "Point", "coordinates": [ -3.171885229511, 55.95792497008226 ] } },
{ "type": "Feature", "properties": { "OBJECTID": 590, "eastings": 326939, "northings": 674566, "bicycle_pa": "stands", "capacity": 4, "covered": "no", "access": " ", "fee": " ", "operator": " ", "CECLand": "Y", "SchoolCP": "", "InstalDate": 0, "Funder": "" }, "geometry": { "type": "Point", "coordinates": [ -3.171775319322744, 55.958528018212071 ] } },
{ "type": "Feature", "properties": { "OBJECTID": 591, "eastings": 326967, "northings": 676011, "bicycle_pa": "stands", "capacity": 8, "covered": "yes", "access": " ", "fee": " ", "operator": "Newkirkgate Shopping Centre", "CECLand": " ", "SchoolCP": "", "InstalDate": 0, "Funder": "" }, "geometry": { "type": "Point", "coordinates": [ -3.171719194050594, 55.971512137554797 ] } },
{ "type": "Feature", "properties": { "OBJECTID": 592, "eastings": 325701, "northings": 673153, "bicycle_pa": "stands", "capacity": 4, "covered": "no", "access": " ", "fee": " ", "operator": "City of Edinburgh Council", "CECLand": "Y", "SchoolCP": "", "InstalDate": 0, "Funder": "" }, "geometry": { "type": "Point", "coordinates": [ -3.1912087647086, 55.945645876373533 ] } },
{ "type": "Feature", "properties": { "OBJECTID": 593, "eastings": 325703, "northings": 673166, "bicycle_pa": "stands", "capacity": 2, "covered": "no", "access": " ", "fee": " ", "operator": "City of Edinburgh Council", "CECLand": "Y", "SchoolCP": "", "InstalDate": 0, "Funder": "" }, "geometry": { "type": "Point", "coordinates": [ -3.1911803369812, 55.945762958850963 ] } },
{ "type": "Feature", "properties": { "OBJECTID": 594, "eastings": 325704, "northings": 673174, "bicycle_pa": "stands", "capacity": 4, "covered": "no", "access": " ", "fee": " ", "operator": "City of Edinburgh Council", "CECLand": "Y", "SchoolCP": "", "InstalDate": 0, "Funder": "" }, "geometry": { "type": "Point", "coordinates": [ -3.191166536879165, 55.945834973940507 ] } },
{ "type": "Feature", "properties": { "OBJECTID": 595, "eastings": 325716, "northings": 673199, "bicycle_pa": "stands", "capacity": 2, "covered": "no", "access": " ", "fee": " ", "operator": "City of Edinburgh Council", "CECLand": "Y", "SchoolCP": "", "InstalDate": 0, "Funder": "" }, "geometry": { "type": "Point", "coordinates": [ -3.190981346659941, 55.94606139253527 ] } },
{ "type": "Feature", "properties": { "OBJECTID": 596, "eastings": 325708, "northings": 673208, "bicycle_pa": "stands", "capacity": 2, "covered": "no", "access": " ", "fee": " ", "operator": "City of Edinburgh Council", "CECLand": "Y", "SchoolCP": "", "InstalDate": 0, "Funder": "" }, "geometry": { "type": "Point", "coordinates": [ -3.191111887729892, 55.946140999423697 ] } },
{ "type": "Feature", "properties": { "OBJECTID": 597, "eastings": 325717, "northings": 673209, "bicycle_pa": "stands", "capacity": 2, "covered": "no", "access": " ", "fee": " ", "operator": "City of Edinburgh Council", "CECLand": "Y", "SchoolCP": "", "InstalDate": 0, "Funder": "" }, "geometry": { "type": "Point", "coordinates": [ -3.190968097776624, 55.946151372749142 ] } },
{ "type": "Feature", "properties": { "OBJECTID": 598, "eastings": 325718, "northings": 673216, "bicycle_pa": "stands", "capacity": 2, "covered": "no", "access": " ", "fee": " ", "operator": "City of Edinburgh Council", "CECLand": "Y", "SchoolCP": "", "InstalDate": 0, "Funder": "" }, "geometry": { "type": "Point", "coordinates": [ -3.190954021321835, 55.946214405253599 ] } },
{ "type": "Feature", "properties": { "OBJECTID": 599, "eastings": 325719, "northings": 673221, "bicycle_pa": "stands", "capacity": 2, "covered": "no", "access": " ", "fee": " ", "operator": "City of Edinburgh Council", "CECLand": "Y", "SchoolCP": "", "InstalDate": 0, "Funder": "" }, "geometry": { "type": "Point", "coordinates": [ -3.190939393153418, 55.946259472618031 ] } },
{ "type": "Feature", "properties": { "OBJECTID": 600, "eastings": 326443, "northings": 673590, "bicycle_pa": "stands", "capacity": 24, "covered": "no", "access": "yes", "fee": "no", "operator": "University of Edinburgh", "CECLand": "Y", "SchoolCP": "", "InstalDate": 0, "Funder": "" }, "geometry": { "type": "Point", "coordinates": [ -3.179450834659737, 55.949685389753625 ] } },
{ "type": "Feature", "properties": { "OBJECTID": 601, "eastings": 325578, "northings": 674260, "bicycle_pa": "stands", "capacity": 4, "covered": "no", "access": " ", "fee": " ", "operator": " ", "CECLand": " ", "SchoolCP": "", "InstalDate": 0, "Funder": "" }, "geometry": { "type": "Point", "coordinates": [ -3.193483558916735, 55.955570473308399 ] } },
{ "type": "Feature", "properties": { "OBJECTID": 602, "eastings": 325495, "northings": 673416, "bicycle_pa": "stands", "capacity": 4, "covered": "no", "access": " ", "fee": " ", "operator": " ", "CECLand": "Y", "SchoolCP": "", "InstalDate": 0, "Funder": "" }, "geometry": { "type": "Point", "coordinates": [ -3.194578987925188, 55.947976404163896 ] } },
{ "type": "Feature", "properties": { "OBJECTID": 603, "eastings": 325858, "northings": 674488, "bicycle_pa": "stands", "capacity": 6, "covered": "no", "access": " ", "fee": " ", "operator": " ", "CECLand": "Y", "SchoolCP": "", "InstalDate": 0, "Funder": "" }, "geometry": { "type": "Point", "coordinates": [ -3.189063239909885, 55.957661765163635 ] } },
{ "type": "Feature", "properties": { "OBJECTID": 604, "eastings": 330293, "northings": 674108, "bicycle_pa": "stands", "capacity": 6, "covered": "no", "access": " ", "fee": " ", "operator": " ", "CECLand": "Y", "SchoolCP": "", "InstalDate": 0, "Funder": "" }, "geometry": { "type": "Point", "coordinates": [ -3.11794979276275, 55.95491303289969 ] } },
{ "type": "Feature", "properties": { "OBJECTID": 605, "eastings": 327872, "northings": 668294, "bicycle_pa": "stands", "capacity": 4, "covered": "no", "access": " ", "fee": " ", "operator": " ", "CECLand": " ", "SchoolCP": "", "InstalDate": 0, "Funder": "" }, "geometry": { "type": "Point", "coordinates": [ -3.155155474181076, 55.902328989299704 ] } },
{ "type": "Feature", "properties": { "OBJECTID": 606, "eastings": 328683, "northings": 669051, "bicycle_pa": "stands", "capacity": 6, "covered": " ", "access": " ", "fee": " ", "operator": " ", "CECLand": " ", "SchoolCP": "", "InstalDate": 0, "Funder": "" }, "geometry": { "type": "Point", "coordinates": [ -3.142388365315831, 55.909249995802561 ] } },
{ "type": "Feature", "properties": { "OBJECTID": 607, "eastings": 326279, "northings": 673175, "bicycle_pa": "stands", "capacity": 6, "covered": "no", "access": " ", "fee": " ", "operator": " ", "CECLand": "Y", "SchoolCP": "", "InstalDate": 0, "Funder": "" }, "geometry": { "type": "Point", "coordinates": [ -3.181962647914597, 55.94593246907376 ] } },
{ "type": "Feature", "properties": { "OBJECTID": 608, "eastings": 324883, "northings": 673027, "bicycle_pa": "stands", "capacity": 6, "covered": "no", "access": " ", "fee": " ", "operator": " ", "CECLand": "Y", "SchoolCP": "", "InstalDate": 0, "Funder": "" }, "geometry": { "type": "Point", "coordinates": [ -3.20426737319482, 55.944386964344851 ] } },
{ "type": "Feature", "properties": { "OBJECTID": 609, "eastings": 324866, "northings": 673017, "bicycle_pa": "stands", "capacity": 6, "covered": "no", "access": " ", "fee": " ", "operator": " ", "CECLand": "Y", "SchoolCP": "", "InstalDate": 0, "Funder": "" }, "geometry": { "type": "Point", "coordinates": [ -3.20453669346351, 55.944294482764533 ] } },
{ "type": "Feature", "properties": { "OBJECTID": 610, "eastings": 330801, "northings": 674056, "bicycle_pa": "stands", "capacity": 6, "covered": "no", "access": " ", "fee": " ", "operator": " ", "CECLand": "Y", "SchoolCP": "", "InstalDate": 0, "Funder": "" }, "geometry": { "type": "Point", "coordinates": [ -3.109802557946345, 55.954519497449247 ] } },
{ "type": "Feature", "properties": { "OBJECTID": 611, "eastings": 331188, "northings": 673772, "bicycle_pa": "stands", "capacity": 10, "covered": "no", "access": " ", "fee": " ", "operator": " ", "CECLand": "Y", "SchoolCP": "", "InstalDate": 0, "Funder": "" }, "geometry": { "type": "Point", "coordinates": [ -3.103533646328636, 55.952024051821702 ] } },
{ "type": "Feature", "properties": { "OBJECTID": 612, "eastings": 331361, "northings": 673655, "bicycle_pa": "stands", "capacity": 6, "covered": "no", "access": " ", "fee": " ", "operator": " ", "CECLand": "Y", "SchoolCP": "", "InstalDate": 0, "Funder": "" }, "geometry": { "type": "Point", "coordinates": [ -3.100734064060556, 55.950997847231861 ] } },
{ "type": "Feature", "properties": { "OBJECTID": 613, "eastings": 331426, "northings": 673609, "bicycle_pa": "stands", "capacity": 6, "covered": "no", "access": " ", "fee": " ", "operator": " ", "CECLand": "Y", "SchoolCP": "", "InstalDate": 0, "Funder": "" }, "geometry": { "type": "Point", "coordinates": [ -3.09968171397121, 55.950593932498727 ] } },
{ "type": "Feature", "properties": { "OBJECTID": 614, "eastings": 326904, "northings": 676685, "bicycle_pa": "stands", "capacity": 6, "covered": "yes", "access": "private", "fee": " ", "operator": " ", "CECLand": " ", "SchoolCP": "", "InstalDate": 0, "Funder": "" }, "geometry": { "type": "Point", "coordinates": [ -3.172911508144803, 55.977556887264541 ] } },
{ "type": "Feature", "properties": { "OBJECTID": 615, "eastings": 326956, "northings": 676676, "bicycle_pa": "stands", "capacity": 6, "covered": "no", "access": "private", "fee": " ", "operator": " ", "CECLand": " ", "SchoolCP": "", "InstalDate": 0, "Funder": "" }, "geometry": { "type": "Point", "coordinates": [ -3.172076003272789, 55.977483967919028 ] } },
{ "type": "Feature", "properties": { "OBJECTID": 616, "eastings": 329401, "northings": 668734, "bicycle_pa": "stands", "capacity": 4, "covered": " ", "access": " ", "fee": " ", "operator": " ", "CECLand": "Y", "SchoolCP": "", "InstalDate": 0, "Funder": "" }, "geometry": { "type": "Point", "coordinates": [ -3.130823059364754, 55.90650839046905 ] } },
{ "type": "Feature", "properties": { "OBJECTID": 617, "eastings": 329456, "northings": 668741, "bicycle_pa": "stands", "capacity": 4, "covered": " ", "access": " ", "fee": " ", "operator": " ", "CECLand": "Y", "SchoolCP": "", "InstalDate": 0, "Funder": "" }, "geometry": { "type": "Point", "coordinates": [ -3.129945400907795, 55.90657934042202 ] } },
{ "type": "Feature", "properties": { "OBJECTID": 618, "eastings": 324530, "northings": 671027, "bicycle_pa": "stands", "capacity": 4, "covered": "no", "access": " ", "fee": " ", "operator": "City of Edinburgh Council", "CECLand": "Y", "SchoolCP": "", "InstalDate": 0, "Funder": "" }, "geometry": { "type": "Point", "coordinates": [ -3.209357211989289, 55.926366128986793 ] } },
{ "type": "Feature", "properties": { "OBJECTID": 619, "eastings": 324530, "northings": 671012, "bicycle_pa": "stands", "capacity": 4, "covered": "no", "access": " ", "fee": " ", "operator": " ", "CECLand": "Y", "SchoolCP": "", "InstalDate": 0, "Funder": "" }, "geometry": { "type": "Point", "coordinates": [ -3.209353007312245, 55.926231382358978 ] } },
{ "type": "Feature", "properties": { "OBJECTID": 620, "eastings": 325670, "northings": 672953, "bicycle_pa": "stands", "capacity": 24, "covered": "yes", "access": " ", "fee": " ", "operator": " ", "CECLand": " ", "SchoolCP": "", "InstalDate": 0, "Funder": "" }, "geometry": { "type": "Point", "coordinates": [ -3.191649787425994, 55.94384457122441 ] } },
{ "type": "Feature", "properties": { "OBJECTID": 621, "eastings": 327508, "northings": 670767, "bicycle_pa": "stands", "capacity": 4, "covered": "no", "access": " ", "fee": "no", "operator": " ", "CECLand": "Y", "SchoolCP": "", "InstalDate": 0, "Funder": "" }, "geometry": { "type": "Point", "coordinates": [ -3.161641049378264, 55.924488615717081 ] } },
{ "type": "Feature", "properties": { "OBJECTID": 622, "eastings": 324811, "northings": 673143, "bicycle_pa": "stands", "capacity": 6, "covered": "no", "access": " ", "fee": " ", "operator": " ", "CECLand": "Y", "SchoolCP": "", "InstalDate": 0, "Funder": "" }, "geometry": { "type": "Point", "coordinates": [ -3.205452211919756, 55.945417672027716 ] } },
{ "type": "Feature", "properties": { "OBJECTID": 623, "eastings": 324884, "northings": 672589, "bicycle_pa": "stands", "capacity": 6, "covered": "no", "access": " ", "fee": " ", "operator": " ", "CECLand": "Y", "SchoolCP": "", "InstalDate": 0, "Funder": "" }, "geometry": { "type": "Point", "coordinates": [ -3.204129231848297, 55.940452772316824 ] } },
{ "type": "Feature", "properties": { "OBJECTID": 624, "eastings": 324658, "northings": 672172, "bicycle_pa": "stands", "capacity": 8, "covered": "no", "access": " ", "fee": " ", "operator": " ", "CECLand": "Y", "SchoolCP": "", "InstalDate": 0, "Funder": "" }, "geometry": { "type": "Point", "coordinates": [ -3.207629699952863, 55.936671658360709 ] } },
{ "type": "Feature", "properties": { "OBJECTID": 625, "eastings": 324941, "northings": 672615, "bicycle_pa": "stands", "capacity": 6, "covered": "no", "access": " ", "fee": " ", "operator": "City of Edinburgh Council", "CECLand": "Y", "SchoolCP": "", "InstalDate": 0, "Funder": "" }, "geometry": { "type": "Point", "coordinates": [ -3.20322420070301, 55.940695222550382 ] } },
{ "type": "Feature", "properties": { "OBJECTID": 626, "eastings": 324537, "northings": 672098, "bicycle_pa": "stands", "capacity": 4, "covered": "no", "access": " ", "fee": " ", "operator": "City of Edinburgh Council", "CECLand": "Y", "SchoolCP": "", "InstalDate": 0, "Funder": "" }, "geometry": { "type": "Point", "coordinates": [ -3.20954538030723, 55.935987983433016 ] } },
{ "type": "Feature", "properties": { "OBJECTID": 627, "eastings": 324514, "northings": 672048, "bicycle_pa": "stands", "capacity": 6, "covered": "no", "access": " ", "fee": " ", "operator": "City of Edinburgh Council", "CECLand": "Y", "SchoolCP": "", "InstalDate": 0, "Funder": "" }, "geometry": { "type": "Point", "coordinates": [ -3.209899443875886, 55.935535245602679 ] } },
{ "type": "Feature", "properties": { "OBJECTID": 628, "eastings": 324515, "northings": 671735, "bicycle_pa": "stands", "capacity": 4, "covered": "no", "access": " ", "fee": " ", "operator": " ", "CECLand": " ", "SchoolCP": "", "InstalDate": 0, "Funder": "" }, "geometry": { "type": "Point", "coordinates": [ -3.209795740856044, 55.932723814711721 ] } },
{ "type": "Feature", "properties": { "OBJECTID": 629, "eastings": 324856, "northings": 671212, "bicycle_pa": "stands", "capacity": 4, "covered": "no", "access": " ", "fee": " ", "operator": " ", "CECLand": "Y", "SchoolCP": "", "InstalDate": 0, "Funder": "" }, "geometry": { "type": "Point", "coordinates": [ -3.204193129414378, 55.928078997661927 ] } },
{ "type": "Feature", "properties": { "OBJECTID": 630, "eastings": 325456, "northings": 672317, "bicycle_pa": "stands", "capacity": 6, "covered": "no", "access": " ", "fee": " ", "operator": "City of Edinburgh Council", "CECLand": "Y", "SchoolCP": "", "InstalDate": 0, "Funder": "" }, "geometry": { "type": "Point", "coordinates": [ -3.194899086220019, 55.938098433346049 ] } },
{ "type": "Feature", "properties": { "OBJECTID": 631, "eastings": 325467, "northings": 672318, "bicycle_pa": "stands", "capacity": 6, "covered": "no", "access": " ", "fee": " ", "operator": "City of Edinburgh Council", "CECLand": "Y", "SchoolCP": "", "InstalDate": 0, "Funder": "" }, "geometry": { "type": "Point", "coordinates": [ -3.19472331841474, 55.938109119944642 ] } },
{ "type": "Feature", "properties": { "OBJECTID": 632, "eastings": 326506, "northings": 670553, "bicycle_pa": "wave", "capacity": 6, "covered": "no", "access": "yes", "fee": "no", "operator": "University of Edinburgh", "CECLand": " ", "SchoolCP": "", "InstalDate": 0, "Funder": "" }, "geometry": { "type": "Point", "coordinates": [ -3.177613208420996, 55.922414003654758 ] } },
{ "type": "Feature", "properties": { "OBJECTID": 633, "eastings": 326694, "northings": 670692, "bicycle_pa": "stands", "capacity": 28, "covered": "no", "access": "yes", "fee": "no", "operator": "University of Edinburgh", "CECLand": " ", "SchoolCP": "", "InstalDate": 0, "Funder": "" }, "geometry": { "type": "Point", "coordinates": [ -3.174643467973107, 55.923691339183456 ] } },
{ "type": "Feature", "properties": { "OBJECTID": 634, "eastings": 330817, "northings": 674044, "bicycle_pa": "stands", "capacity": 6, "covered": "no", "access": " ", "fee": " ", "operator": " ", "CECLand": "Y", "SchoolCP": "", "InstalDate": 0, "Funder": "" }, "geometry": { "type": "Point", "coordinates": [ -3.10954329532455, 55.954414011720708 ] } },
{ "type": "Feature", "properties": { "OBJECTID": 635, "eastings": 327776, "northings": 669998, "bicycle_pa": "stands", "capacity": 2, "covered": " ", "access": " ", "fee": " ", "operator": " ", "CECLand": "Y", "SchoolCP": "", "InstalDate": 0, "Funder": "" }, "geometry": { "type": "Point", "coordinates": [ -3.157147250928309, 55.917621215607092 ] } },
{ "type": "Feature", "properties": { "OBJECTID": 636, "eastings": 327713, "northings": 669984, "bicycle_pa": "stands", "capacity": 2, "covered": " ", "access": " ", "fee": " ", "operator": " ", "CECLand": "Y", "SchoolCP": "", "InstalDate": 0, "Funder": "" }, "geometry": { "type": "Point", "coordinates": [ -3.158151231144689, 55.917485978246383 ] } },
{ "type": "Feature", "properties": { "OBJECTID": 637, "eastings": 324509, "northings": 672031, "bicycle_pa": "bollard", "capacity": 2, "covered": "no", "access": " ", "fee": " ", "operator": "City of Edinburgh Council", "CECLand": "Y", "SchoolCP": "", "InstalDate": 0, "Funder": "" }, "geometry": { "type": "Point", "coordinates": [ -3.209974695691452, 55.935381756944444 ] } },
{ "type": "Feature", "properties": { "OBJECTID": 638, "eastings": 322941, "northings": 673223, "bicycle_pa": "stands", "capacity": 8, "covered": "no", "access": "yes", "fee": " ", "operator": " ", "CECLand": "Y", "SchoolCP": "", "InstalDate": 0, "Funder": "" }, "geometry": { "type": "Point", "coordinates": [ -3.235407990140494, 55.945839806507252 ] } },
{ "type": "Feature", "properties": { "OBJECTID": 639, "eastings": 329215, "northings": 668726, "bicycle_pa": "stands", "capacity": 6, "covered": " ", "access": " ", "fee": " ", "operator": " ", "CECLand": " ", "SchoolCP": "", "InstalDate": 0, "Funder": "" }, "geometry": { "type": "Point", "coordinates": [ -3.133795224432742, 55.906409192082222 ] } },
{ "type": "Feature", "properties": { "OBJECTID": 640, "eastings": 329230, "northings": 668696, "bicycle_pa": "stands", "capacity": 4, "covered": " ", "access": " ", "fee": " ", "operator": " ", "CECLand": "Y", "SchoolCP": "", "InstalDate": 0, "Funder": "" }, "geometry": { "type": "Point", "coordinates": [ -3.133547497886367, 55.906141910891805 ] } },
{ "type": "Feature", "properties": { "OBJECTID": 641, "eastings": 325657, "northings": 673591, "bicycle_pa": "stands", "capacity": 4, "covered": "no", "access": " ", "fee": " ", "operator": " ", "CECLand": "Y", "SchoolCP": "", "InstalDate": 0, "Funder": "" }, "geometry": { "type": "Point", "coordinates": [ -3.192034002383561, 55.949573435347816 ] } },
{ "type": "Feature", "properties": { "OBJECTID": 642, "eastings": 324351, "northings": 670946, "bicycle_pa": "stands", "capacity": 4, "covered": "no", "access": " ", "fee": " ", "operator": " ", "CECLand": " ", "SchoolCP": "", "InstalDate": 0, "Funder": "" }, "geometry": { "type": "Point", "coordinates": [ -3.21219828849512, 55.92561040441803 ] } },
{ "type": "Feature", "properties": { "OBJECTID": 643, "eastings": 326046, "northings": 673254, "bicycle_pa": "stands", "capacity": 6, "covered": "no", "access": " ", "fee": " ", "operator": " ", "CECLand": "Y", "SchoolCP": "", "InstalDate": 0, "Funder": "" }, "geometry": { "type": "Point", "coordinates": [ -3.185714041746817, 55.946606314601837 ] } },
{ "type": "Feature", "properties": { "OBJECTID": 644, "eastings": 324012, "northings": 672583, "bicycle_pa": "stands", "capacity": 4, "covered": "no", "access": " ", "fee": " ", "operator": " ", "CECLand": "Y", "SchoolCP": "", "InstalDate": 0, "Funder": "" }, "geometry": { "type": "Point", "coordinates": [ -3.218083728623201, 55.940261879966329 ] } },
{ "type": "Feature", "properties": { "OBJECTID": 645, "eastings": 324509, "northings": 672030, "bicycle_pa": "stands", "capacity": 2, "covered": "no", "access": " ", "fee": " ", "operator": "City of Edinburgh Council", "CECLand": "Y", "SchoolCP": "", "InstalDate": 0, "Funder": "" }, "geometry": { "type": "Point", "coordinates": [ -3.209974415533877, 55.935372774334276 ] } },
{ "type": "Feature", "properties": { "OBJECTID": 646, "eastings": 324509, "northings": 672032, "bicycle_pa": "stands", "capacity": 6, "covered": "no", "access": " ", "fee": " ", "operator": "City of Edinburgh Council", "CECLand": "Y", "SchoolCP": "", "InstalDate": 0, "Funder": "" }, "geometry": { "type": "Point", "coordinates": [ -3.209974975849181, 55.935390739554592 ] } },
{ "type": "Feature", "properties": { "OBJECTID": 647, "eastings": 324836, "northings": 672447, "bicycle_pa": "bollard", "capacity": 2, "covered": "no", "access": " ", "fee": " ", "operator": "City of Edinburgh Council", "CECLand": "Y", "SchoolCP": "", "InstalDate": 0, "Funder": "" }, "geometry": { "type": "Point", "coordinates": [ -3.204857836419282, 55.939169732793054 ] } },
{ "type": "Feature", "properties": { "OBJECTID": 648, "eastings": 324868, "northings": 672541, "bicycle_pa": "bollard", "capacity": 2, "covered": "no", "access": " ", "fee": " ", "operator": "City of Edinburgh Council", "CECLand": "Y", "SchoolCP": "", "InstalDate": 0, "Funder": "" }, "geometry": { "type": "Point", "coordinates": [ -3.204371919105209, 55.940019104269005 ] } },
{ "type": "Feature", "properties": { "OBJECTID": 649, "eastings": 323315, "northings": 676085, "bicycle_pa": "stands", "capacity": 6, "covered": "no", "access": " ", "fee": " ", "operator": " ", "CECLand": " ", "SchoolCP": "", "InstalDate": 0, "Funder": "" }, "geometry": { "type": "Point", "coordinates": [ -3.230236793652398, 55.971606894848072 ] } },
{ "type": "Feature", "properties": { "OBJECTID": 650, "eastings": 316321, "northings": 666306, "bicycle_pa": "stands", "capacity": 6, "covered": "no", "access": " ", "fee": " ", "operator": " ", "CECLand": " ", "SchoolCP": "", "InstalDate": 0, "Funder": "" }, "geometry": { "type": "Point", "coordinates": [ -3.339226344872138, 55.882600700293622 ] } },
{ "type": "Feature", "properties": { "OBJECTID": 651, "eastings": 318417, "northings": 671178, "bicycle_pa": "stands", "capacity": 10, "covered": "yes", "access": " ", "fee": " ", "operator": " ", "CECLand": " ", "SchoolCP": "", "InstalDate": 0, "Funder": "" }, "geometry": { "type": "Point", "coordinates": [ -3.307203030990729, 55.926722347745482 ] } },
{ "type": "Feature", "properties": { "OBJECTID": 652, "eastings": 324794, "northings": 667760, "bicycle_pa": "stands", "capacity": 6, "covered": " ", "access": " ", "fee": " ", "operator": " ", "CECLand": " ", "SchoolCP": "", "InstalDate": 0, "Funder": "" }, "geometry": { "type": "Point", "coordinates": [ -3.204222329856816, 55.897060414272765 ] } },
{ "type": "Feature", "properties": { "OBJECTID": 653, "eastings": 327484, "northings": 674852, "bicycle_pa": "stands", "capacity": 6, "covered": " ", "access": " ", "fee": " ", "operator": " ", "CECLand": " ", "SchoolCP": "", "InstalDate": 0, "Funder": "" }, "geometry": { "type": "Point", "coordinates": [ -3.163125534592768, 55.96117967702677 ] } },
{ "type": "Feature", "properties": { "OBJECTID": 654, "eastings": 327479, "northings": 674894, "bicycle_pa": "stands", "capacity": 8, "covered": " ", "access": " ", "fee": " ", "operator": " ", "CECLand": " ", "SchoolCP": "", "InstalDate": 0, "Funder": "" }, "geometry": { "type": "Point", "coordinates": [ -3.163216920593485, 55.96155619201749 ] } },
{ "type": "Feature", "properties": { "OBJECTID": 655, "eastings": 325046, "northings": 674265, "bicycle_pa": "stands", "capacity": 4, "covered": "no", "access": " ", "fee": " ", "operator": " ", "CECLand": "Y", "SchoolCP": "", "InstalDate": 0, "Funder": "" }, "geometry": { "type": "Point", "coordinates": [ -3.202002825595014, 55.955532682002058 ] } },
{ "type": "Feature", "properties": { "OBJECTID": 656, "eastings": 326462, "northings": 675014, "bicycle_pa": "stands", "capacity": 8, "covered": "no", "access": " ", "fee": " ", "operator": " ", "CECLand": "Y", "SchoolCP": "", "InstalDate": 0, "Funder": "" }, "geometry": { "type": "Point", "coordinates": [ -3.179535681684623, 55.962479400971823 ] } },
{ "type": "Feature", "properties": { "OBJECTID": 657, "eastings": 326440, "northings": 675033, "bicycle_pa": "stands", "capacity": 10, "covered": "no", "access": " ", "fee": " ", "operator": " ", "CECLand": " ", "SchoolCP": "", "InstalDate": 0, "Funder": "" }, "geometry": { "type": "Point", "coordinates": [ -3.1798931852221, 55.962646699197109 ] } },
{ "type": "Feature", "properties": { "OBJECTID": 658, "eastings": 326433, "northings": 675041, "bicycle_pa": "stands", "capacity": 10, "covered": " ", "access": " ", "fee": " ", "operator": " ", "CECLand": " ", "SchoolCP": "", "InstalDate": 0, "Funder": "" }, "geometry": { "type": "Point", "coordinates": [ -3.180007471327141, 55.962717486930003 ] } },
{ "type": "Feature", "properties": { "OBJECTID": 659, "eastings": 326497, "northings": 675058, "bicycle_pa": "stands", "capacity": 8, "covered": "no", "access": " ", "fee": " ", "operator": " ", "CECLand": "Y", "SchoolCP": "", "InstalDate": 0, "Funder": "" }, "geometry": { "type": "Point", "coordinates": [ -3.178987207208384, 55.962879989735441 ] } },
{ "type": "Feature", "properties": { "OBJECTID": 660, "eastings": 326496, "northings": 675073, "bicycle_pa": "stands", "capacity": 8, "covered": "no", "access": " ", "fee": " ", "operator": " ", "CECLand": "Y", "SchoolCP": "", "InstalDate": 0, "Funder": "" }, "geometry": { "type": "Point", "coordinates": [ -3.179007318803823, 55.963014574328511 ] } },
{ "type": "Feature", "properties": { "OBJECTID": 661, "eastings": 322568, "northings": 674546, "bicycle_pa": "stands", "capacity": 16, "covered": "yes", "access": " ", "fee": " ", "operator": " ", "CECLand": " ", "SchoolCP": "", "InstalDate": 0, "Funder": "" }, "geometry": { "type": "Point", "coordinates": [ -3.24175911003204, 55.957663180530119 ] } },
{ "type": "Feature", "properties": { "OBJECTID": 662, "eastings": 322507, "northings": 674636, "bicycle_pa": " ", "capacity": 10, "covered": " ", "access": " ", "fee": " ", "operator": " ", "CECLand": " ", "SchoolCP": "", "InstalDate": 0, "Funder": "" }, "geometry": { "type": "Point", "coordinates": [ -3.242761752371176, 55.95846171975704 ] } },
{ "type": "Feature", "properties": { "OBJECTID": 663, "eastings": 322538, "northings": 674746, "bicycle_pa": "stands", "capacity": 4, "covered": "no", "access": " ", "fee": " ", "operator": " ", "CECLand": " ", "SchoolCP": "", "InstalDate": 0, "Funder": "" }, "geometry": { "type": "Point", "coordinates": [ -3.242297040696053, 55.95945477466163 ] } },
{ "type": "Feature", "properties": { "OBJECTID": 664, "eastings": 326091, "northings": 672873, "bicycle_pa": "stands", "capacity": 6, "covered": "no", "access": " ", "fee": " ", "operator": " ", "CECLand": "Y", "SchoolCP": "", "InstalDate": 0, "Funder": "" }, "geometry": { "type": "Point", "coordinates": [ -3.184889136588835, 55.943190858009466 ] } },
{ "type": "Feature", "properties": { "OBJECTID": 665, "eastings": 329084, "northings": 670476, "bicycle_pa": "shed", "capacity": 84, "covered": "yes", "access": "employees", "fee": "no", "operator": " ", "CECLand": " ", "SchoolCP": "", "InstalDate": 0, "Funder": "" }, "geometry": { "type": "Point", "coordinates": [ -3.136350444361272, 55.922109955732381 ] } },
{ "type": "Feature", "properties": { "OBJECTID": 666, "eastings": 326960, "northings": 676006, "bicycle_pa": "rack", "capacity": 2, "covered": " ", "access": " ", "fee": " ", "operator": " ", "CECLand": " ", "SchoolCP": "", "InstalDate": 0, "Funder": "" }, "geometry": { "type": "Point", "coordinates": [ -3.171829961312461, 55.971466158593607 ] } },
{ "type": "Feature", "properties": { "OBJECTID": 667, "eastings": 325608, "northings": 672930, "bicycle_pa": "stands", "capacity": 10, "covered": "no", "access": " ", "fee": " ", "operator": " ", "CECLand": " ", "SchoolCP": "", "InstalDate": 0, "Funder": "" }, "geometry": { "type": "Point", "coordinates": [ -3.192635829695646, 55.943628384051998 ] } },
{ "type": "Feature", "properties": { "OBJECTID": 668, "eastings": 325641, "northings": 673476, "bicycle_pa": "stands", "capacity": 4, "covered": "no", "access": " ", "fee": " ", "operator": " ", "CECLand": "Y", "SchoolCP": "", "InstalDate": 0, "Funder": "" }, "geometry": { "type": "Point", "coordinates": [ -3.192258382237839, 55.94853796623751 ] } },
{ "type": "Feature", "properties": { "OBJECTID": 669, "eastings": 327291, "northings": 669667, "bicycle_pa": "rack", "capacity": 2, "covered": "no", "access": " ", "fee": " ", "operator": " ", "CECLand": "Y", "SchoolCP": "", "InstalDate": 0, "Funder": "" }, "geometry": { "type": "Point", "coordinates": [ -3.16481586348044, 55.914574741645644 ] } },
{ "type": "Feature", "properties": { "OBJECTID": 670, "eastings": 324300, "northings": 674691, "bicycle_pa": "racks", "capacity": 4, "covered": " ", "access": " ", "fee": " ", "operator": " ", "CECLand": "Y", "SchoolCP": "", "InstalDate": 0, "Funder": "" }, "geometry": { "type": "Point", "coordinates": [ -3.214066785605178, 55.959242121002205 ] } },
{ "type": "Feature", "properties": { "OBJECTID": 671, "eastings": 324299, "northings": 674679, "bicycle_pa": "rack", "capacity": 4, "covered": " ", "access": " ", "fee": " ", "operator": " ", "CECLand": "Y", "SchoolCP": "", "InstalDate": 0, "Funder": "" }, "geometry": { "type": "Point", "coordinates": [ -3.214079423449972, 55.959134175675878 ] } },
{ "type": "Feature", "properties": { "OBJECTID": 672, "eastings": 326234, "northings": 673656, "bicycle_pa": "stands", "capacity": 6, "covered": "no", "access": " ", "fee": " ", "operator": " ", "CECLand": " ", "SchoolCP": "", "InstalDate": 0, "Funder": "" }, "geometry": { "type": "Point", "coordinates": [ -3.182814761417222, 55.950246209644007 ] } },
{ "type": "Feature", "properties": { "OBJECTID": 673, "eastings": 324948, "northings": 673834, "bicycle_pa": "stands", "capacity": 6, "covered": "no", "access": " ", "fee": " ", "operator": " ", "CECLand": "Y", "SchoolCP": "", "InstalDate": 0, "Funder": "" }, "geometry": { "type": "Point", "coordinates": [ -3.203451815797816, 55.951645958967916 ] } },
{ "type": "Feature", "properties": { "OBJECTID": 674, "eastings": 324798, "northings": 673792, "bicycle_pa": "stands", "capacity": 6, "covered": "no", "access": " ", "fee": " ", "operator": " ", "CECLand": "Y", "SchoolCP": "", "InstalDate": 0, "Funder": "" }, "geometry": { "type": "Point", "coordinates": [ -3.205841493728324, 55.951245238160809 ] } },
{ "type": "Feature", "properties": { "OBJECTID": 675, "eastings": 322803, "northings": 672801, "bicycle_pa": "stands", "capacity": 8, "covered": " ", "access": " ", "fee": " ", "operator": " ", "CECLand": " ", "SchoolCP": "", "InstalDate": 0, "Funder": "" }, "geometry": { "type": "Point", "coordinates": [ -3.237495996467155, 55.942027082065138 ] } },
{ "type": "Feature", "properties": { "OBJECTID": 676, "eastings": 326234, "northings": 672315, "bicycle_pa": "stands", "capacity": 10, "covered": "no", "access": " ", "fee": " ", "operator": " ", "CECLand": "Y", "SchoolCP": "", "InstalDate": 0, "Funder": "" }, "geometry": { "type": "Point", "coordinates": [ -3.182447335091863, 55.938200357036472 ] } },
{ "type": "Feature", "properties": { "OBJECTID": 677, "eastings": 311125, "northings": 669185, "bicycle_pa": "rack", "capacity": 12, "covered": "no", "access": " ", "fee": " ", "operator": " ", "CECLand": " ", "SchoolCP": "", "InstalDate": 0, "Funder": "" }, "geometry": { "type": "Point", "coordinates": [ -3.423203994311058, 55.907528234127149 ] } },
{ "type": "Feature", "properties": { "OBJECTID": 678, "eastings": 329095, "northings": 669532, "bicycle_pa": "stands", "capacity": 4, "covered": " ", "access": " ", "fee": " ", "operator": " ", "CECLand": "Y", "SchoolCP": "", "InstalDate": 0, "Funder": "" }, "geometry": { "type": "Point", "coordinates": [ -3.135926070177519, 55.91363172754086 ] } },
{ "type": "Feature", "properties": { "OBJECTID": 679, "eastings": 328818, "northings": 669504, "bicycle_pa": "stands", "capacity": 4, "covered": " ", "access": " ", "fee": " ", "operator": " ", "CECLand": "Y", "SchoolCP": "", "InstalDate": 0, "Funder": "" }, "geometry": { "type": "Point", "coordinates": [ -3.140349055112238, 55.91333924524465 ] } },
{ "type": "Feature", "properties": { "OBJECTID": 680, "eastings": 329163, "northings": 669519, "bicycle_pa": "stands", "capacity": 4, "covered": " ", "access": " ", "fee": " ", "operator": " ", "CECLand": " ", "SchoolCP": "", "InstalDate": 0, "Funder": "" }, "geometry": { "type": "Point", "coordinates": [ -3.134835049454371, 55.913524981362215 ] } },
{ "type": "Feature", "properties": { "OBJECTID": 681, "eastings": 323606, "northings": 677295, "bicycle_pa": "wall_loops", "capacity": 10, "covered": " ", "access": " ", "fee": " ", "operator": " ", "CECLand": " ", "SchoolCP": "", "InstalDate": 0, "Funder": "" }, "geometry": { "type": "Point", "coordinates": [ -3.225919401529617, 55.982521969489213 ] } },
{ "type": "Feature", "properties": { "OBJECTID": 682, "eastings": 320221, "northings": 672738, "bicycle_pa": "stands", "capacity": 6, "covered": " ", "access": " ", "fee": " ", "operator": " ", "CECLand": " ", "SchoolCP": "", "InstalDate": 0, "Funder": "" }, "geometry": { "type": "Point", "coordinates": [ -3.278802824524393, 55.941038250821784 ] } },
{ "type": "Feature", "properties": { "OBJECTID": 683, "eastings": 317663, "northings": 672748, "bicycle_pa": "stands", "capacity": 64, "covered": "yes", "access": "yes", "fee": " ", "operator": " ", "CECLand": " ", "SchoolCP": "", "InstalDate": 0, "Funder": "" }, "geometry": { "type": "Point", "coordinates": [ -3.319745453118462, 55.940695614989551 ] } },
{ "type": "Feature", "properties": { "OBJECTID": 684, "eastings": 317610, "northings": 672774, "bicycle_pa": "stands", "capacity": 32, "covered": "yes", "access": "yes", "fee": " ", "operator": " ", "CECLand": " ", "SchoolCP": "", "InstalDate": 0, "Funder": "" }, "geometry": { "type": "Point", "coordinates": [ -3.320601631715171, 55.94092006383228 ] } },
{ "type": "Feature", "properties": { "OBJECTID": 685, "eastings": 324402, "northings": 673196, "bicycle_pa": "anchors", "capacity": 10, "covered": " ", "access": "private", "fee": " ", "operator": " ", "CECLand": " ", "SchoolCP": "", "InstalDate": 0, "Funder": "" }, "geometry": { "type": "Point", "coordinates": [ -3.212013863413867, 55.945829581765935 ] } },
{ "type": "Feature", "properties": { "OBJECTID": 686, "eastings": 325922, "northings": 677155, "bicycle_pa": "stands", "capacity": 12, "covered": "yes", "access": " ", "fee": " ", "operator": " ", "CECLand": " ", "SchoolCP": "", "InstalDate": 0, "Funder": "" }, "geometry": { "type": "Point", "coordinates": [ -3.188772879075914, 55.981628008511962 ] } },
{ "type": "Feature", "properties": { "OBJECTID": 687, "eastings": 321347, "northings": 674989, "bicycle_pa": "stands", "capacity": 4, "covered": " ", "access": " ", "fee": " ", "operator": " ", "CECLand": " ", "SchoolCP": "", "InstalDate": 0, "Funder": "" }, "geometry": { "type": "Point", "coordinates": [ -3.261438909333574, 55.961443406557329 ] } },
{ "type": "Feature", "properties": { "OBJECTID": 688, "eastings": 325457, "northings": 672938, "bicycle_pa": "stands", "capacity": 6, "covered": "no", "access": " ", "fee": " ", "operator": " ", "CECLand": " ", "SchoolCP": "", "InstalDate": 0, "Funder": "" }, "geometry": { "type": "Point", "coordinates": [ -3.195054990016307, 55.943676859311267 ] } },
{ "type": "Feature", "properties": { "OBJECTID": 689, "eastings": 320254, "northings": 675743, "bicycle_pa": " ", "capacity": 0, "covered": " ", "access": " ", "fee": " ", "operator": " ", "CECLand": " ", "SchoolCP": "", "InstalDate": 0, "Funder": "" }, "geometry": { "type": "Point", "coordinates": [ -3.279164781791684, 55.96803522352856 ] } },
{ "type": "Feature", "properties": { "OBJECTID": 690, "eastings": 326112, "northings": 674441, "bicycle_pa": "stands", "capacity": 8, "covered": "no", "access": "customers", "fee": " ", "operator": " ", "CECLand": "Y", "SchoolCP": "", "InstalDate": 0, "Funder": "" }, "geometry": { "type": "Point", "coordinates": [ -3.184983300214693, 55.95727872139414 ] } },
{ "type": "Feature", "properties": { "OBJECTID": 691, "eastings": 327155, "northings": 674027, "bicycle_pa": "stands", "capacity": 8, "covered": "no", "access": " ", "fee": " ", "operator": " ", "CECLand": " ", "SchoolCP": "", "InstalDate": 0, "Funder": "" }, "geometry": { "type": "Point", "coordinates": [ -3.168170739171488, 55.953719213249158 ] } },
{ "type": "Feature", "properties": { "OBJECTID": 692, "eastings": 330429, "northings": 672906, "bicycle_pa": " ", "capacity": 96, "covered": "yes", "access": "private", "fee": " ", "operator": " ", "CECLand": "Y", "SchoolCP": "", "InstalDate": 0, "Funder": "" }, "geometry": { "type": "Point", "coordinates": [ -3.115461704899021, 55.944135347219756 ] } },
{ "type": "Feature", "properties": { "OBJECTID": 693, "eastings": 330575, "northings": 672910, "bicycle_pa": " ", "capacity": 48, "covered": "yes", "access": "yes", "fee": " ", "operator": " ", "CECLand": "Y", "SchoolCP": "", "InstalDate": 0, "Funder": "" }, "geometry": { "type": "Point", "coordinates": [ -3.113125734852087, 55.94419243556672 ] } },
{ "type": "Feature", "properties": { "OBJECTID": 694, "eastings": 330198, "northings": 671819, "bicycle_pa": "stands", "capacity": 10, "covered": "no", "access": " ", "fee": " ", "operator": " ", "CECLand": " ", "SchoolCP": "", "InstalDate": 0, "Funder": "" }, "geometry": { "type": "Point", "coordinates": [ -3.118877062851242, 55.934337305674696 ] } },
{ "type": "Feature", "properties": { "OBJECTID": 695, "eastings": 330199, "northings": 671831, "bicycle_pa": "stands", "capacity": 4, "covered": "no", "access": " ", "fee": " ", "operator": " ", "CECLand": "Y", "SchoolCP": "", "InstalDate": 0, "Funder": "" }, "geometry": { "type": "Point", "coordinates": [ -3.118864175864439, 55.934445246835551 ] } },
{ "type": "Feature", "properties": { "OBJECTID": 696, "eastings": 330180, "northings": 671833, "bicycle_pa": "stands", "capacity": 4, "covered": "no", "access": " ", "fee": " ", "operator": " ", "CECLand": "Y", "SchoolCP": "", "InstalDate": 0, "Funder": "" }, "geometry": { "type": "Point", "coordinates": [ -3.119168749522746, 55.934460448501518 ] } },
{ "type": "Feature", "properties": { "OBJECTID": 697, "eastings": 330170, "northings": 671860, "bicycle_pa": "stands", "capacity": 4, "covered": "no", "access": " ", "fee": " ", "operator": " ", "CECLand": " ", "SchoolCP": "", "InstalDate": 0, "Funder": "" }, "geometry": { "type": "Point", "coordinates": [ -3.119335791485183, 55.934701533541507 ] } },
{ "type": "Feature", "properties": { "OBJECTID": 698, "eastings": 330173, "northings": 671888, "bicycle_pa": "stands", "capacity": 4, "covered": "no", "access": " ", "fee": " ", "operator": " ", "CECLand": " ", "SchoolCP": "", "InstalDate": 0, "Funder": "" }, "geometry": { "type": "Point", "coordinates": [ -3.11929505558244, 55.934953493320769 ] } },
{ "type": "Feature", "properties": { "OBJECTID": 699, "eastings": 330150, "northings": 671913, "bicycle_pa": "stands", "capacity": 6, "covered": "no", "access": " ", "fee": " ", "operator": " ", "CECLand": "Y", "SchoolCP": "", "InstalDate": 0, "Funder": "" }, "geometry": { "type": "Point", "coordinates": [ -3.119669621394022, 55.935174719847289 ] } },
{ "type": "Feature", "properties": { "OBJECTID": 700, "eastings": 323016, "northings": 671180, "bicycle_pa": "stands", "capacity": 10, "covered": " ", "access": " ", "fee": " ", "operator": " ", "CECLand": " ", "SchoolCP": "Y", "InstalDate": 0, "Funder": "" }, "geometry": { "type": "Point", "coordinates": [ -3.233622803593033, 55.927500069847767 ] } },
{ "type": "Feature", "properties": { "OBJECTID": 701, "eastings": 318234, "northings": 672094, "bicycle_pa": " ", "capacity": 0, "covered": "no", "access": " ", "fee": " ", "operator": " ", "CECLand": " ", "SchoolCP": "", "InstalDate": 0, "Funder": "" }, "geometry": { "type": "Point", "coordinates": [ -3.310408613086103, 55.934918916763031 ] } },
{ "type": "Feature", "properties": { "OBJECTID": 702, "eastings": 324264, "northings": 671180, "bicycle_pa": "stands", "capacity": 50, "covered": "no", "access": " ", "fee": " ", "operator": " ", "CECLand": " ", "SchoolCP": "", "InstalDate": 0, "Funder": "" }, "geometry": { "type": "Point", "coordinates": [ -3.213656010497927, 55.927698772419014 ] } },
{ "type": "Feature", "properties": { "OBJECTID": 703, "eastings": 323984, "northings": 671204, "bicycle_pa": "stands", "capacity": 6, "covered": "no", "access": " ", "fee": " ", "operator": " ", "CECLand": " ", "SchoolCP": "", "InstalDate": 0, "Funder": "" }, "geometry": { "type": "Point", "coordinates": [ -3.218142677583043, 55.92787023461095 ] } },
{ "type": "Feature", "properties": { "OBJECTID": 704, "eastings": 324054, "northings": 671041, "bicycle_pa": "stands", "capacity": 6, "covered": " ", "access": " ", "fee": " ", "operator": " ", "CECLand": " ", "SchoolCP": "", "InstalDate": 0, "Funder": "" }, "geometry": { "type": "Point", "coordinates": [ -3.216976714525362, 55.926417039957393 ] } },
{ "type": "Feature", "properties": { "OBJECTID": 705, "eastings": 324104, "northings": 671044, "bicycle_pa": "rack", "capacity": 8, "covered": "yes", "access": " ", "fee": " ", "operator": " ", "CECLand": " ", "SchoolCP": "", "InstalDate": 0, "Funder": "" }, "geometry": { "type": "Point", "coordinates": [ -3.216177606354685, 55.92645187406103 ] } },
{ "type": "Feature", "properties": { "OBJECTID": 706, "eastings": 325752, "northings": 674267, "bicycle_pa": "stands", "capacity": 10, "covered": "yes", "access": " ", "fee": " ", "operator": " ", "CECLand": " ", "SchoolCP": "", "InstalDate": 0, "Funder": "" }, "geometry": { "type": "Point", "coordinates": [ -3.190699558280615, 55.955660271304495 ] } },
{ "type": "Feature", "properties": { "OBJECTID": 707, "eastings": 325021, "northings": 673302, "bicycle_pa": "stands", "capacity": 10, "covered": "no", "access": " ", "fee": " ", "operator": " ", "CECLand": "Y", "SchoolCP": "", "InstalDate": 0, "Funder": "" }, "geometry": { "type": "Point", "coordinates": [ -3.202135036222406, 55.946878693072513 ] } },
{ "type": "Feature", "properties": { "OBJECTID": 708, "eastings": 326573, "northings": 673685, "bicycle_pa": "stands", "capacity": 8, "covered": "no", "access": " ", "fee": " ", "operator": " ", "CECLand": "Y", "SchoolCP": "", "InstalDate": 0, "Funder": "" }, "geometry": { "type": "Point", "coordinates": [ -3.177395591416504, 55.950558610786324 ] } },
{ "type": "Feature", "properties": { "OBJECTID": 709, "eastings": 324382, "northings": 674583, "bicycle_pa": "stands", "capacity": 8, "covered": "no", "access": " ", "fee": " ", "operator": " ", "CECLand": "Y", "SchoolCP": "", "InstalDate": 0, "Funder": "" }, "geometry": { "type": "Point", "coordinates": [ -3.212723420501244, 55.958284955523581 ] } },
{ "type": "Feature", "properties": { "OBJECTID": 710, "eastings": 325047, "northings": 673339, "bicycle_pa": "stands", "capacity": 8, "covered": "no", "access": " ", "fee": " ", "operator": " ", "CECLand": "Y", "SchoolCP": "", "InstalDate": 0, "Funder": "" }, "geometry": { "type": "Point", "coordinates": [ -3.201729140136706, 55.947215100935189 ] } },
{ "type": "Feature", "properties": { "OBJECTID": 711, "eastings": 324504, "northings": 673965, "bicycle_pa": "stands", "capacity": 4, "covered": "no", "access": " ", "fee": " ", "operator": " ", "CECLand": "Y", "SchoolCP": "", "InstalDate": 0, "Funder": "" }, "geometry": { "type": "Point", "coordinates": [ -3.210596676684726, 55.952753068213148 ] } },
{ "type": "Feature", "properties": { "OBJECTID": 712, "eastings": 325028, "northings": 673776, "bicycle_pa": "hoop", "capacity": 2, "covered": "no", "access": " ", "fee": " ", "operator": " ", "CECLand": "Y", "SchoolCP": "", "InstalDate": 0, "Funder": "" }, "geometry": { "type": "Point", "coordinates": [ -3.202154925618964, 55.951137471968273 ] } },
{ "type": "Feature", "properties": { "OBJECTID": 713, "eastings": 325090, "northings": 673794, "bicycle_pa": "hoop", "capacity": 2, "covered": "no", "access": " ", "fee": " ", "operator": " ", "CECLand": "Y", "SchoolCP": "", "InstalDate": 0, "Funder": "" }, "geometry": { "type": "Point", "coordinates": [ -3.201167360690061, 55.951308827191255 ] } },
{ "type": "Feature", "properties": { "OBJECTID": 714, "eastings": 325947, "northings": 674391, "bicycle_pa": "stands", "capacity": 8, "covered": "no", "access": " ", "fee": " ", "operator": " ", "CECLand": "Y", "SchoolCP": "", "InstalDate": 0, "Funder": "" }, "geometry": { "type": "Point", "coordinates": [ -3.1876114928825, 55.956804192790784 ] } },
{ "type": "Feature", "properties": { "OBJECTID": 715, "eastings": 326097, "northings": 674432, "bicycle_pa": "stands", "capacity": 6, "covered": "no", "access": " ", "fee": " ", "operator": " ", "CECLand": "Y", "SchoolCP": "", "InstalDate": 0, "Funder": "" }, "geometry": { "type": "Point", "coordinates": [ -3.185221006407449, 55.957195571869036 ] } },
{ "type": "Feature", "properties": { "OBJECTID": 716, "eastings": 326534, "northings": 674671, "bicycle_pa": "stands", "capacity": 8, "covered": "no", "access": " ", "fee": " ", "operator": " ", "CECLand": "Y", "SchoolCP": "", "InstalDate": 0, "Funder": "" }, "geometry": { "type": "Point", "coordinates": [ -3.178289034238627, 55.959409417143178 ] } },
{ "type": "Feature", "properties": { "OBJECTID": 717, "eastings": 326519, "northings": 673649, "bicycle_pa": "stands", "capacity": 4, "covered": "no", "access": " ", "fee": " ", "operator": " ", "CECLand": "Y", "SchoolCP": "", "InstalDate": 0, "Funder": "" }, "geometry": { "type": "Point", "coordinates": [ -3.178250264822466, 55.950226987194092 ] } },
{ "type": "Feature", "properties": { "OBJECTID": 718, "eastings": 325550, "northings": 671891, "bicycle_pa": "stands", "capacity": 4, "covered": "no", "access": " ", "fee": " ", "operator": " ", "CECLand": " ", "SchoolCP": "", "InstalDate": 0, "Funder": "" }, "geometry": { "type": "Point", "coordinates": [ -3.193276920183858, 55.934286285068495 ] } },
{ "type": "Feature", "properties": { "OBJECTID": 719, "eastings": 325302, "northings": 672006, "bicycle_pa": "stands", "capacity": 4, "covered": "no", "access": " ", "fee": " ", "operator": " ", "CECLand": " ", "SchoolCP": "", "InstalDate": 0, "Funder": "" }, "geometry": { "type": "Point", "coordinates": [ -3.197277445041628, 55.935280905182253 ] } },
{ "type": "Feature", "properties": { "OBJECTID": 720, "eastings": 325176, "northings": 673114, "bicycle_pa": "stands", "capacity": 20, "covered": "no", "access": " ", "fee": " ", "operator": " ", "CECLand": "Y", "SchoolCP": "", "InstalDate": 0, "Funder": "" }, "geometry": { "type": "Point", "coordinates": [ -3.199601640476743, 55.945214136092474 ] } },
{ "type": "Feature", "properties": { "OBJECTID": 721, "eastings": 325452, "northings": 672464, "bicycle_pa": "stands", "capacity": 4, "covered": "no", "access": " ", "fee": " ", "operator": " ", "CECLand": "Y", "SchoolCP": "", "InstalDate": 0, "Funder": "" }, "geometry": { "type": "Point", "coordinates": [ -3.195003803691661, 55.939418289793203 ] } },
{ "type": "Feature", "properties": { "OBJECTID": 722, "eastings": 324800, "northings": 674161, "bicycle_pa": "stands", "capacity": 6, "covered": "no", "access": " ", "fee": " ", "operator": " ", "CECLand": "Y", "SchoolCP": "", "InstalDate": 0, "Funder": "" }, "geometry": { "type": "Point", "coordinates": [ -3.205912493735972, 55.954560051577772 ] } },
{ "type": "Feature", "properties": { "OBJECTID": 723, "eastings": 326175, "northings": 672910, "bicycle_pa": "stands", "capacity": 6, "covered": "no", "access": " ", "fee": " ", "operator": " ", "CECLand": "Y", "SchoolCP": "", "InstalDate": 0, "Funder": "" }, "geometry": { "type": "Point", "coordinates": [ -3.183554759212191, 55.943536116051121 ] } },
{ "type": "Feature", "properties": { "OBJECTID": 724, "eastings": 324785, "northings": 673267, "bicycle_pa": "stands", "capacity": 16, "covered": "no", "access": " ", "fee": " ", "operator": " ", "CECLand": "Y", "SchoolCP": "", "InstalDate": 0, "Funder": "" }, "geometry": { "type": "Point", "coordinates": [ -3.205903012334145, 55.946527427577436 ] } },
{ "type": "Feature", "properties": { "OBJECTID": 725, "eastings": 324462, "northings": 670250, "bicycle_pa": "stands", "capacity": 4, "covered": "no", "access": " ", "fee": " ", "operator": " ", "CECLand": "Y", "SchoolCP": "", "InstalDate": 0, "Funder": "" }, "geometry": { "type": "Point", "coordinates": [ -3.210227240427661, 55.919375605066435 ] } },
{ "type": "Feature", "properties": { "OBJECTID": 726, "eastings": 329039, "northings": 674260, "bicycle_pa": "stands", "capacity": 4, "covered": "no", "access": "yes", "fee": " ", "operator": " ", "CECLand": "Y", "SchoolCP": "", "InstalDate": 0, "Funder": "" }, "geometry": { "type": "Point", "coordinates": [ -3.138068001172161, 55.956094475409863 ] } },
{ "type": "Feature", "properties": { "OBJECTID": 727, "eastings": 330173, "northings": 674223, "bicycle_pa": "stands", "capacity": 10, "covered": "yes", "access": " ", "fee": " ", "operator": " ", "CECLand": " ", "SchoolCP": "", "InstalDate": 0, "Funder": "" }, "geometry": { "type": "Point", "coordinates": [ -3.119900960808045, 55.9559285988203 ] } },
{ "type": "Feature", "properties": { "OBJECTID": 728, "eastings": 328149, "northings": 669646, "bicycle_pa": "stands", "capacity": 16, "covered": " ", "access": " ", "fee": " ", "operator": " ", "CECLand": " ", "SchoolCP": "Y", "InstalDate": 0, "Funder": "" }, "geometry": { "type": "Point", "coordinates": [ -3.151086904797198, 55.914515215116666 ] } },
{ "type": "Feature", "properties": { "OBJECTID": 729, "eastings": 328096, "northings": 669624, "bicycle_pa": "stands", "capacity": 20, "covered": " ", "access": " ", "fee": " ", "operator": " ", "CECLand": " ", "SchoolCP": "Y", "InstalDate": 0, "Funder": "" }, "geometry": { "type": "Point", "coordinates": [ -3.151928741160664, 55.914309663337612 ] } },
{ "type": "Feature", "properties": { "OBJECTID": 730, "eastings": 329236, "northings": 668660, "bicycle_pa": "stands", "capacity": 6, "covered": " ", "access": " ", "fee": " ", "operator": " ", "CECLand": "Y", "SchoolCP": "", "InstalDate": 0, "Funder": "" }, "geometry": { "type": "Point", "coordinates": [ -3.133442115263737, 55.905819407604959 ] } },
{ "type": "Feature", "properties": { "OBJECTID": 731, "eastings": 329334, "northings": 668589, "bicycle_pa": "stands", "capacity": 2, "covered": "no", "access": " ", "fee": " ", "operator": " ", "CECLand": "Y", "SchoolCP": "", "InstalDate": 0, "Funder": "" }, "geometry": { "type": "Point", "coordinates": [ -3.131856473114171, 55.905196023569381 ] } },
{ "type": "Feature", "properties": { "OBJECTID": 732, "eastings": 324492, "northings": 673770, "bicycle_pa": "stands", "capacity": 6, "covered": "no", "access": " ", "fee": " ", "operator": " ", "CECLand": "Y", "SchoolCP": "", "InstalDate": 0, "Funder": "" }, "geometry": { "type": "Point", "coordinates": [ -3.210734127899397, 55.950999623672352 ] } },
{ "type": "Feature", "properties": { "OBJECTID": 733, "eastings": 324349, "northings": 670252, "bicycle_pa": "stands", "capacity": 4, "covered": "no", "access": " ", "fee": " ", "operator": " ", "CECLand": " ", "SchoolCP": "", "InstalDate": 0, "Funder": "" }, "geometry": { "type": "Point", "coordinates": [ -3.212035375193541, 55.919375834018183 ] } },
{ "type": "Feature", "properties": { "OBJECTID": 734, "eastings": 328427, "northings": 672629, "bicycle_pa": " ", "capacity": 4, "covered": " ", "access": " ", "fee": " ", "operator": " ", "CECLand": " ", "SchoolCP": "", "InstalDate": 0, "Funder": "" }, "geometry": { "type": "Point", "coordinates": [ -3.147433330559969, 55.941352531039527 ] } },
{ "type": "Feature", "properties": { "OBJECTID": 735, "eastings": 326213, "northings": 672642, "bicycle_pa": "stands", "capacity": 6, "covered": "no", "access": " ", "fee": " ", "operator": " ", "CECLand": "Y", "SchoolCP": "", "InstalDate": 0, "Funder": "" }, "geometry": { "type": "Point", "coordinates": [ -3.182873081718147, 55.941134580607184 ] } },
{ "type": "Feature", "properties": { "OBJECTID": 736, "eastings": 324235, "northings": 674648, "bicycle_pa": "rack", "capacity": 8, "covered": "no", "access": " ", "fee": " ", "operator": " ", "CECLand": "Y", "SchoolCP": "", "InstalDate": 0, "Funder": "" }, "geometry": { "type": "Point", "coordinates": [ -3.215095497190479, 55.958845627495251 ] } },
{ "type": "Feature", "properties": { "OBJECTID": 737, "eastings": 330601, "northings": 672493, "bicycle_pa": "stands", "capacity": 8, "covered": "no", "access": " ", "fee": " ", "operator": " ", "CECLand": "Y", "SchoolCP": "", "InstalDate": 0, "Funder": "" }, "geometry": { "type": "Point", "coordinates": [ -3.112602010513619, 55.940450308993221 ] } },
{ "type": "Feature", "properties": { "OBJECTID": 738, "eastings": 312760, "northings": 670864, "bicycle_pa": " ", "capacity": 8, "covered": " ", "access": " ", "fee": " ", "operator": " ", "CECLand": " ", "SchoolCP": "", "InstalDate": 0, "Funder": "" }, "geometry": { "type": "Point", "coordinates": [ -3.397602954043309, 55.922908396115979 ] } },
{ "type": "Feature", "properties": { "OBJECTID": 739, "eastings": 320764, "northings": 675443, "bicycle_pa": " ", "capacity": 4, "covered": " ", "access": " ", "fee": " ", "operator": " ", "CECLand": "Y", "SchoolCP": "", "InstalDate": 0, "Funder": "" }, "geometry": { "type": "Point", "coordinates": [ -3.270908307663803, 55.965425211573184 ] } },
{ "type": "Feature", "properties": { "OBJECTID": 740, "eastings": 326223, "northings": 672487, "bicycle_pa": "stands", "capacity": 10, "covered": "no", "access": " ", "fee": " ", "operator": " ", "CECLand": "Y", "SchoolCP": "", "InstalDate": 0, "Funder": "" }, "geometry": { "type": "Point", "coordinates": [ -3.182670532807826, 55.939743748134255 ] } },
{ "type": "Feature", "properties": { "OBJECTID": 741, "eastings": 318364, "northings": 670899, "bicycle_pa": " ", "capacity": 12, "covered": " ", "access": " ", "fee": " ", "operator": " ", "CECLand": " ", "SchoolCP": "", "InstalDate": 0, "Funder": "" }, "geometry": { "type": "Point", "coordinates": [ -3.30796647708693, 55.924207299872243 ] } },
{ "type": "Feature", "properties": { "OBJECTID": 742, "eastings": 324919, "northings": 672810, "bicycle_pa": "stands", "capacity": 6, "covered": "no", "access": " ", "fee": " ", "operator": " ", "CECLand": "Y", "SchoolCP": "", "InstalDate": 0, "Funder": "" }, "geometry": { "type": "Point", "coordinates": [ -3.203630664771846, 55.942443392259847 ] } },
{ "type": "Feature", "properties": { "OBJECTID": 743, "eastings": 326682, "northings": 676016, "bicycle_pa": "anchors", "capacity": 6, "covered": " ", "access": " ", "fee": " ", "operator": " ", "CECLand": " ", "SchoolCP": "", "InstalDate": 0, "Funder": "" }, "geometry": { "type": "Point", "coordinates": [ -3.176285636063392, 55.971513580661714 ] } },
{ "type": "Feature", "properties": { "OBJECTID": 744, "eastings": 325270, "northings": 671369, "bicycle_pa": "stands", "capacity": 10, "covered": "no", "access": " ", "fee": " ", "operator": " ", "CECLand": " ", "SchoolCP": "", "InstalDate": 0, "Funder": "" }, "geometry": { "type": "Point", "coordinates": [ -3.197612732770442, 55.929553767389322 ] } },
{ "type": "Feature", "properties": { "OBJECTID": 745, "eastings": 326776, "northings": 673786, "bicycle_pa": "anchors", "capacity": 0, "covered": "yes", "access": "private", "fee": " ", "operator": " ", "CECLand": " ", "SchoolCP": "", "InstalDate": 0, "Funder": "" }, "geometry": { "type": "Point", "coordinates": [ -3.174173184938267, 55.951496817707948 ] } },
{ "type": "Feature", "properties": { "OBJECTID": 746, "eastings": 326799, "northings": 673792, "bicycle_pa": "stands", "capacity": 24, "covered": "no", "access": "yes", "fee": " ", "operator": " ", "CECLand": " ", "SchoolCP": "", "InstalDate": 0, "Funder": "" }, "geometry": { "type": "Point", "coordinates": [ -3.173806594973167, 55.951554216671568 ] } },
{ "type": "Feature", "properties": { "OBJECTID": 747, "eastings": 326001, "northings": 672996, "bicycle_pa": "stands", "capacity": 30, "covered": "no", "access": "yes", "fee": "no", "operator": "University of Edinburgh", "CECLand": " ", "SchoolCP": "", "InstalDate": 0, "Funder": "" }, "geometry": { "type": "Point", "coordinates": [ -3.186363484614068, 55.944281877368212 ] } },
{ "type": "Feature", "properties": { "OBJECTID": 748, "eastings": 325703, "northings": 673764, "bicycle_pa": "stands", "capacity": 8, "covered": "no", "access": " ", "fee": " ", "operator": " ", "CECLand": "Y", "SchoolCP": "", "InstalDate": 0, "Funder": "" }, "geometry": { "type": "Point", "coordinates": [ -3.191345327880573, 55.951134519136644 ] } },
{ "type": "Feature", "properties": { "OBJECTID": 749, "eastings": 325336, "northings": 673945, "bicycle_pa": "stands", "capacity": 6, "covered": "no", "access": " ", "fee": " ", "operator": " ", "CECLand": "Y", "SchoolCP": "", "InstalDate": 0, "Funder": "" }, "geometry": { "type": "Point", "coordinates": [ -3.197270912244592, 55.952703459870108 ] } },
{ "type": "Feature", "properties": { "OBJECTID": 750, "eastings": 326199, "northings": 672371, "bicycle_pa": "stands", "capacity": 6, "covered": "no", "access": " ", "fee": " ", "operator": " ", "CECLand": " ", "SchoolCP": "", "InstalDate": 0, "Funder": "" }, "geometry": { "type": "Point", "coordinates": [ -3.183022837391502, 55.938698038005342 ] } },
{ "type": "Feature", "properties": { "OBJECTID": 751, "eastings": 326184, "northings": 672334, "bicycle_pa": "stands", "capacity": 10, "covered": "no", "access": " ", "fee": " ", "operator": " ", "CECLand": " ", "SchoolCP": "", "InstalDate": 0, "Funder": "" }, "geometry": { "type": "Point", "coordinates": [ -3.183252754964971, 55.938363365467133 ] } },
{ "type": "Feature", "properties": { "OBJECTID": 752, "eastings": 324669, "northings": 673713, "bicycle_pa": "stands", "capacity": 6, "covered": "no", "access": " ", "fee": " ", "operator": " ", "CECLand": "Y", "SchoolCP": "", "InstalDate": 0, "Funder": "" }, "geometry": { "type": "Point", "coordinates": [ -3.207884584518442, 55.9505154179271 ] } },
{ "type": "Feature", "properties": { "OBJECTID": 753, "eastings": 324673, "northings": 673701, "bicycle_pa": "stands", "capacity": 10, "covered": "no", "access": " ", "fee": " ", "operator": " ", "CECLand": "Y", "SchoolCP": "", "InstalDate": 0, "Funder": "" }, "geometry": { "type": "Point", "coordinates": [ -3.207817193609388, 55.950408256665462 ] } },
{ "type": "Feature", "properties": { "OBJECTID": 754, "eastings": 326518, "northings": 673301, "bicycle_pa": "stands", "capacity": 8, "covered": "yes", "access": " ", "fee": " ", "operator": " ", "CECLand": "Y", "SchoolCP": "", "InstalDate": 0, "Funder": "" }, "geometry": { "type": "Point", "coordinates": [ -3.178171285344642, 55.947100869150162 ] } },
{ "type": "Feature", "properties": { "OBJECTID": 755, "eastings": 326338, "northings": 674847, "bicycle_pa": "stands", "capacity": 6, "covered": "no", "access": " ", "fee": " ", "operator": " ", "CECLand": "Y", "SchoolCP": "", "InstalDate": 0, "Funder": "" }, "geometry": { "type": "Point", "coordinates": [ -3.181475716371568, 55.960960320282268 ] } },
{ "type": "Feature", "properties": { "OBJECTID": 756, "eastings": 324565, "northings": 672897, "bicycle_pa": "stands", "capacity": 6, "covered": "no", "access": " ", "fee": " ", "operator": " ", "CECLand": "Y", "SchoolCP": "", "InstalDate": 0, "Funder": "" }, "geometry": { "type": "Point", "coordinates": [ -3.209321014626012, 55.943169449607474 ] } },
{ "type": "Feature", "properties": { "OBJECTID": 757, "eastings": 323473, "northings": 673721, "bicycle_pa": "stands", "capacity": 10, "covered": " ", "access": " ", "fee": " ", "operator": " ", "CECLand": " ", "SchoolCP": "", "InstalDate": 0, "Funder": "" }, "geometry": { "type": "Point", "coordinates": [ -3.227033634013814, 55.950398128595907 ] } },
{ "type": "Feature", "properties": { "OBJECTID": 758, "eastings": 329317, "northings": 671649, "bicycle_pa": "wall_loops", "capacity": 10, "covered": "no", "access": " ", "fee": " ", "operator": "Lidl", "CECLand": " ", "SchoolCP": "", "InstalDate": 0, "Funder": "" }, "geometry": { "type": "Point", "coordinates": [ -3.132930842596276, 55.932681249625965 ] } },
{ "type": "Feature", "properties": { "OBJECTID": 759, "eastings": 324790, "northings": 672921, "bicycle_pa": "stands", "capacity": 20, "covered": "yes", "access": "permissive", "fee": "yes", "operator": " ", "CECLand": " ", "SchoolCP": "Y", "InstalDate": 0, "Funder": "" }, "geometry": { "type": "Point", "coordinates": [ -3.205726379104291, 55.943420281872186 ] } },
{ "type": "Feature", "properties": { "OBJECTID": 760, "eastings": 324439, "northings": 673332, "bicycle_pa": "rack", "capacity": 8, "covered": "no", "access": " ", "fee": " ", "operator": " ", "CECLand": "Y", "SchoolCP": "", "InstalDate": 0, "Funder": "" }, "geometry": { "type": "Point", "coordinates": [ -3.211459748232208, 55.947057006566908 ] } },
{ "type": "Feature", "properties": { "OBJECTID": 761, "eastings": 324444, "northings": 673339, "bicycle_pa": "rack", "capacity": 14, "covered": "no", "access": " ", "fee": " ", "operator": " ", "CECLand": " ", "SchoolCP": "", "InstalDate": 0, "Funder": "" }, "geometry": { "type": "Point", "coordinates": [ -3.211381674156037, 55.947120669521439 ] } },
{ "type": "Feature", "properties": { "OBJECTID": 762, "eastings": 324401, "northings": 673335, "bicycle_pa": "rack", "capacity": 20, "covered": "yes", "access": " ", "fee": " ", "operator": " ", "CECLand": " ", "SchoolCP": "", "InstalDate": 0, "Funder": "" }, "geometry": { "type": "Point", "coordinates": [ -3.212068872917214, 55.947077977200244 ] } },
{ "type": "Feature", "properties": { "OBJECTID": 763, "eastings": 325613, "northings": 672322, "bicycle_pa": "stands", "capacity": 2, "covered": "no", "access": " ", "fee": " ", "operator": " ", "CECLand": "Y", "SchoolCP": "", "InstalDate": 0, "Funder": "" }, "geometry": { "type": "Point", "coordinates": [ -3.192387829118035, 55.938167641324583 ] } },
{ "type": "Feature", "properties": { "OBJECTID": 764, "eastings": 329199, "northings": 669463, "bicycle_pa": "stands", "capacity": 25, "covered": "yes", "access": " ", "fee": " ", "operator": " ", "CECLand": " ", "SchoolCP": "", "InstalDate": 0, "Funder": "" }, "geometry": { "type": "Point", "coordinates": [ -3.134244564718946, 55.913027244684216 ] } },
{ "type": "Feature", "properties": { "OBJECTID": 765, "eastings": 318795, "northings": 670242, "bicycle_pa": "stands", "capacity": 4, "covered": " ", "access": " ", "fee": " ", "operator": " ", "CECLand": " ", "SchoolCP": "", "InstalDate": 0, "Funder": "" }, "geometry": { "type": "Point", "coordinates": [ -3.300873659570011, 55.918379030574826 ] } },
{ "type": "Feature", "properties": { "OBJECTID": 766, "eastings": 318856, "northings": 670234, "bicycle_pa": "rack", "capacity": 4, "covered": " ", "access": " ", "fee": " ", "operator": " ", "CECLand": " ", "SchoolCP": "", "InstalDate": 0, "Funder": "" }, "geometry": { "type": "Point", "coordinates": [ -3.299895532419741, 55.918317477537613 ] } },
{ "type": "Feature", "properties": { "OBJECTID": 767, "eastings": 324449, "northings": 673541, "bicycle_pa": "stands", "capacity": 6, "covered": "no", "access": " ", "fee": " ", "operator": " ", "CECLand": "Y", "SchoolCP": "", "InstalDate": 0, "Funder": "" }, "geometry": { "type": "Point", "coordinates": [ -3.211358287653341, 55.948935899939514 ] } },
{ "type": "Feature", "properties": { "OBJECTID": 768, "eastings": 324346, "northings": 673427, "bicycle_pa": "stands", "capacity": 8, "covered": "no", "access": " ", "fee": " ", "operator": " ", "CECLand": "Y", "SchoolCP": "", "InstalDate": 0, "Funder": "" }, "geometry": { "type": "Point", "coordinates": [ -3.212975116833082, 55.947895700933771 ] } },
{ "type": "Feature", "properties": { "OBJECTID": 769, "eastings": 323853, "northings": 671050, "bicycle_pa": "stands", "capacity": 22, "covered": "yes", "access": " ", "fee": " ", "operator": " ", "CECLand": " ", "SchoolCP": "", "InstalDate": 0, "Funder": "" }, "geometry": { "type": "Point", "coordinates": [ -3.220194975338219, 55.926466028364722 ] } },
{ "type": "Feature", "properties": { "OBJECTID": 770, "eastings": 324639, "northings": 673674, "bicycle_pa": "stands", "capacity": 6, "covered": "no", "access": " ", "fee": " ", "operator": " ", "CECLand": "Y", "SchoolCP": "", "InstalDate": 0, "Funder": "" }, "geometry": { "type": "Point", "coordinates": [ -3.208353939884284, 55.950160400175697 ] } },
{ "type": "Feature", "properties": { "OBJECTID": 771, "eastings": 317645, "northings": 672422, "bicycle_pa": "stands", "capacity": 14, "covered": "no", "access": "yes", "fee": " ", "operator": " ", "CECLand": " ", "SchoolCP": "", "InstalDate": 0, "Funder": "" }, "geometry": { "type": "Point", "coordinates": [ -3.319933918042926, 55.937764356088366 ] } },
{ "type": "Feature", "properties": { "OBJECTID": 772, "eastings": 325692, "northings": 673703, "bicycle_pa": "stands", "capacity": 6, "covered": "yes", "access": " ", "fee": " ", "operator": " ", "CECLand": "Y", "SchoolCP": "", "InstalDate": 0, "Funder": "" }, "geometry": { "type": "Point", "coordinates": [ -3.191504601058069, 55.950584888069706 ] } },
{ "type": "Feature", "properties": { "OBJECTID": 773, "eastings": 326312, "northings": 672305, "bicycle_pa": "bollard", "capacity": 2, "covered": "no", "access": "yes", "fee": "no", "operator": " ", "CECLand": "Y", "SchoolCP": "", "InstalDate": 0, "Funder": "" }, "geometry": { "type": "Point", "coordinates": [ -3.181196270610219, 55.938122479725486 ] } },
{ "type": "Feature", "properties": { "OBJECTID": 774, "eastings": 325064, "northings": 673266, "bicycle_pa": "stands", "capacity": 40, "covered": "no", "access": "yes", "fee": " ", "operator": " ", "CECLand": " ", "SchoolCP": "", "InstalDate": 0, "Funder": "" }, "geometry": { "type": "Point", "coordinates": [ -3.201436700151738, 55.946562030721793 ] } },
{ "type": "Feature", "properties": { "OBJECTID": 775, "eastings": 324524, "northings": 671205, "bicycle_pa": "stands", "capacity": 2, "covered": "no", "access": " ", "fee": " ", "operator": " ", "CECLand": "Y", "SchoolCP": "", "InstalDate": 0, "Funder": "" }, "geometry": { "type": "Point", "coordinates": [ -3.209503108906396, 55.927964181475147 ] } },
{ "type": "Feature", "properties": { "OBJECTID": 776, "eastings": 324741, "northings": 671259, "bicycle_pa": "stands", "capacity": 8, "covered": "no", "access": "customers", "fee": " ", "operator": " ", "CECLand": " ", "SchoolCP": "Y", "InstalDate": 0, "Funder": "" }, "geometry": { "type": "Point", "coordinates": [ -3.206046250123405, 55.928483240420832 ] } },
{ "type": "Feature", "properties": { "OBJECTID": 777, "eastings": 325201, "northings": 674847, "bicycle_pa": "stands", "capacity": 6, "covered": " ", "access": " ", "fee": " ", "operator": " ", "CECLand": "Y", "SchoolCP": "", "InstalDate": 0, "Funder": "" }, "geometry": { "type": "Point", "coordinates": [ -3.199682751359599, 55.960784607593055 ] } },
{ "type": "Feature", "properties": { "OBJECTID": 778, "eastings": 326415, "northings": 672202, "bicycle_pa": "stands", "capacity": 4, "covered": "no", "access": " ", "fee": " ", "operator": " ", "CECLand": " ", "SchoolCP": "", "InstalDate": 0, "Funder": "" }, "geometry": { "type": "Point", "coordinates": [ -3.179519679635784, 55.937212992695514 ] } },
{ "type": "Feature", "properties": { "OBJECTID": 779, "eastings": 325130, "northings": 674804, "bicycle_pa": "stands", "capacity": 6, "covered": "no", "access": " ", "fee": " ", "operator": " ", "CECLand": "Y", "SchoolCP": "", "InstalDate": 0, "Funder": "" }, "geometry": { "type": "Point", "coordinates": [ -3.200807729120434, 55.960387302821324 ] } },
{ "type": "Feature", "properties": { "OBJECTID": 780, "eastings": 324411, "northings": 673038, "bicycle_pa": "stands", "capacity": 10, "covered": "no", "access": " ", "fee": " ", "operator": " ", "CECLand": "Y", "SchoolCP": "", "InstalDate": 0, "Funder": "" }, "geometry": { "type": "Point", "coordinates": [ -3.21182547621974, 55.944411778505057 ] } },
{ "type": "Feature", "properties": { "OBJECTID": 781, "eastings": 322103, "northings": 670760, "bicycle_pa": "stands", "capacity": 10, "covered": "no", "access": " ", "fee": " ", "operator": " ", "CECLand": " ", "SchoolCP": "", "InstalDate": 0, "Funder": "" }, "geometry": { "type": "Point", "coordinates": [ -3.248108852278012, 55.923579809009908 ] } },
{ "type": "Feature", "properties": { "OBJECTID": 782, "eastings": 325219, "northings": 674511, "bicycle_pa": "stands", "capacity": 4, "covered": "no", "access": " ", "fee": " ", "operator": " ", "CECLand": "Y", "SchoolCP": "", "InstalDate": 0, "Funder": "" }, "geometry": { "type": "Point", "coordinates": [ -3.199301226513675, 55.95776931935972 ] } },
{ "type": "Feature", "properties": { "OBJECTID": 783, "eastings": 324438, "northings": 673232, "bicycle_pa": "stands", "capacity": 8, "covered": "no", "access": "yes", "fee": " ", "operator": " ", "CECLand": "Y", "SchoolCP": "", "InstalDate": 0, "Funder": "" }, "geometry": { "type": "Point", "coordinates": [ -3.211447709218796, 55.94615860945914 ] } },
{ "type": "Feature", "properties": { "OBJECTID": 784, "eastings": 325791, "northings": 673397, "bicycle_pa": "stands", "capacity": 10, "covered": "no", "access": "private", "fee": " ", "operator": "University of Edinburgh", "CECLand": " ", "SchoolCP": "", "InstalDate": 0, "Funder": "" }, "geometry": { "type": "Point", "coordinates": [ -3.189835365953547, 55.947851525952217 ] } },
{ "type": "Feature", "properties": { "OBJECTID": 785, "eastings": 324954, "northings": 672966, "bicycle_pa": "stands", "capacity": 2, "covered": "no", "access": " ", "fee": " ", "operator": " ", "CECLand": "Y", "SchoolCP": "", "InstalDate": 0, "Funder": "" }, "geometry": { "type": "Point", "coordinates": [ -3.203113922818743, 55.943850123460351 ] } },
{ "type": "Feature", "properties": { "OBJECTID": 786, "eastings": 327979, "northings": 668343, "bicycle_pa": "stands", "capacity": 12, "covered": "no", "access": " ", "fee": " ", "operator": " ", "CECLand": " ", "SchoolCP": "", "InstalDate": 0, "Funder": "" }, "geometry": { "type": "Point", "coordinates": [ -3.153457669843047, 55.902785195439172 ] } },
{ "type": "Feature", "properties": { "OBJECTID": 787, "eastings": 323342, "northings": 674809, "bicycle_pa": "stands", "capacity": 14, "covered": "yes", "access": " ", "fee": " ", "operator": " ", "CECLand": " ", "SchoolCP": "", "InstalDate": 0, "Funder": "" }, "geometry": { "type": "Point", "coordinates": [ -3.229440679447569, 55.960149896859555 ] } },
{ "type": "Feature", "properties": { "OBJECTID": 788, "eastings": 322883, "northings": 675085, "bicycle_pa": "stands", "capacity": 10, "covered": " ", "access": " ", "fee": " ", "operator": " ", "CECLand": " ", "SchoolCP": "", "InstalDate": 0, "Funder": "" }, "geometry": { "type": "Point", "coordinates": [ -3.236869833662672, 55.962555386045935 ] } },
{ "type": "Feature", "properties": { "OBJECTID": 789, "eastings": 325304, "northings": 674124, "bicycle_pa": "stands", "capacity": 4, "covered": "no", "access": " ", "fee": " ", "operator": " ", "CECLand": "Y", "SchoolCP": "", "InstalDate": 0, "Funder": "" }, "geometry": { "type": "Point", "coordinates": [ -3.197832870792305, 55.954306342388378 ] } },
{ "type": "Feature", "properties": { "OBJECTID": 790, "eastings": 325649, "northings": 675278, "bicycle_pa": "wall_loops", "capacity": 0, "covered": "no", "access": " ", "fee": " ", "operator": " ", "CECLand": " ", "SchoolCP": "", "InstalDate": 0, "Funder": "" }, "geometry": { "type": "Point", "coordinates": [ -3.19262789797736, 55.96472559173764 ] } },
{ "type": "Feature", "properties": { "OBJECTID": 791, "eastings": 325819, "northings": 673142, "bicycle_pa": "stands", "capacity": 8, "covered": "no", "access": "yes", "fee": "no", "operator": "University of Edinburgh", "CECLand": " ", "SchoolCP": "", "InstalDate": 0, "Funder": "" }, "geometry": { "type": "Point", "coordinates": [ -3.189316894878143, 55.945565289879774 ] } },
{ "type": "Feature", "properties": { "OBJECTID": 792, "eastings": 319087, "northings": 673036, "bicycle_pa": "stands", "capacity": 6, "covered": "no", "access": "permissive", "fee": " ", "operator": " ", "CECLand": " ", "SchoolCP": "", "InstalDate": 0, "Funder": "" }, "geometry": { "type": "Point", "coordinates": [ -3.297041621288233, 55.943524800914346 ] } },
{ "type": "Feature", "properties": { "OBJECTID": 793, "eastings": 325444, "northings": 671263, "bicycle_pa": "stands", "capacity": 6, "covered": "no", "access": " ", "fee": " ", "operator": " ", "CECLand": " ", "SchoolCP": "", "InstalDate": 0, "Funder": "" }, "geometry": { "type": "Point", "coordinates": [ -3.194799271380927, 55.928628519412932 ] } },
{ "type": "Feature", "properties": { "OBJECTID": 794, "eastings": 324575, "northings": 670970, "bicycle_pa": "stands", "capacity": 2, "covered": "no", "access": " ", "fee": " ", "operator": " ", "CECLand": " ", "SchoolCP": "", "InstalDate": 0, "Funder": "" }, "geometry": { "type": "Point", "coordinates": [ -3.208621284479163, 55.92586114375024 ] } },
{ "type": "Feature", "properties": { "OBJECTID": 795, "eastings": 325850, "northings": 670646, "bicycle_pa": " ", "capacity": 0, "covered": " ", "access": "private", "fee": "no", "operator": " ", "CECLand": " ", "SchoolCP": "", "InstalDate": 0, "Funder": "" }, "geometry": { "type": "Point", "coordinates": [ -3.18813326885943, 55.923148655204152 ] } },
{ "type": "Feature", "properties": { "OBJECTID": 796, "eastings": 326428, "northings": 676470, "bicycle_pa": "stands", "capacity": 4, "covered": " ", "access": " ", "fee": " ", "operator": " ", "CECLand": " ", "SchoolCP": "", "InstalDate": 0, "Funder": "" }, "geometry": { "type": "Point", "coordinates": [ -3.180478350235428, 55.975552790699304 ] } },
{ "type": "Feature", "properties": { "OBJECTID": 797, "eastings": 319317, "northings": 674438, "bicycle_pa": "stands", "capacity": 10, "covered": " ", "access": " ", "fee": " ", "operator": " ", "CECLand": "Y", "SchoolCP": "", "InstalDate": 0, "Funder": "" }, "geometry": { "type": "Point", "coordinates": [ -3.293780189379647, 55.95615661397558 ] } },
{ "type": "Feature", "properties": { "OBJECTID": 798, "eastings": 325769, "northings": 673825, "bicycle_pa": " ", "capacity": 0, "covered": " ", "access": " ", "fee": " ", "operator": "Bike entrance Waverley Station", "CECLand": " ", "SchoolCP": "", "InstalDate": 0, "Funder": "" }, "geometry": { "type": "Point", "coordinates": [ -3.190305524936634, 55.951692649170823 ] } },
{ "type": "Feature", "properties": { "OBJECTID": 799, "eastings": 329205, "northings": 669536, "bicycle_pa": "stands", "capacity": 4, "covered": " ", "access": " ", "fee": " ", "operator": " ", "CECLand": "Y", "SchoolCP": "", "InstalDate": 0, "Funder": "" }, "geometry": { "type": "Point", "coordinates": [ -3.134167774675975, 55.913683880329899 ] } },
{ "type": "Feature", "properties": { "OBJECTID": 800, "eastings": 326420, "northings": 672847, "bicycle_pa": "stands", "capacity": 4, "covered": " ", "access": " ", "fee": " ", "operator": " ", "CECLand": "Y", "SchoolCP": "", "InstalDate": 0, "Funder": "" }, "geometry": { "type": "Point", "coordinates": [ -3.179615989443615, 55.943007751480451 ] } },
{ "type": "Feature", "properties": { "OBJECTID": 801, "eastings": 312081, "northings": 673142, "bicycle_pa": " ", "capacity": 18, "covered": " ", "access": "private", "fee": " ", "operator": " ", "CECLand": " ", "SchoolCP": "", "InstalDate": 0, "Funder": "" }, "geometry": { "type": "Point", "coordinates": [ -3.409207532592012, 55.94324569184792 ] } },
{ "type": "Feature", "properties": { "OBJECTID": 802, "eastings": 326981, "northings": 672461, "bicycle_pa": "stands", "capacity": 10, "covered": "no", "access": "yes", "fee": "no", "operator": "University of Edinburgh", "CECLand": " ", "SchoolCP": "", "InstalDate": 0, "Funder": "" }, "geometry": { "type": "Point", "coordinates": [ -3.17053179291349, 55.939625835646183 ] } },
{ "type": "Feature", "properties": { "OBJECTID": 803, "eastings": 326912, "northings": 672340, "bicycle_pa": "stands", "capacity": 12, "covered": "no", "access": "yes", "fee": "no", "operator": "University of Edinburgh", "CECLand": " ", "SchoolCP": "", "InstalDate": 0, "Funder": "" }, "geometry": { "type": "Point", "coordinates": [ -3.171603257002058, 55.938528408568658 ] } },
{ "type": "Feature", "properties": { "OBJECTID": 804, "eastings": 327048, "northings": 672372, "bicycle_pa": "racks", "capacity": 48, "covered": "no", "access": "yes", "fee": "no", "operator": "University of Edinburgh", "CECLand": " ", "SchoolCP": "", "InstalDate": 0, "Funder": "" }, "geometry": { "type": "Point", "coordinates": [ -3.169435337253365, 55.938836507786974 ] } },
{ "type": "Feature", "properties": { "OBJECTID": 805, "eastings": 327062, "northings": 672282, "bicycle_pa": "racks", "capacity": 6, "covered": "no", "access": "yes", "fee": "no", "operator": "University of Edinburgh", "CECLand": " ", "SchoolCP": "", "InstalDate": 0, "Funder": "" }, "geometry": { "type": "Point", "coordinates": [ -3.169186876545372, 55.938030154812964 ] } },
{ "type": "Feature", "properties": { "OBJECTID": 806, "eastings": 326946, "northings": 672220, "bicycle_pa": "racks", "capacity": 14, "covered": "no", "access": "yes", "fee": "no", "operator": "University of Edinburgh", "CECLand": " ", "SchoolCP": "", "InstalDate": 0, "Funder": "" }, "geometry": { "type": "Point", "coordinates": [ -3.171026528516325, 55.937455605715947 ] } },
{ "type": "Feature", "properties": { "OBJECTID": 807, "eastings": 327083, "northings": 672454, "bicycle_pa": "stands", "capacity": 10, "covered": "no", "access": "yes", "fee": "no", "operator": "University of Edinburgh", "CECLand": " ", "SchoolCP": "", "InstalDate": 0, "Funder": "" }, "geometry": { "type": "Point", "coordinates": [ -3.168897403004544, 55.939578424876458 ] } },
{ "type": "Feature", "properties": { "OBJECTID": 808, "eastings": 327060, "northings": 672530, "bicycle_pa": "stands", "capacity": 6, "covered": "no", "access": "yes", "fee": "no", "operator": "University of Edinburgh", "CECLand": " ", "SchoolCP": "", "InstalDate": 0, "Funder": "" }, "geometry": { "type": "Point", "coordinates": [ -3.16928611848452, 55.940257650876021 ] } },
{ "type": "Feature", "properties": { "OBJECTID": 809, "eastings": 327056, "northings": 672496, "bicycle_pa": "stands", "capacity": 20, "covered": "no", "access": "yes", "fee": "no", "operator": "University of Edinburgh", "CECLand": " ", "SchoolCP": "", "InstalDate": 0, "Funder": "" }, "geometry": { "type": "Point", "coordinates": [ -3.169340920274946, 55.939951620349973 ] } },
{ "type": "Feature", "properties": { "OBJECTID": 810, "eastings": 326077, "northings": 673237, "bicycle_pa": "stands", "capacity": 10, "covered": "no", "access": " ", "fee": " ", "operator": " ", "CECLand": " ", "SchoolCP": "", "InstalDate": 0, "Funder": "" }, "geometry": { "type": "Point", "coordinates": [ -3.185213141215836, 55.946458378268396 ] } },
{ "type": "Feature", "properties": { "OBJECTID": 811, "eastings": 331090, "northings": 671999, "bicycle_pa": "stands", "capacity": 6, "covered": " ", "access": " ", "fee": " ", "operator": " ", "CECLand": " ", "SchoolCP": "", "InstalDate": 0, "Funder": "" }, "geometry": { "type": "Point", "coordinates": [ -3.104648863891169, 55.936083217267964 ] } },
{ "type": "Feature", "properties": { "OBJECTID": 812, "eastings": 324868, "northings": 672488, "bicycle_pa": "stands", "capacity": 4, "covered": "no", "access": " ", "fee": " ", "operator": " ", "CECLand": "Y", "SchoolCP": "", "InstalDate": 0, "Funder": "" }, "geometry": { "type": "Point", "coordinates": [ -3.204357134004329, 55.939543022297528 ] } },
{ "type": "Feature", "properties": { "OBJECTID": 813, "eastings": 313064, "northings": 674097, "bicycle_pa": " ", "capacity": 20, "covered": " ", "access": " ", "fee": " ", "operator": " ", "CECLand": " ", "SchoolCP": "", "InstalDate": 0, "Funder": "" }, "geometry": { "type": "Point", "coordinates": [ -3.393782911749507, 55.952002195980398 ] } },
{ "type": "Feature", "properties": { "OBJECTID": 814, "eastings": 325465, "northings": 673604, "bicycle_pa": "stands", "capacity": 30, "covered": "no", "access": "yes", "fee": "no", "operator": "University of Edinburgh", "CECLand": " ", "SchoolCP": "", "InstalDate": 0, "Funder": "" }, "geometry": { "type": "Point", "coordinates": [ -3.195111268743368, 55.949660469341659 ] } },
{ "type": "Feature", "properties": { "OBJECTID": 815, "eastings": 324469, "northings": 670726, "bicycle_pa": "stands", "capacity": 6, "covered": "no", "access": " ", "fee": " ", "operator": " ", "CECLand": "Y", "SchoolCP": "", "InstalDate": 0, "Funder": "" }, "geometry": { "type": "Point", "coordinates": [ -3.210248730671586, 55.92365265130978 ] } },
{ "type": "Feature", "properties": { "OBJECTID": 816, "eastings": 325322, "northings": 673859, "bicycle_pa": "stands", "capacity": 6, "covered": "no", "access": " ", "fee": " ", "operator": " ", "CECLand": "Y", "SchoolCP": "", "InstalDate": 0, "Funder": "" }, "geometry": { "type": "Point", "coordinates": [ -3.197471208478748, 55.951928794691526 ] } },
{ "type": "Feature", "properties": { "OBJECTID": 817, "eastings": 325080, "northings": 673791, "bicycle_pa": "stands", "capacity": 6, "covered": "no", "access": " ", "fee": " ", "operator": " ", "CECLand": "Y", "SchoolCP": "", "InstalDate": 0, "Funder": "" }, "geometry": { "type": "Point", "coordinates": [ -3.201326619864604, 55.951280320981972 ] } },
{ "type": "Feature", "properties": { "OBJECTID": 818, "eastings": 325217, "northings": 673829, "bicycle_pa": "stands", "capacity": 6, "covered": "no", "access": " ", "fee": " ", "operator": " ", "CECLand": "Y", "SchoolCP": "", "InstalDate": 0, "Funder": "" }, "geometry": { "type": "Point", "coordinates": [ -3.199143888739381, 55.951642992740659 ] } },
{ "type": "Feature", "properties": { "OBJECTID": 819, "eastings": 325477, "northings": 673906, "bicycle_pa": "stands", "capacity": 6, "covered": "no", "access": " ", "fee": " ", "operator": " ", "CECLand": "Y", "SchoolCP": "", "InstalDate": 0, "Funder": "" }, "geometry": { "type": "Point", "coordinates": [ -3.195002720850653, 55.952375032543848 ] } },
{ "type": "Feature", "properties": { "OBJECTID": 820, "eastings": 324826, "northings": 673718, "bicycle_pa": "stands", "capacity": 6, "covered": "no", "access": " ", "fee": " ", "operator": " ", "CECLand": "Y", "SchoolCP": "", "InstalDate": 0, "Funder": "" }, "geometry": { "type": "Point", "coordinates": [ -3.205372587129169, 55.950584923811171 ] } },
{ "type": "Feature", "properties": { "OBJECTID": 821, "eastings": 322341, "northings": 671111, "bicycle_pa": "stands", "capacity": 4, "covered": "no", "access": " ", "fee": " ", "operator": " ", "CECLand": "Y", "SchoolCP": "", "InstalDate": 0, "Funder": "" }, "geometry": { "type": "Point", "coordinates": [ -3.244402587681781, 55.926771416756523 ] } },
{ "type": "Feature", "properties": { "OBJECTID": 822, "eastings": 324475, "northings": 670745, "bicycle_pa": "post_hoop", "capacity": 2, "covered": "no", "access": " ", "fee": " ", "operator": " ", "CECLand": "Y", "SchoolCP": "", "InstalDate": 0, "Funder": "" }, "geometry": { "type": "Point", "coordinates": [ -3.210158070507082, 55.923824271045397 ] } },
{ "type": "Feature", "properties": { "OBJECTID": 823, "eastings": 325035, "northings": 673320, "bicycle_pa": "stands", "capacity": 10, "covered": "no", "access": " ", "fee": " ", "operator": " ", "CECLand": "Y", "SchoolCP": "", "InstalDate": 0, "Funder": "" }, "geometry": { "type": "Point", "coordinates": [ -3.201915942353606, 55.947042561907352 ] } },
{ "type": "Feature", "properties": { "OBJECTID": 824, "eastings": 325445, "northings": 672347, "bicycle_pa": "stands", "capacity": 4, "covered": "no", "access": " ", "fee": " ", "operator": " ", "CECLand": "Y", "SchoolCP": "", "InstalDate": 0, "Funder": "" }, "geometry": { "type": "Point", "coordinates": [ -3.195083437677603, 55.938366214224025 ] } },
{ "type": "Feature", "properties": { "OBJECTID": 825, "eastings": 324619, "northings": 673340, "bicycle_pa": "stands", "capacity": 10, "covered": "no", "access": " ", "fee": " ", "operator": " ", "CECLand": " ", "SchoolCP": "", "InstalDate": 0, "Funder": "" }, "geometry": { "type": "Point", "coordinates": [ -3.208580643908115, 55.947157135166186 ] } },
{ "type": "Feature", "properties": { "OBJECTID": 826, "eastings": 324616, "northings": 673182, "bicycle_pa": "stands", "capacity": 4, "covered": "no", "access": " ", "fee": " ", "operator": " ", "CECLand": "Y", "SchoolCP": "", "InstalDate": 0, "Funder": "" }, "geometry": { "type": "Point", "coordinates": [ -3.208584453709383, 55.945737441544068 ] } },
{ "type": "Feature", "properties": { "OBJECTID": 827, "eastings": 322861, "northings": 671598, "bicycle_pa": "stands", "capacity": 12, "covered": "no", "access": " ", "fee": " ", "operator": " ", "CECLand": " ", "SchoolCP": "", "InstalDate": 0, "Funder": "" }, "geometry": { "type": "Point", "coordinates": [ -3.236222838382345, 55.931230283949255 ] } },
{ "type": "Feature", "properties": { "OBJECTID": 828, "eastings": 324184, "northings": 672562, "bicycle_pa": "stands", "capacity": 20, "covered": "no", "access": " ", "fee": " ", "operator": " ", "CECLand": " ", "SchoolCP": "Y", "InstalDate": 0, "Funder": "" }, "geometry": { "type": "Point", "coordinates": [ -3.215325006138452, 55.940100393857925 ] } },
{ "type": "Feature", "properties": { "OBJECTID": 829, "eastings": 326119, "northings": 673444, "bicycle_pa": "stands", "capacity": 14, "covered": "yes", "access": "yes", "fee": " ", "operator": "University of Edinburgh", "CECLand": " ", "SchoolCP": "", "InstalDate": 0, "Funder": "" }, "geometry": { "type": "Point", "coordinates": [ -3.184597626148551, 55.948324236341449 ] } },
{ "type": "Feature", "properties": { "OBJECTID": 830, "eastings": 314121, "northings": 678128, "bicycle_pa": "shed", "capacity": 10, "covered": " ", "access": " ", "fee": " ", "operator": " ", "CECLand": " ", "SchoolCP": "", "InstalDate": 0, "Funder": "" }, "geometry": { "type": "Point", "coordinates": [ -3.378149130359867, 55.988399338451508 ] } },
{ "type": "Feature", "properties": { "OBJECTID": 831, "eastings": 321686, "northings": 676713, "bicycle_pa": "stands", "capacity": 12, "covered": "no", "access": " ", "fee": " ", "operator": " ", "CECLand": " ", "SchoolCP": "", "InstalDate": 0, "Funder": "" }, "geometry": { "type": "Point", "coordinates": [ -3.256512616228396, 55.976984270303404 ] } },
{ "type": "Feature", "properties": { "OBJECTID": 832, "eastings": 326081, "northings": 672809, "bicycle_pa": "stands", "capacity": 4, "covered": "no", "access": "private", "fee": " ", "operator": " ", "CECLand": " ", "SchoolCP": "", "InstalDate": 0, "Funder": "" }, "geometry": { "type": "Point", "coordinates": [ -3.18503163297515, 55.942614433202195 ] } },
{ "type": "Feature", "properties": { "OBJECTID": 833, "eastings": 323243, "northings": 675911, "bicycle_pa": "stands", "capacity": 0, "covered": " ", "access": " ", "fee": " ", "operator": " ", "CECLand": " ", "SchoolCP": "", "InstalDate": 0, "Funder": "" }, "geometry": { "type": "Point", "coordinates": [ -3.231340427740366, 55.970032468017919 ] } },
{ "type": "Feature", "properties": { "OBJECTID": 834, "eastings": 324666, "northings": 675973, "bicycle_pa": "stands", "capacity": 15, "covered": "no", "access": " ", "fee": " ", "operator": " ", "CECLand": "Y", "SchoolCP": "", "InstalDate": 0, "Funder": "" }, "geometry": { "type": "Point", "coordinates": [ -3.208565001483354, 55.970815049343642 ] } },
{ "type": "Feature", "properties": { "OBJECTID": 835, "eastings": 326359, "northings": 674874, "bicycle_pa": "stands", "capacity": 8, "covered": "no", "access": " ", "fee": " ", "operator": " ", "CECLand": "Y", "SchoolCP": "", "InstalDate": 0, "Funder": "" }, "geometry": { "type": "Point", "coordinates": [ -3.181146821793576, 55.961206068012956 ] } },
{ "type": "Feature", "properties": { "OBJECTID": 836, "eastings": 320925, "northings": 675292, "bicycle_pa": " ", "capacity": 8, "covered": " ", "access": " ", "fee": " ", "operator": " ", "CECLand": " ", "SchoolCP": "Y", "InstalDate": 0, "Funder": "" }, "geometry": { "type": "Point", "coordinates": [ -3.268285531095231, 55.964095517349946 ] } },
{ "type": "Feature", "properties": { "OBJECTID": 837, "eastings": 320943, "northings": 675261, "bicycle_pa": " ", "capacity": 0, "covered": " ", "access": " ", "fee": " ", "operator": " ", "CECLand": " ", "SchoolCP": "Y", "InstalDate": 0, "Funder": "" }, "geometry": { "type": "Point", "coordinates": [ -3.267988162689495, 55.963820042353902 ] } },
{ "type": "Feature", "properties": { "OBJECTID": 838, "eastings": 327300, "northings": 674419, "bicycle_pa": "stands", "capacity": 10, "covered": "no", "access": " ", "fee": " ", "operator": " ", "CECLand": " ", "SchoolCP": "", "InstalDate": 0, "Funder": "" }, "geometry": { "type": "Point", "coordinates": [ -3.165955084235728, 55.957262362640058 ] } },
{ "type": "Feature", "properties": { "OBJECTID": 839, "eastings": 317475, "northings": 669473, "bicycle_pa": "rack", "capacity": 20, "covered": "yes", "access": "yes", "fee": " ", "operator": " ", "CECLand": " ", "SchoolCP": "", "InstalDate": 0, "Funder": "" }, "geometry": { "type": "Point", "coordinates": [ -3.321752068144188, 55.911246870858925 ] } },
{ "type": "Feature", "properties": { "OBJECTID": 840, "eastings": 326307, "northings": 672500, "bicycle_pa": "stands", "capacity": 20, "covered": "no", "access": "customers", "fee": " ", "operator": "Summerhall", "CECLand": " ", "SchoolCP": "", "InstalDate": 0, "Funder": "" }, "geometry": { "type": "Point", "coordinates": [ -3.181329688946932, 55.939873401915435 ] } },
{ "type": "Feature", "properties": { "OBJECTID": 841, "eastings": 317898, "northings": 669346, "bicycle_pa": "stands", "capacity": 14, "covered": " ", "access": " ", "fee": " ", "operator": " ", "CECLand": " ", "SchoolCP": "", "InstalDate": 0, "Funder": "" }, "geometry": { "type": "Point", "coordinates": [ -3.314948724320267, 55.910178565314922 ] } },
{ "type": "Feature", "properties": { "OBJECTID": 842, "eastings": 317892, "northings": 669356, "bicycle_pa": "stands", "capacity": 28, "covered": " ", "access": " ", "fee": " ", "operator": " ", "CECLand": " ", "SchoolCP": "", "InstalDate": 0, "Funder": "" }, "geometry": { "type": "Point", "coordinates": [ -3.315047717254012, 55.910267362313242 ] } },
{ "type": "Feature", "properties": { "OBJECTID": 843, "eastings": 317304, "northings": 668887, "bicycle_pa": "stands", "capacity": 50, "covered": "yes", "access": " ", "fee": " ", "operator": " ", "CECLand": " ", "SchoolCP": "", "InstalDate": 0, "Funder": "" }, "geometry": { "type": "Point", "coordinates": [ -3.324307251825344, 55.905953922353909 ] } },
{ "type": "Feature", "properties": { "OBJECTID": 844, "eastings": 317277, "northings": 668894, "bicycle_pa": "stands", "capacity": 50, "covered": "yes", "access": " ", "fee": " ", "operator": " ", "CECLand": " ", "SchoolCP": "", "InstalDate": 0, "Funder": "" }, "geometry": { "type": "Point", "coordinates": [ -3.324741124905553, 55.90601215372471 ] } },
{ "type": "Feature", "properties": { "OBJECTID": 845, "eastings": 317767, "northings": 669719, "bicycle_pa": "stands", "capacity": 10, "covered": "yes", "access": " ", "fee": " ", "operator": " ", "CECLand": " ", "SchoolCP": "", "InstalDate": 0, "Funder": "" }, "geometry": { "type": "Point", "coordinates": [ -3.317157295552672, 55.913506521522592 ] } },
{ "type": "Feature", "properties": { "OBJECTID": 846, "eastings": 326161, "northings": 673002, "bicycle_pa": "stands", "capacity": 2, "covered": "no", "access": " ", "fee": " ", "operator": " ", "CECLand": "Y", "SchoolCP": "", "InstalDate": 0, "Funder": "" }, "geometry": { "type": "Point", "coordinates": [ -3.183804072583414, 55.944360368894053 ] } },
{ "type": "Feature", "properties": { "OBJECTID": 847, "eastings": 317733, "northings": 672110, "bicycle_pa": "stands", "capacity": 12, "covered": "yes", "access": " ", "fee": " ", "operator": " ", "CECLand": " ", "SchoolCP": "", "InstalDate": 0, "Funder": "" }, "geometry": { "type": "Point", "coordinates": [ -3.318430425661967, 55.934977006565816 ] } },
{ "type": "Feature", "properties": { "OBJECTID": 848, "eastings": 323774, "northings": 672668, "bicycle_pa": "stands", "capacity": 4, "covered": "no", "access": " ", "fee": " ", "operator": " ", "CECLand": "Y", "SchoolCP": "", "InstalDate": 0, "Funder": "" }, "geometry": { "type": "Point", "coordinates": [ -3.22184220955839, 55.940778102977916 ] } },
{ "type": "Feature", "properties": { "OBJECTID": 849, "eastings": 326140, "northings": 673073, "bicycle_pa": "stands", "capacity": 6, "covered": "no", "access": " ", "fee": " ", "operator": " ", "CECLand": "Y", "SchoolCP": "", "InstalDate": 0, "Funder": "" }, "geometry": { "type": "Point", "coordinates": [ -3.18415968571475, 55.944994910608017 ] } },
{ "type": "Feature", "properties": { "OBJECTID": 850, "eastings": 326120, "northings": 673080, "bicycle_pa": "stands", "capacity": 2, "covered": "no", "access": " ", "fee": " ", "operator": " ", "CECLand": "Y", "SchoolCP": "", "InstalDate": 0, "Funder": "" }, "geometry": { "type": "Point", "coordinates": [ -3.18448174451595, 55.945054716768666 ] } },
{ "type": "Feature", "properties": { "OBJECTID": 851, "eastings": 326149, "northings": 673081, "bicycle_pa": "stands", "capacity": 6, "covered": "no", "access": " ", "fee": " ", "operator": " ", "CECLand": "Y", "SchoolCP": "", "InstalDate": 0, "Funder": "" }, "geometry": { "type": "Point", "coordinates": [ -3.18401781738386, 55.945068153833084 ] } },
{ "type": "Feature", "properties": { "OBJECTID": 852, "eastings": 322302, "northings": 671892, "bicycle_pa": "stands", "capacity": 6, "covered": " ", "access": " ", "fee": " ", "operator": " ", "CECLand": "Y", "SchoolCP": "", "InstalDate": 0, "Funder": "" }, "geometry": { "type": "Point", "coordinates": [ -3.245252479711038, 55.933781083107334 ] } },
{ "type": "Feature", "properties": { "OBJECTID": 853, "eastings": 322717, "northings": 672188, "bicycle_pa": "stands", "capacity": 14, "covered": "no", "access": " ", "fee": " ", "operator": " ", "CECLand": " ", "SchoolCP": "", "InstalDate": 0, "Funder": "" }, "geometry": { "type": "Point", "coordinates": [ -3.238696529192095, 55.936506985861342 ] } },
{ "type": "Feature", "properties": { "OBJECTID": 854, "eastings": 324763, "northings": 673082, "bicycle_pa": "stands", "capacity": 12, "covered": "no", "access": " ", "fee": " ", "operator": " ", "CECLand": "Y", "SchoolCP": "", "InstalDate": 0, "Funder": "" }, "geometry": { "type": "Point", "coordinates": [ -3.206203503503596, 55.944862231267841 ] } },
{ "type": "Feature", "properties": { "OBJECTID": 855, "eastings": 317765, "northings": 671877, "bicycle_pa": "stands", "capacity": 30, "covered": "yes", "access": " ", "fee": " ", "operator": " ", "CECLand": " ", "SchoolCP": "", "InstalDate": 0, "Funder": "" }, "geometry": { "type": "Point", "coordinates": [ -3.317847290469011, 55.93288964935352 ] } },
{ "type": "Feature", "properties": { "OBJECTID": 856, "eastings": 320928, "northings": 675286, "bicycle_pa": " ", "capacity": 12, "covered": " ", "access": " ", "fee": " ", "operator": " ", "CECLand": " ", "SchoolCP": "Y", "InstalDate": 0, "Funder": "" }, "geometry": { "type": "Point", "coordinates": [ -3.268235724392657, 55.964042119787351 ] } },
{ "type": "Feature", "properties": { "OBJECTID": 857, "eastings": 326161, "northings": 673282, "bicycle_pa": "stands", "capacity": 48, "covered": "no", "access": "yes", "fee": "no", "operator": "University of Edinburgh", "CECLand": "Y", "SchoolCP": "", "InstalDate": 0, "Funder": "" }, "geometry": { "type": "Point", "coordinates": [ -3.183880851443977, 55.94687550437272 ] } },
{ "type": "Feature", "properties": { "OBJECTID": 858, "eastings": 326142, "northings": 673307, "bicycle_pa": "stands", "capacity": 46, "covered": "no", "access": "yes", "fee": "no", "operator": "University of Edinburgh", "CECLand": "Y", "SchoolCP": "", "InstalDate": 0, "Funder": "" }, "geometry": { "type": "Point", "coordinates": [ -3.184191854920757, 55.947097151608624 ] } },
{ "type": "Feature", "properties": { "OBJECTID": 859, "eastings": 326446, "northings": 673691, "bicycle_pa": "rack", "capacity": 17, "covered": "yes", "access": " ", "fee": " ", "operator": " ", "CECLand": " ", "SchoolCP": "", "InstalDate": 0, "Funder": "" }, "geometry": { "type": "Point", "coordinates": [ -3.179430399071994, 55.950593087302757 ] } },
{ "type": "Feature", "properties": { "OBJECTID": 860, "eastings": 326428, "northings": 673712, "bicycle_pa": " ", "capacity": 68, "covered": "yes", "access": " ", "fee": " ", "operator": " ", "CECLand": " ", "SchoolCP": "", "InstalDate": 0, "Funder": "" }, "geometry": { "type": "Point", "coordinates": [ -3.179724302631228, 55.950778965219897 ] } },
{ "type": "Feature", "properties": { "OBJECTID": 861, "eastings": 329808, "northings": 670509, "bicycle_pa": "stands", "capacity": 2, "covered": " ", "access": " ", "fee": " ", "operator": " ", "CECLand": " ", "SchoolCP": "", "InstalDate": 0, "Funder": "" }, "geometry": { "type": "Point", "coordinates": [ -3.124776780372798, 55.922512786611492 ] } },
{ "type": "Feature", "properties": { "OBJECTID": 862, "eastings": 327020, "northings": 675085, "bicycle_pa": "stands", "capacity": 10, "covered": "yes", "access": " ", "fee": " ", "operator": " ", "CECLand": " ", "SchoolCP": "", "InstalDate": 0, "Funder": "" }, "geometry": { "type": "Point", "coordinates": [ -3.17061905698432, 55.96320228648127 ] } },
{ "type": "Feature", "properties": { "OBJECTID": 863, "eastings": 325941, "northings": 673132, "bicycle_pa": "stands", "capacity": 22, "covered": "yes", "access": "yes", "fee": "no", "operator": "University of Edinburgh", "CECLand": " ", "SchoolCP": "", "InstalDate": 0, "Funder": "" }, "geometry": { "type": "Point", "coordinates": [ -3.187361279145551, 55.945494272940842 ] } },
{ "type": "Feature", "properties": { "OBJECTID": 864, "eastings": 321392, "northings": 670884, "bicycle_pa": "stands", "capacity": 4, "covered": "no", "access": " ", "fee": " ", "operator": " ", "CECLand": "Y", "SchoolCP": "", "InstalDate": 0, "Funder": "" }, "geometry": { "type": "Point", "coordinates": [ -3.259519654174318, 55.924577760893669 ] } },
{ "type": "Feature", "properties": { "OBJECTID": 865, "eastings": 325089, "northings": 672234, "bicycle_pa": " ", "capacity": 120, "covered": "yes", "access": "private", "fee": " ", "operator": "James Gillespie’s High School", "CECLand": " ", "SchoolCP": "Y", "InstalDate": 0, "Funder": "" }, "geometry": { "type": "Point", "coordinates": [ -3.200749478084055, 55.937295878984827 ] } },
{ "type": "Feature", "properties": { "OBJECTID": 866, "eastings": 317609, "northings": 672361, "bicycle_pa": "stands", "capacity": 6, "covered": "no", "access": "yes", "fee": " ", "operator": " ", "CECLand": " ", "SchoolCP": "", "InstalDate": 0, "Funder": "" }, "geometry": { "type": "Point", "coordinates": [ -3.320491385234856, 55.937210273950079 ] } },
{ "type": "Feature", "properties": { "OBJECTID": 867, "eastings": 321965, "northings": 671932, "bicycle_pa": "stands", "capacity": 12, "covered": "yes", "access": " ", "fee": " ", "operator": " ", "CECLand": "Y", "SchoolCP": "", "InstalDate": 0, "Funder": "" }, "geometry": { "type": "Point", "coordinates": [ -3.250656757966558, 55.934085633141542 ] } },
{ "type": "Feature", "properties": { "OBJECTID": 868, "eastings": 321999, "northings": 671970, "bicycle_pa": " ", "capacity": 6, "covered": "no", "access": " ", "fee": " ", "operator": " ", "CECLand": "Y", "SchoolCP": "", "InstalDate": 0, "Funder": "" }, "geometry": { "type": "Point", "coordinates": [ -3.250123681432702, 55.934432500234941 ] } },
{ "type": "Feature", "properties": { "OBJECTID": 869, "eastings": 326291, "northings": 673575, "bicycle_pa": "stands", "capacity": 8, "covered": " ", "access": " ", "fee": " ", "operator": " ", "CECLand": " ", "SchoolCP": "", "InstalDate": 0, "Funder": "" }, "geometry": { "type": "Point", "coordinates": [ -3.181880069811947, 55.949527365167967 ] } },
{ "type": "Feature", "properties": { "OBJECTID": 870, "eastings": 326276, "northings": 673603, "bicycle_pa": "stands", "capacity": 8, "covered": " ", "access": " ", "fee": " ", "operator": " ", "CECLand": " ", "SchoolCP": "", "InstalDate": 0, "Funder": "" }, "geometry": { "type": "Point", "coordinates": [ -3.182127869377152, 55.949776578525743 ] } },
{ "type": "Feature", "properties": { "OBJECTID": 871, "eastings": 328364, "northings": 670997, "bicycle_pa": "stands", "capacity": 4, "covered": "no", "access": " ", "fee": " ", "operator": " ", "CECLand": "Y", "SchoolCP": "", "InstalDate": 0, "Funder": "" }, "geometry": { "type": "Point", "coordinates": [ -3.1480073549835, 55.926683146737105 ] } },
{ "type": "Feature", "properties": { "OBJECTID": 872, "eastings": 326524, "northings": 675063, "bicycle_pa": "stands", "capacity": 6, "covered": "6", "access": " ", "fee": " ", "operator": " ", "CECLand": "Y", "SchoolCP": "", "InstalDate": 0, "Funder": "" }, "geometry": { "type": "Point", "coordinates": [ -3.178556187675903, 55.962929034229617 ] } },
{ "type": "Feature", "properties": { "OBJECTID": 873, "eastings": 325968, "northings": 673896, "bicycle_pa": "stands", "capacity": 30, "covered": "yes", "access": " ", "fee": " ", "operator": " ", "CECLand": " ", "SchoolCP": "", "InstalDate": 0, "Funder": "" }, "geometry": { "type": "Point", "coordinates": [ -3.187139139416203, 55.952361104228338 ] } },
{ "type": "Feature", "properties": { "OBJECTID": 874, "eastings": 329999, "northings": 670438, "bicycle_pa": "stands", "capacity": 2, "covered": " ", "access": " ", "fee": " ", "operator": " ", "CECLand": " ", "SchoolCP": "", "InstalDate": 0, "Funder": "" }, "geometry": { "type": "Point", "coordinates": [ -3.121702772965904, 55.921902882701275 ] } },
{ "type": "Feature", "properties": { "OBJECTID": 875, "eastings": 329977, "northings": 670330, "bicycle_pa": "stands", "capacity": 2, "covered": "no", "access": " ", "fee": " ", "operator": " ", "CECLand": " ", "SchoolCP": "", "InstalDate": 0, "Funder": "" }, "geometry": { "type": "Point", "coordinates": [ -3.122026667763043, 55.92092951307027 ] } },
{ "type": "Feature", "properties": { "OBJECTID": 876, "eastings": 330231, "northings": 670197, "bicycle_pa": "stands", "capacity": 2, "covered": "no", "access": " ", "fee": " ", "operator": " ", "CECLand": " ", "SchoolCP": "", "InstalDate": 0, "Funder": "" }, "geometry": { "type": "Point", "coordinates": [ -3.117929002505184, 55.919771750165403 ] } },
{ "type": "Feature", "properties": { "OBJECTID": 877, "eastings": 319557, "northings": 672979, "bicycle_pa": "stands", "capacity": 6, "covered": "no", "access": " ", "fee": " ", "operator": " ", "CECLand": "Y", "SchoolCP": "", "InstalDate": 0, "Funder": "" }, "geometry": { "type": "Point", "coordinates": [ -3.289501910352615, 55.943091950653944 ] } },
{ "type": "Feature", "properties": { "OBJECTID": 878, "eastings": 320189, "northings": 672878, "bicycle_pa": "stands", "capacity": 6, "covered": " ", "access": " ", "fee": " ", "operator": " ", "CECLand": "Y", "SchoolCP": "", "InstalDate": 0, "Funder": "" }, "geometry": { "type": "Point", "coordinates": [ -3.279356433223327, 55.94229043943951 ] } },
{ "type": "Feature", "properties": { "OBJECTID": 879, "eastings": 317955, "northings": 671786, "bicycle_pa": "stands", "capacity": 18, "covered": " ", "access": " ", "fee": " ", "operator": " ", "CECLand": " ", "SchoolCP": "", "InstalDate": 0, "Funder": "" }, "geometry": { "type": "Point", "coordinates": [ -3.314779396321617, 55.932104792208328 ] } },
{ "type": "Feature", "properties": { "OBJECTID": 880, "eastings": 317820, "northings": 671909, "bicycle_pa": "stands", "capacity": 24, "covered": " ", "access": " ", "fee": " ", "operator": " ", "CECLand": " ", "SchoolCP": "", "InstalDate": 0, "Funder": "" }, "geometry": { "type": "Point", "coordinates": [ -3.316976992408046, 55.933186499119444 ] } },
{ "type": "Feature", "properties": { "OBJECTID": 881, "eastings": 325877, "northings": 673782, "bicycle_pa": "stands", "capacity": 6, "covered": "no", "access": " ", "fee": " ", "operator": " ", "CECLand": "Y", "SchoolCP": "", "InstalDate": 0, "Funder": "" }, "geometry": { "type": "Point", "coordinates": [ -3.188564656238773, 55.951323073802705 ] } },
{ "type": "Feature", "properties": { "OBJECTID": 882, "eastings": 320274, "northings": 677043, "bicycle_pa": "stands", "capacity": 12, "covered": "no", "access": "yes", "fee": "no", "operator": " ", "CECLand": "Y", "SchoolCP": "", "InstalDate": 0, "Funder": "" }, "geometry": { "type": "Point", "coordinates": [ -3.27923012383791, 55.979715623795244 ] } },
{ "type": "Feature", "properties": { "OBJECTID": 883, "eastings": 326044, "northings": 675880, "bicycle_pa": "stands", "capacity": 4, "covered": "no", "access": "yes", "fee": " ", "operator": " ", "CECLand": "Y", "SchoolCP": "", "InstalDate": 0, "Funder": "" }, "geometry": { "type": "Point", "coordinates": [ -3.186467548962165, 55.970194042423927 ] } },
{ "type": "Feature", "properties": { "OBJECTID": 884, "eastings": 326039, "northings": 675885, "bicycle_pa": "stands", "capacity": 4, "covered": "no", "access": "yes", "fee": " ", "operator": " ", "CECLand": "Y", "SchoolCP": "", "InstalDate": 0, "Funder": "" }, "geometry": { "type": "Point", "coordinates": [ -3.186549007985537, 55.970238184546574 ] } },
{ "type": "Feature", "properties": { "OBJECTID": 885, "eastings": 327316, "northings": 674649, "bicycle_pa": "stands", "capacity": 6, "covered": "no", "access": " ", "fee": " ", "operator": " ", "CECLand": " ", "SchoolCP": "", "InstalDate": 0, "Funder": "" }, "geometry": { "type": "Point", "coordinates": [ -3.165761006927392, 55.959330785463827 ] } },
{ "type": "Feature", "properties": { "OBJECTID": 886, "eastings": 327223, "northings": 674725, "bicycle_pa": "stands", "capacity": 8, "covered": "no", "access": " ", "fee": " ", "operator": " ", "CECLand": " ", "SchoolCP": "", "InstalDate": 0, "Funder": "" }, "geometry": { "type": "Point", "coordinates": [ -3.167270756194562, 55.959999368354659 ] } },
{ "type": "Feature", "properties": { "OBJECTID": 887, "eastings": 323837, "northings": 672730, "bicycle_pa": "stands", "capacity": 10, "covered": "no", "access": " ", "fee": " ", "operator": " ", "CECLand": " ", "SchoolCP": "", "InstalDate": 0, "Funder": "" }, "geometry": { "type": "Point", "coordinates": [ -3.220926139638122, 55.94155456789305 ] } },
{ "type": "Feature", "properties": { "OBJECTID": 888, "eastings": 324118, "northings": 673596, "bicycle_pa": "stands", "capacity": 12, "covered": " ", "access": " ", "fee": " ", "operator": " ", "CECLand": " ", "SchoolCP": "", "InstalDate": 0, "Funder": "" }, "geometry": { "type": "Point", "coordinates": [ -3.216672481780831, 55.949377766690148 ] } },
{ "type": "Feature", "properties": { "OBJECTID": 889, "eastings": 324206, "northings": 672587, "bicycle_pa": "stands", "capacity": 20, "covered": "yes", "access": "private", "fee": " ", "operator": " ", "CECLand": " ", "SchoolCP": "Y", "InstalDate": 0, "Funder": "" }, "geometry": { "type": "Point", "coordinates": [ -3.214979936176855, 55.940328424957237 ] } },
{ "type": "Feature", "properties": { "OBJECTID": 890, "eastings": 324245, "northings": 672606, "bicycle_pa": "stands", "capacity": 10, "covered": "no", "access": "private", "fee": " ", "operator": " ", "CECLand": " ", "SchoolCP": "Y", "InstalDate": 0, "Funder": "" }, "geometry": { "type": "Point", "coordinates": [ -3.214361092792339, 55.940505238393243 ] } },
{ "type": "Feature", "properties": { "OBJECTID": 891, "eastings": 320346, "northings": 673787, "bicycle_pa": "stands", "capacity": 6, "covered": "no", "access": " ", "fee": " ", "operator": " ", "CECLand": "Y", "SchoolCP": "", "InstalDate": 0, "Funder": "" }, "geometry": { "type": "Point", "coordinates": [ -3.277112309687868, 55.950481430753292 ] } },
{ "type": "Feature", "properties": { "OBJECTID": 892, "eastings": 326444, "northings": 670715, "bicycle_pa": "stands", "capacity": 56, "covered": "no", "access": "yes", "fee": "no", "operator": "University of Edinburgh", "CECLand": " ", "SchoolCP": "", "InstalDate": 0, "Funder": "" }, "geometry": { "type": "Point", "coordinates": [ -3.178649300238146, 55.923859720084153 ] } },
{ "type": "Feature", "properties": { "OBJECTID": 893, "eastings": 326288, "northings": 673744, "bicycle_pa": "stands", "capacity": 6, "covered": "no", "access": " ", "fee": " ", "operator": " ", "CECLand": "Y", "SchoolCP": "", "InstalDate": 0, "Funder": "" }, "geometry": { "type": "Point", "coordinates": [ -3.181974361439623, 55.951044954650136 ] } },
{ "type": "Feature", "properties": { "OBJECTID": 894, "eastings": 326228, "northings": 672468, "bicycle_pa": "stands", "capacity": 10, "covered": "no", "access": " ", "fee": " ", "operator": " ", "CECLand": "Y", "SchoolCP": "", "InstalDate": 0, "Funder": "" }, "geometry": { "type": "Point", "coordinates": [ -3.182585300296292, 55.939573837708785 ] } },
{ "type": "Feature", "properties": { "OBJECTID": 895, "eastings": 326828, "northings": 670436, "bicycle_pa": "stands", "capacity": 6, "covered": "no", "access": "yes", "fee": "no", "operator": "University of Edinburgh", "CECLand": " ", "SchoolCP": "", "InstalDate": 0, "Funder": "" }, "geometry": { "type": "Point", "coordinates": [ -3.172430167075438, 55.921412183403113 ] } },
{ "type": "Feature", "properties": { "OBJECTID": 896, "eastings": 320557, "northings": 675484, "bicycle_pa": "stands", "capacity": 6, "covered": "no", "access": " ", "fee": " ", "operator": " ", "CECLand": " ", "SchoolCP": "", "InstalDate": 0, "Funder": "" }, "geometry": { "type": "Point", "coordinates": [ -3.274235471123467, 55.965759187680348 ] } },
{ "type": "Feature", "properties": { "OBJECTID": 897, "eastings": 325598, "northings": 677457, "bicycle_pa": "stands", "capacity": 40, "covered": "no", "access": " ", "fee": " ", "operator": " ", "CECLand": " ", "SchoolCP": "", "InstalDate": 0, "Funder": "" }, "geometry": { "type": "Point", "coordinates": [ -3.194047462562418, 55.984290589460208 ] } },
{ "type": "Feature", "properties": { "OBJECTID": 898, "eastings": 326274, "northings": 673558, "bicycle_pa": "stands", "capacity": 8, "covered": "yes", "access": "yes", "fee": "no", "operator": "University of Edinburgh", "CECLand": "Y", "SchoolCP": "", "InstalDate": 0, "Funder": "" }, "geometry": { "type": "Point", "coordinates": [ -3.182147563078991, 55.949372053172347 ] } },
{ "type": "Feature", "properties": { "OBJECTID": 899, "eastings": 325973, "northings": 674459, "bicycle_pa": "stands", "capacity": 12, "covered": "no", "access": " ", "fee": " ", "operator": " ", "CECLand": "Y", "SchoolCP": "", "InstalDate": 0, "Funder": "" }, "geometry": { "type": "Point", "coordinates": [ -3.187213890593457, 55.957419007730614 ] } },
{ "type": "Feature", "properties": { "OBJECTID": 900, "eastings": 323996, "northings": 667385, "bicycle_pa": "stands", "capacity": 4, "covered": "no", "access": "yes", "fee": "no", "operator": " ", "CECLand": " ", "SchoolCP": "", "InstalDate": 0, "Funder": "" }, "geometry": { "type": "Point", "coordinates": [ -3.216874659926135, 55.893566435122636 ] } },
{ "type": "Feature", "properties": { "OBJECTID": 901, "eastings": 326525, "northings": 668879, "bicycle_pa": "stands", "capacity": 4, "covered": "no", "access": " ", "fee": " ", "operator": " ", "CECLand": "Y", "SchoolCP": "", "InstalDate": 0, "Funder": "" }, "geometry": { "type": "Point", "coordinates": [ -3.176852792060002, 55.90737978843633 ] } },
{ "type": "Feature", "properties": { "OBJECTID": 902, "eastings": 324040, "northings": 667375, "bicycle_pa": "stands", "capacity": 6, "covered": "no", "access": "yes", "fee": " ", "operator": " ", "CECLand": "Y", "SchoolCP": "", "InstalDate": 0, "Funder": "" }, "geometry": { "type": "Point", "coordinates": [ -3.216168474958065, 55.893483563239926 ] } },
{ "type": "Feature", "properties": { "OBJECTID": 903, "eastings": 323656, "northings": 672186, "bicycle_pa": "stands", "capacity": 6, "covered": "no", "access": "yes", "fee": "no", "operator": " ", "CECLand": "Y", "SchoolCP": "", "InstalDate": 0, "Funder": "" }, "geometry": { "type": "Point", "coordinates": [ -3.223668956165961, 55.936639343724764 ] } },
{ "type": "Feature", "properties": { "OBJECTID": 904, "eastings": 331153, "northings": 673805, "bicycle_pa": "stands", "capacity": 10, "covered": "no", "access": " ", "fee": " ", "operator": " ", "CECLand": "Y", "SchoolCP": "", "InstalDate": 0, "Funder": "" }, "geometry": { "type": "Point", "coordinates": [ -3.104102435692495, 55.952315463056038 ] } },
{ "type": "Feature", "properties": { "OBJECTID": 905, "eastings": 329107, "northings": 669205, "bicycle_pa": "stands", "capacity": 4, "covered": "no", "access": "yes", "fee": "no", "operator": " ", "CECLand": "Y", "SchoolCP": "", "InstalDate": 0, "Funder": "" }, "geometry": { "type": "Point", "coordinates": [ -3.135648142756581, 55.910696094289698 ] } },
{ "type": "Feature", "properties": { "OBJECTID": 906, "eastings": 326391, "northings": 672078, "bicycle_pa": "stands", "capacity": 10, "covered": "yes", "access": "private", "fee": " ", "operator": " ", "CECLand": " ", "SchoolCP": "", "InstalDate": 0, "Funder": "" }, "geometry": { "type": "Point", "coordinates": [ -3.179869858099974, 55.936095426517355 ] } },
{ "type": "Feature", "properties": { "OBJECTID": 907, "eastings": 326389, "northings": 672081, "bicycle_pa": "stands", "capacity": 10, "covered": "yes", "access": "private", "fee": " ", "operator": " ", "CECLand": " ", "SchoolCP": "", "InstalDate": 0, "Funder": "" }, "geometry": { "type": "Point", "coordinates": [ -3.179902685248662, 55.936122069624695 ] } },
{ "type": "Feature", "properties": { "OBJECTID": 908, "eastings": 325568, "northings": 672506, "bicycle_pa": "front_wheel", "capacity": 7, "covered": "no", "access": " ", "fee": "no", "operator": " ", "CECLand": "Y", "SchoolCP": "", "InstalDate": 0, "Funder": "" }, "geometry": { "type": "Point", "coordinates": [ -3.193158884137514, 55.939813529799615 ] } },
{ "type": "Feature", "properties": { "OBJECTID": 909, "eastings": 327772, "northings": 667859, "bicycle_pa": "stands", "capacity": 10, "covered": "no", "access": "yes", "fee": " ", "operator": " ", "CECLand": " ", "SchoolCP": "", "InstalDate": 0, "Funder": "" }, "geometry": { "type": "Point", "coordinates": [ -3.156638056729006, 55.898406445555004 ] } },
{ "type": "Feature", "properties": { "OBJECTID": 910, "eastings": 325039, "northings": 672097, "bicycle_pa": "stands", "capacity": 4, "covered": "yes", "access": "private", "fee": " ", "operator": " ", "CECLand": " ", "SchoolCP": "", "InstalDate": 0, "Funder": "" }, "geometry": { "type": "Point", "coordinates": [ -3.201511534614011, 55.936057461033769 ] } },
{ "type": "Feature", "properties": { "OBJECTID": 911, "eastings": 324471, "northings": 671945, "bicycle_pa": "stands", "capacity": 6, "covered": " ", "access": " ", "fee": " ", "operator": " ", "CECLand": " ", "SchoolCP": "", "InstalDate": 0, "Funder": "" }, "geometry": { "type": "Point", "coordinates": [ -3.210558699094471, 55.934603290964532 ] } },
{ "type": "Feature", "properties": { "OBJECTID": 912, "eastings": 324712, "northings": 674163, "bicycle_pa": "stands", "capacity": 4, "covered": "no", "access": " ", "fee": " ", "operator": " ", "CECLand": "Y", "SchoolCP": "", "InstalDate": 0, "Funder": "" }, "geometry": { "type": "Point", "coordinates": [ -3.207321983925592, 55.954564227895808 ] } },
{ "type": "Feature", "properties": { "OBJECTID": 913, "eastings": 324712, "northings": 674191, "bicycle_pa": "stands", "capacity": 4, "covered": "no", "access": " ", "fee": " ", "operator": " ", "CECLand": "Y", "SchoolCP": "", "InstalDate": 0, "Funder": "" }, "geometry": { "type": "Point", "coordinates": [ -3.207329811351788, 55.954815734298613 ] } },
{ "type": "Feature", "properties": { "OBJECTID": 914, "eastings": 325292, "northings": 674979, "bicycle_pa": "stands", "capacity": 9, "covered": "yes", "access": " ", "fee": " ", "operator": " ", "CECLand": " ", "SchoolCP": "", "InstalDate": 0, "Funder": "" }, "geometry": { "type": "Point", "coordinates": [ -3.198262175994478, 55.961984448166753 ] } },
{ "type": "Feature", "properties": { "OBJECTID": 915, "eastings": 323925, "northings": 676989, "bicycle_pa": "stands", "capacity": 4, "covered": "no", "access": " ", "fee": " ", "operator": " ", "CECLand": "Y", "SchoolCP": "", "InstalDate": 0, "Funder": "" }, "geometry": { "type": "Point", "coordinates": [ -3.220721569884423, 55.979824111363413 ] } },
{ "type": "Feature", "properties": { "OBJECTID": 916, "eastings": 326666, "northings": 672636, "bicycle_pa": "stands", "capacity": 6, "covered": " ", "access": " ", "fee": " ", "operator": " ", "CECLand": " ", "SchoolCP": "", "InstalDate": 0, "Funder": "" }, "geometry": { "type": "Point", "coordinates": [ -3.175621001487352, 55.941149953276486 ] } },
{ "type": "Feature", "properties": { "OBJECTID": 917, "eastings": 326425, "northings": 673057, "bicycle_pa": "stands", "capacity": 8, "covered": " ", "access": " ", "fee": " ", "operator": " ", "CECLand": " ", "SchoolCP": "", "InstalDate": 0, "Funder": "" }, "geometry": { "type": "Point", "coordinates": [ -3.179593335603521, 55.944894876485023 ] } },
{ "type": "Feature", "properties": { "OBJECTID": 918, "eastings": 326407, "northings": 673058, "bicycle_pa": "shed", "capacity": 10, "covered": " ", "access": " ", "fee": " ", "operator": " ", "CECLand": " ", "SchoolCP": "", "InstalDate": 0, "Funder": "" }, "geometry": { "type": "Point", "coordinates": [ -3.179881733173583, 55.94490110490252 ] } },
{ "type": "Feature", "properties": { "OBJECTID": 919, "eastings": 326340, "northings": 673119, "bicycle_pa": "stands", "capacity": 96, "covered": "no", "access": "private", "fee": " ", "operator": " ", "CECLand": " ", "SchoolCP": "", "InstalDate": 0, "Funder": "" }, "geometry": { "type": "Point", "coordinates": [ -3.18097088222644, 55.945438788901143 ] } },
{ "type": "Feature", "properties": { "OBJECTID": 920, "eastings": 326352, "northings": 673130, "bicycle_pa": "shed", "capacity": 10, "covered": " ", "access": "private", "fee": " ", "operator": " ", "CECLand": " ", "SchoolCP": "", "InstalDate": 0, "Funder": "" }, "geometry": { "type": "Point", "coordinates": [ -3.180781805470181, 55.945539436109307 ] } },
{ "type": "Feature", "properties": { "OBJECTID": 921, "eastings": 326382, "northings": 673121, "bicycle_pa": "shed", "capacity": 10, "covered": " ", "access": "private", "fee": " ", "operator": " ", "CECLand": " ", "SchoolCP": "", "InstalDate": 0, "Funder": "" }, "geometry": { "type": "Point", "coordinates": [ -3.180299129987262, 55.94546318595583 ] } },
{ "type": "Feature", "properties": { "OBJECTID": 922, "eastings": 326381, "northings": 673175, "bicycle_pa": "stands", "capacity": 4, "covered": " ", "access": " ", "fee": " ", "operator": " ", "CECLand": " ", "SchoolCP": "", "InstalDate": 0, "Funder": "" }, "geometry": { "type": "Point", "coordinates": [ -3.180329901408396, 55.945948096383084 ] } },
{ "type": "Feature", "properties": { "OBJECTID": 923, "eastings": 325828, "northings": 673436, "bicycle_pa": "stands", "capacity": 6, "covered": "no", "access": " ", "fee": " ", "operator": " ", "CECLand": " ", "SchoolCP": "", "InstalDate": 0, "Funder": "" }, "geometry": { "type": "Point", "coordinates": [ -3.189253812581754, 55.948207557516078 ] } },
{ "type": "Feature", "properties": { "OBJECTID": 924, "eastings": 325834, "northings": 673450, "bicycle_pa": "shed", "capacity": 0, "covered": " ", "access": "private", "fee": " ", "operator": " ", "CECLand": " ", "SchoolCP": "", "InstalDate": 0, "Funder": "" }, "geometry": { "type": "Point", "coordinates": [ -3.189161619900301, 55.948334239497271 ] } },
{ "type": "Feature", "properties": { "OBJECTID": 925, "eastings": 322195, "northings": 671391, "bicycle_pa": "stands", "capacity": 8, "covered": "no", "access": " ", "fee": " ", "operator": " ", "CECLand": " ", "SchoolCP": "", "InstalDate": 0, "Funder": "" }, "geometry": { "type": "Point", "coordinates": [ -3.246819608145707, 55.929263110759514 ] } },
{ "type": "Feature", "properties": { "OBJECTID": 926, "eastings": 325737, "northings": 673748, "bicycle_pa": "stands", "capacity": 6, "covered": "no", "access": " ", "fee": " ", "operator": " ", "CECLand": "Y", "SchoolCP": "", "InstalDate": 0, "Funder": "" }, "geometry": { "type": "Point", "coordinates": [ -3.190796598767101, 55.950996055115823 ] } },
{ "type": "Feature", "properties": { "OBJECTID": 927, "eastings": 318445, "northings": 671066, "bicycle_pa": "stands", "capacity": 10, "covered": "yes", "access": " ", "fee": " ", "operator": " ", "CECLand": " ", "SchoolCP": "", "InstalDate": 0, "Funder": "" }, "geometry": { "type": "Point", "coordinates": [ -3.306721190160487, 55.925721092393779 ] } },
{ "type": "Feature", "properties": { "OBJECTID": 928, "eastings": 324728, "northings": 673095, "bicycle_pa": "stands", "capacity": 8, "covered": "no", "access": " ", "fee": " ", "operator": " ", "CECLand": " ", "SchoolCP": "", "InstalDate": 0, "Funder": "" }, "geometry": { "type": "Point", "coordinates": [ -3.206767366853436, 55.94497352319916 ] } },
{ "type": "Feature", "properties": { "OBJECTID": 929, "eastings": 321919, "northings": 672521, "bicycle_pa": "stands", "capacity": 6, "covered": "no", "access": " ", "fee": " ", "operator": " ", "CECLand": "Y", "SchoolCP": "", "InstalDate": 0, "Funder": "" }, "geometry": { "type": "Point", "coordinates": [ -3.251563512729547, 55.939368797299039 ] } },
{ "type": "Feature", "properties": { "OBJECTID": 930, "eastings": 325153, "northings": 673072, "bicycle_pa": "stands", "capacity": 10, "covered": "no", "access": " ", "fee": " ", "operator": " ", "CECLand": "Y", "SchoolCP": "", "InstalDate": 0, "Funder": "" }, "geometry": { "type": "Point", "coordinates": [ -3.199958127711997, 55.944833290951102 ] } },
{ "type": "Feature", "properties": { "OBJECTID": 931, "eastings": 324708, "northings": 671698, "bicycle_pa": "wall_loops", "capacity": 3, "covered": " ", "access": "private", "fee": " ", "operator": " ", "CECLand": " ", "SchoolCP": "", "InstalDate": 0, "Funder": "" }, "geometry": { "type": "Point", "coordinates": [ -3.206697044135908, 55.932421664127013 ] } },
{ "type": "Feature", "properties": { "OBJECTID": 932, "eastings": 324313, "northings": 670184, "bicycle_pa": "stands", "capacity": 6, "covered": "no", "access": " ", "fee": " ", "operator": " ", "CECLand": " ", "SchoolCP": "", "InstalDate": 0, "Funder": "" }, "geometry": { "type": "Point", "coordinates": [ -3.212592136957395, 55.918759328418354 ] } },
{ "type": "Feature", "properties": { "OBJECTID": 933, "eastings": 322666, "northings": 670153, "bicycle_pa": "stands", "capacity": 20, "covered": "no", "access": " ", "fee": " ", "operator": " ", "CECLand": " ", "SchoolCP": "", "InstalDate": 0, "Funder": "" }, "geometry": { "type": "Point", "coordinates": [ -3.238927906441448, 55.91821836933601 ] } },
{ "type": "Feature", "properties": { "OBJECTID": 934, "eastings": 322663, "northings": 670146, "bicycle_pa": "stands", "capacity": 24, "covered": "yes", "access": " ", "fee": " ", "operator": " ", "CECLand": " ", "SchoolCP": "", "InstalDate": 0, "Funder": "" }, "geometry": { "type": "Point", "coordinates": [ -3.238973888456471, 55.91815500801642 ] } },
{ "type": "Feature", "properties": { "OBJECTID": 935, "eastings": 322654, "northings": 670147, "bicycle_pa": "stands", "capacity": 14, "covered": " ", "access": " ", "fee": " ", "operator": " ", "CECLand": " ", "SchoolCP": "", "InstalDate": 0, "Funder": "" }, "geometry": { "type": "Point", "coordinates": [ -3.239118138284863, 55.918162541668707 ] } },
{ "type": "Feature", "properties": { "OBJECTID": 936, "eastings": 317858, "northings": 669631, "bicycle_pa": "stands", "capacity": 10, "covered": "yes", "access": "yes", "fee": "yes", "operator": " ", "CECLand": " ", "SchoolCP": "", "InstalDate": 0, "Funder": "" }, "geometry": { "type": "Point", "coordinates": [ -3.3156751321928, 55.912731651766009 ] } },
{ "type": "Feature", "properties": { "OBJECTID": 937, "eastings": 317854, "northings": 669554, "bicycle_pa": "stands", "capacity": 8, "covered": "yes", "access": "yes", "fee": "yes", "operator": " ", "CECLand": " ", "SchoolCP": "", "InstalDate": 0, "Funder": "" }, "geometry": { "type": "Point", "coordinates": [ -3.315715667807605, 55.912039340814275 ] } },
{ "type": "Feature", "properties": { "OBJECTID": 938, "eastings": 326298, "northings": 673830, "bicycle_pa": "stands", "capacity": 10, "covered": " ", "access": "yes", "fee": " ", "operator": " ", "CECLand": " ", "SchoolCP": "", "InstalDate": 0, "Funder": "" }, "geometry": { "type": "Point", "coordinates": [ -3.181837807203964, 55.95181898369929 ] } },
{ "type": "Feature", "properties": { "OBJECTID": 939, "eastings": 326299, "northings": 672705, "bicycle_pa": "stands", "capacity": 4, "covered": "no", "access": " ", "fee": " ", "operator": " ", "CECLand": "Y", "SchoolCP": "", "InstalDate": 0, "Funder": "" }, "geometry": { "type": "Point", "coordinates": [ -3.181513872744192, 55.941713689577185 ] } },
{ "type": "Feature", "properties": { "OBJECTID": 940, "eastings": 325923, "northings": 673114, "bicycle_pa": "building", "capacity": 377, "covered": "yes", "access": "private", "fee": "no", "operator": "University of Edinburgh", "CECLand": " ", "SchoolCP": "", "InstalDate": 0, "Funder": "" }, "geometry": { "type": "Point", "coordinates": [ -3.18764445500517, 55.945329813071844 ] } },
{ "type": "Feature", "properties": { "OBJECTID": 941, "eastings": 324056, "northings": 670873, "bicycle_pa": " ", "capacity": 10, "covered": "yes", "access": "private", "fee": " ", "operator": " ", "CECLand": " ", "SchoolCP": "", "InstalDate": 0, "Funder": "" }, "geometry": { "type": "Point", "coordinates": [ -3.216897324816762, 55.924908194807514 ] } },
{ "type": "Feature", "properties": { "OBJECTID": 942, "eastings": 325674, "northings": 673370, "bicycle_pa": "stands", "capacity": 4, "covered": "no", "access": " ", "fee": " ", "operator": " ", "CECLand": "Y", "SchoolCP": "", "InstalDate": 0, "Funder": "" }, "geometry": { "type": "Point", "coordinates": [ -3.191700849742132, 55.947590919111235 ] } },
{ "type": "Feature", "properties": { "OBJECTID": 943, "eastings": 327362, "northings": 669415, "bicycle_pa": "stands", "capacity": 4, "covered": "no", "access": "yes", "fee": "no", "operator": " ", "CECLand": "Y", "SchoolCP": "", "InstalDate": 0, "Funder": "" }, "geometry": { "type": "Point", "coordinates": [ -3.163612299886194, 55.912321827709285 ] } },
{ "type": "Feature", "properties": { "OBJECTID": 944, "eastings": 326841, "northings": 670730, "bicycle_pa": "stands", "capacity": 26, "covered": "no", "access": "yes", "fee": "no", "operator": "University of Edinburgh", "CECLand": " ", "SchoolCP": "", "InstalDate": 0, "Funder": "" }, "geometry": { "type": "Point", "coordinates": [ -3.172302048075087, 55.924055098707363 ] } },
{ "type": "Feature", "properties": { "OBJECTID": 945, "eastings": 327995, "northings": 671021, "bicycle_pa": "stands", "capacity": 18, "covered": "no", "access": " ", "fee": " ", "operator": " ", "CECLand": "Y", "SchoolCP": "", "InstalDate": 0, "Funder": "" }, "geometry": { "type": "Point", "coordinates": [ -3.153917611130872, 55.926843533744886 ] } },
{ "type": "Feature", "properties": { "OBJECTID": 946, "eastings": 325911, "northings": 675384, "bicycle_pa": "stands", "capacity": 10, "covered": " ", "access": "private", "fee": " ", "operator": " ", "CECLand": " ", "SchoolCP": "", "InstalDate": 0, "Funder": "" }, "geometry": { "type": "Point", "coordinates": [ -3.188461227313977, 55.965718222579781 ] } },
{ "type": "Feature", "properties": { "OBJECTID": 947, "eastings": 323206, "northings": 672492, "bicycle_pa": "stands", "capacity": 4, "covered": "no", "access": " ", "fee": " ", "operator": " ", "CECLand": " ", "SchoolCP": "", "InstalDate": 0, "Funder": "" }, "geometry": { "type": "Point", "coordinates": [ -3.230957661120959, 55.939316198669069 ] } },
{ "type": "Feature", "properties": { "OBJECTID": 948, "eastings": 323211, "northings": 672444, "bicycle_pa": "stands", "capacity": 4, "covered": "no", "access": " ", "fee": " ", "operator": " ", "CECLand": " ", "SchoolCP": "", "InstalDate": 0, "Funder": "" }, "geometry": { "type": "Point", "coordinates": [ -3.230863951329621, 55.938885840049281 ] } },
{ "type": "Feature", "properties": { "OBJECTID": 949, "eastings": 326664, "northings": 670675, "bicycle_pa": "stands", "capacity": 10, "covered": "no", "access": "yes", "fee": "no", "operator": "University of Edinburgh", "CECLand": " ", "SchoolCP": "", "InstalDate": 0, "Funder": "" }, "geometry": { "type": "Point", "coordinates": [ -3.175118786350388, 55.923534052290954 ] } },
{ "type": "Feature", "properties": { "OBJECTID": 950, "eastings": 326716, "northings": 670730, "bicycle_pa": "stands", "capacity": 24, "covered": "no", "access": "yes", "fee": "no", "operator": "University of Edinburgh", "CECLand": " ", "SchoolCP": "", "InstalDate": 0, "Funder": "" }, "geometry": { "type": "Point", "coordinates": [ -3.174301845498242, 55.924036041726097 ] } },
{ "type": "Feature", "properties": { "OBJECTID": 951, "eastings": 326039, "northings": 674365, "bicycle_pa": "stands", "capacity": 2, "covered": "no", "access": " ", "fee": " ", "operator": " ", "CECLand": " ", "SchoolCP": "", "InstalDate": 0, "Funder": "" }, "geometry": { "type": "Point", "coordinates": [ -3.186131280742785, 55.95658482039596 ] } },
{ "type": "Feature", "properties": { "OBJECTID": 952, "eastings": 326027, "northings": 674367, "bicycle_pa": "stands", "capacity": 6, "covered": "no", "access": " ", "fee": " ", "operator": " ", "CECLand": "Y", "SchoolCP": "", "InstalDate": 0, "Funder": "" }, "geometry": { "type": "Point", "coordinates": [ -3.186323968669414, 55.956600937845501 ] } },
{ "type": "Feature", "properties": { "OBJECTID": 953, "eastings": 326063, "northings": 674396, "bicycle_pa": "stands", "capacity": 8, "covered": "no", "access": " ", "fee": " ", "operator": " ", "CECLand": "Y", "SchoolCP": "", "InstalDate": 0, "Funder": "" }, "geometry": { "type": "Point", "coordinates": [ -3.185755518621508, 55.956866971296847 ] } },
{ "type": "Feature", "properties": { "OBJECTID": 954, "eastings": 322230, "northings": 671473, "bicycle_pa": "stands", "capacity": 12, "covered": " ", "access": " ", "fee": " ", "operator": " ", "CECLand": "Y", "SchoolCP": "", "InstalDate": 0, "Funder": "" }, "geometry": { "type": "Point", "coordinates": [ -3.24628334062977, 55.930005424034931 ] } },
{ "type": "Feature", "properties": { "OBJECTID": 955, "eastings": 322135, "northings": 672261, "bicycle_pa": "shed", "capacity": 10, "covered": "yes", "access": "private", "fee": " ", "operator": " ", "CECLand": " ", "SchoolCP": "Y", "InstalDate": 0, "Funder": "" }, "geometry": { "type": "Point", "coordinates": [ -3.248031454065817, 55.937068504643335 ] } },
{ "type": "Feature", "properties": { "OBJECTID": 956, "eastings": 322069, "northings": 672025, "bicycle_pa": "stands", "capacity": 6, "covered": "no", "access": " ", "fee": " ", "operator": " ", "CECLand": "Y", "SchoolCP": "", "InstalDate": 0, "Funder": "" }, "geometry": { "type": "Point", "coordinates": [ -3.249019423521743, 55.934937921211741 ] } },
{ "type": "Feature", "properties": { "OBJECTID": 957, "eastings": 322166, "northings": 672085, "bicycle_pa": "stands", "capacity": 12, "covered": "yes", "access": " ", "fee": " ", "operator": " ", "CECLand": "Y", "SchoolCP": "", "InstalDate": 0, "Funder": "" }, "geometry": { "type": "Point", "coordinates": [ -3.247484509268767, 55.935492629742157 ] } },
{ "type": "Feature", "properties": { "OBJECTID": 958, "eastings": 325124, "northings": 675091, "bicycle_pa": "stands", "capacity": 20, "covered": "no", "access": " ", "fee": " ", "operator": " ", "CECLand": " ", "SchoolCP": "", "InstalDate": 0, "Funder": "" }, "geometry": { "type": "Point", "coordinates": [ -3.200983593623842, 55.962964316816389 ] } },
{ "type": "Feature", "properties": { "OBJECTID": 959, "eastings": 329859, "northings": 673474, "bicycle_pa": "anchors", "capacity": 3, "covered": "no", "access": "yes", "fee": "no", "operator": " ", "CECLand": " ", "SchoolCP": "Y", "InstalDate": 0, "Funder": "" }, "geometry": { "type": "Point", "coordinates": [ -3.124733610861679, 55.949154613961902 ] } },
{ "type": "Feature", "properties": { "OBJECTID": 960, "eastings": 330054, "northings": 673492, "bicycle_pa": "anchors", "capacity": 3, "covered": "no", "access": "yes", "fee": "no", "operator": " ", "CECLand": " ", "SchoolCP": "Y", "InstalDate": 0, "Funder": "" }, "geometry": { "type": "Point", "coordinates": [ -3.121616577724131, 55.949344791759025 ] } },
{ "type": "Feature", "properties": { "OBJECTID": 961, "eastings": 325477, "northings": 675137, "bicycle_pa": "stands", "capacity": 2, "covered": "no", "access": " ", "fee": " ", "operator": " ", "CECLand": "Y", "SchoolCP": "", "InstalDate": 0, "Funder": "" }, "geometry": { "type": "Point", "coordinates": [ -3.19534339212621, 55.9634324106283 ] } },
{ "type": "Feature", "properties": { "OBJECTID": 962, "eastings": 327189, "northings": 675764, "bicycle_pa": "stands", "capacity": 2, "covered": "no", "access": "yes", "fee": "no", "operator": " ", "CECLand": "Y", "SchoolCP": "", "InstalDate": 0, "Funder": "" }, "geometry": { "type": "Point", "coordinates": [ -3.1680963761606, 55.969327153972365 ] } },
{ "type": "Feature", "properties": { "OBJECTID": 963, "eastings": 324508, "northings": 672888, "bicycle_pa": "stands", "capacity": 4, "covered": "no", "access": "yes", "fee": "no", "operator": " ", "CECLand": "Y", "SchoolCP": "", "InstalDate": 0, "Funder": "" }, "geometry": { "type": "Point", "coordinates": [ -3.210230830242212, 55.943079660337411 ] } },
{ "type": "Feature", "properties": { "OBJECTID": 964, "eastings": 324124, "northings": 673280, "bicycle_pa": "stands", "capacity": 4, "covered": "no", "access": "yes", "fee": "no", "operator": " ", "CECLand": "Y", "SchoolCP": "", "InstalDate": 0, "Funder": "" }, "geometry": { "type": "Point", "coordinates": [ -3.21648744382137, 55.94654029117811 ] } },
{ "type": "Feature", "properties": { "OBJECTID": 965, "eastings": 324189, "northings": 673331, "bicycle_pa": "stands", "capacity": 4, "covered": "no", "access": "yes", "fee": "no", "operator": " ", "CECLand": "Y", "SchoolCP": "", "InstalDate": 0, "Funder": "" }, "geometry": { "type": "Point", "coordinates": [ -3.215461323772704, 55.947008649815324 ] } },
{ "type": "Feature", "properties": { "OBJECTID": 966, "eastings": 326186, "northings": 672926, "bicycle_pa": "stands", "capacity": 4, "covered": "no", "access": " ", "fee": " ", "operator": " ", "CECLand": "Y", "SchoolCP": "", "InstalDate": 0, "Funder": "" }, "geometry": { "type": "Point", "coordinates": [ -3.183383074899, 55.943681526495304 ] } },
{ "type": "Feature", "properties": { "OBJECTID": 967, "eastings": 319002, "northings": 677183, "bicycle_pa": "stands", "capacity": 6, "covered": "no", "access": "yes", "fee": "no", "operator": " ", "CECLand": "Y", "SchoolCP": "", "InstalDate": 0, "Funder": "" }, "geometry": { "type": "Point", "coordinates": [ -3.299650471834374, 55.980759985875125 ] } },
{ "type": "Feature", "properties": { "OBJECTID": 968, "eastings": 325734, "northings": 677068, "bicycle_pa": "stands", "capacity": 2, "covered": "no", "access": " ", "fee": " ", "operator": " ", "CECLand": "Y", "SchoolCP": "", "InstalDate": 0, "Funder": "" }, "geometry": { "type": "Point", "coordinates": [ -3.191760875454811, 55.980817433235018 ] } },
{ "type": "Feature", "properties": { "OBJECTID": 969, "eastings": 325778, "northings": 676806, "bicycle_pa": "stands", "capacity": 6, "covered": "no", "access": " ", "fee": " ", "operator": " ", "CECLand": " ", "SchoolCP": "", "InstalDate": 0, "Funder": "" }, "geometry": { "type": "Point", "coordinates": [ -3.190983594122376, 55.978470803627715 ] } },
{ "type": "Feature", "properties": { "OBJECTID": 970, "eastings": 325481, "northings": 675805, "bicycle_pa": "stands", "capacity": 10, "covered": " ", "access": "customers", "fee": " ", "operator": " ", "CECLand": " ", "SchoolCP": "", "InstalDate": 0, "Funder": "" }, "geometry": { "type": "Point", "coordinates": [ -3.195464267032667, 55.969433288578735 ] } },
{ "type": "Feature", "properties": { "OBJECTID": 971, "eastings": 325459, "northings": 675199, "bicycle_pa": "stands", "capacity": 6, "covered": "no", "access": "yes", "fee": " ", "operator": " ", "CECLand": "Y", "SchoolCP": "", "InstalDate": 0, "Funder": "" }, "geometry": { "type": "Point", "coordinates": [ -3.195648812498558, 55.963986527419863 ] } },
{ "type": "Feature", "properties": { "OBJECTID": 972, "eastings": 330264, "northings": 672844, "bicycle_pa": "stands", "capacity": 6, "covered": "no", "access": " ", "fee": " ", "operator": " ", "CECLand": "Y", "SchoolCP": "", "InstalDate": 0, "Funder": "" }, "geometry": { "type": "Point", "coordinates": [ -3.118086766684029, 55.943554442123073 ] } },
{ "type": "Feature", "properties": { "OBJECTID": 973, "eastings": 329859, "northings": 674291, "bicycle_pa": "rack", "capacity": 10, "covered": "yes", "access": " ", "fee": " ", "operator": " ", "CECLand": "Y", "SchoolCP": "", "InstalDate": 0, "Funder": "" }, "geometry": { "type": "Point", "coordinates": [ -3.124946372104678, 55.956493600876165 ] } },
{ "type": "Feature", "properties": { "OBJECTID": 974, "eastings": 323727, "northings": 677132, "bicycle_pa": "stands", "capacity": 4, "covered": "no", "access": "yes", "fee": "no", "operator": " ", "CECLand": "Y", "SchoolCP": "", "InstalDate": 0, "Funder": "" }, "geometry": { "type": "Point", "coordinates": [ -3.223934405542466, 55.981077118600098 ] } },
{ "type": "Feature", "properties": { "OBJECTID": 975, "eastings": 324092, "northings": 677005, "bicycle_pa": "stands", "capacity": 8, "covered": "no", "access": "yes", "fee": "no", "operator": " ", "CECLand": "Y", "SchoolCP": " ", "InstalDate": 0, "Funder": "" }, "geometry": { "type": "Point", "coordinates": [ -3.218050496618862, 55.979994311563765 ] } },
{ "type": "Feature", "properties": { "OBJECTID": 976, "eastings": 326652, "northings": 670422, "bicycle_pa": "stands", "capacity": 16, "covered": "yes", "access": "yes", "fee": "no", "operator": "University of Edinburgh", "CECLand": " ", "SchoolCP": "", "InstalDate": 0, "Funder": "" }, "geometry": { "type": "Point", "coordinates": [ -3.17524187786678, 55.921259579427932 ] } },
{ "type": "Feature", "properties": { "OBJECTID": 977, "eastings": 324337, "northings": 672757, "bicycle_pa": "stands", "capacity": 14, "covered": "no", "access": "customers", "fee": " ", "operator": " ", "CECLand": " ", "SchoolCP": "", "InstalDate": 0, "Funder": "" }, "geometry": { "type": "Point", "coordinates": [ -3.212931054098683, 55.941876084095817 ] } },
{ "type": "Feature", "properties": { "OBJECTID": 978, "eastings": 327214, "northings": 675703, "bicycle_pa": "stands", "capacity": 8, "covered": "no", "access": " ", "fee": " ", "operator": " ", "CECLand": "Y", "SchoolCP": "", "InstalDate": 0, "Funder": "" }, "geometry": { "type": "Point", "coordinates": [ -3.167679444015786, 55.968783005263241 ] } },
{ "type": "Feature", "properties": { "OBJECTID": 979, "eastings": 324921, "northings": 672330, "bicycle_pa": "stands", "capacity": 4, "covered": "no", "access": " ", "fee": " ", "operator": " ", "CECLand": "Y", "SchoolCP": "", "InstalDate": 0, "Funder": "" }, "geometry": { "type": "Point", "coordinates": [ -3.203464850456095, 55.938132033366408 ] } },
{ "type": "Feature", "properties": { "OBJECTID": 980, "eastings": 326966, "northings": 675917, "bicycle_pa": "stands", "capacity": 14, "covered": "no", "access": " ", "fee": " ", "operator": " ", "CECLand": "Y", "SchoolCP": " ", "InstalDate": 2425, "Funder": "SEStran" }, "geometry": { "type": "Point", "coordinates": [ -3.171709690982045, 55.970667615122352 ] } },
{ "type": "Feature", "properties": { "OBJECTID": 981, "eastings": 327048, "northings": 675851, "bicycle_pa": "stands", "capacity": 8, "covered": "no", "access": " ", "fee": "no", "operator": "public", "CECLand": " ", "SchoolCP": "", "InstalDate": 0, "Funder": "" }, "geometry": { "type": "Point", "coordinates": [ -3.170378357893967, 55.970087233099726 ] } },
{ "type": "Feature", "properties": { "OBJECTID": 982, "eastings": 325949, "northings": 673482, "bicycle_pa": "stands", "capacity": 8, "covered": "no", "access": " ", "fee": " ", "operator": " ", "CECLand": "Y", "SchoolCP": "", "InstalDate": 0, "Funder": "" }, "geometry": { "type": "Point", "coordinates": [ -3.187329475409712, 55.948639413934181 ] } },
{ "type": "Feature", "properties": { "OBJECTID": 983, "eastings": 325956, "northings": 673482, "bicycle_pa": "stands", "capacity": 8, "covered": "no", "access": " ", "fee": " ", "operator": " ", "CECLand": "Y", "SchoolCP": "", "InstalDate": 0, "Funder": "" }, "geometry": { "type": "Point", "coordinates": [ -3.187217416971204, 55.948640492379816 ] } },
{ "type": "Feature", "properties": { "OBJECTID": 984, "eastings": 326728, "northings": 675980, "bicycle_pa": "stands", "capacity": 8, "covered": "no", "access": " ", "fee": " ", "operator": " ", "CECLand": "Y", "SchoolCP": "", "InstalDate": 0, "Funder": "" }, "geometry": { "type": "Point", "coordinates": [ -3.175539010276289, 55.971197234033632 ] } },
{ "type": "Feature", "properties": { "OBJECTID": 985, "eastings": 321582, "northings": 668979, "bicycle_pa": "stands", "capacity": 2, "covered": "no", "access": " ", "fee": " ", "operator": " ", "CECLand": "Y", "SchoolCP": "", "InstalDate": 0, "Funder": "" }, "geometry": { "type": "Point", "coordinates": [ -3.255926366539335, 55.907497162637036 ] } },
{ "type": "Feature", "properties": { "OBJECTID": 986, "eastings": 331293, "northings": 671791, "bicycle_pa": "stands", "capacity": 8, "covered": "yes", "access": " ", "fee": " ", "operator": " ", "CECLand": " ", "SchoolCP": "", "InstalDate": 0, "Funder": "" }, "geometry": { "type": "Point", "coordinates": [ -3.101347064841617, 55.934243873207706 ] } },
{ "type": "Feature", "properties": { "OBJECTID": 987, "eastings": 331110, "northings": 671800, "bicycle_pa": "stands", "capacity": 6, "covered": "no", "access": " ", "fee": " ", "operator": " ", "CECLand": " ", "SchoolCP": "", "InstalDate": 0, "Funder": "" }, "geometry": { "type": "Point", "coordinates": [ -3.104277835252696, 55.934298472698785 ] } },
{ "type": "Feature", "properties": { "OBJECTID": 988, "eastings": 331268, "northings": 671901, "bicycle_pa": "stands", "capacity": 4, "covered": "no", "access": " ", "fee": " ", "operator": " ", "CECLand": " ", "SchoolCP": "", "InstalDate": 0, "Funder": "" }, "geometry": { "type": "Point", "coordinates": [ -3.101775228663795, 55.935228422449796 ] } },
{ "type": "Feature", "properties": { "OBJECTID": 989, "eastings": 331263, "northings": 671902, "bicycle_pa": "stands", "capacity": 6, "covered": "no", "access": " ", "fee": " ", "operator": " ", "CECLand": " ", "SchoolCP": "", "InstalDate": 0, "Funder": "" }, "geometry": { "type": "Point", "coordinates": [ -3.101855499104579, 55.935236688959819 ] } },
{ "type": "Feature", "properties": { "OBJECTID": 990, "eastings": 331230, "northings": 671906, "bicycle_pa": "stands", "capacity": 8, "covered": "yes", "access": " ", "fee": " ", "operator": " ", "CECLand": " ", "SchoolCP": "", "InstalDate": 0, "Funder": "" }, "geometry": { "type": "Point", "coordinates": [ -3.102384620309872, 55.935267890799409 ] } },
{ "type": "Feature", "properties": { "OBJECTID": 991, "eastings": 328912, "northings": 670373, "bicycle_pa": "stands", "capacity": 46, "covered": " ", "access": " ", "fee": " ", "operator": " ", "CECLand": " ", "SchoolCP": "", "InstalDate": 0, "Funder": "" }, "geometry": { "type": "Point", "coordinates": [ -3.139074876407153, 55.921159285420984 ] } },
{ "type": "Feature", "properties": { "OBJECTID": 992, "eastings": 329113, "northings": 670279, "bicycle_pa": "stands", "capacity": 10, "covered": " ", "access": "yes", "fee": "no", "operator": " ", "CECLand": " ", "SchoolCP": "", "InstalDate": 0, "Funder": "" }, "geometry": { "type": "Point", "coordinates": [ -3.135834673978227, 55.920344606432707 ] } },
{ "type": "Feature", "properties": { "OBJECTID": 993, "eastings": 329205, "northings": 670323, "bicycle_pa": "stands", "capacity": 10, "covered": "yes", "access": " ", "fee": " ", "operator": " ", "CECLand": " ", "SchoolCP": "", "InstalDate": 0, "Funder": "" }, "geometry": { "type": "Point", "coordinates": [ -3.134374515851447, 55.920753426471698 ] } },
{ "type": "Feature", "properties": { "OBJECTID": 994, "eastings": 329229, "northings": 670402, "bicycle_pa": "stands", "capacity": 36, "covered": " ", "access": "yes", "fee": " ", "operator": " ", "CECLand": " ", "SchoolCP": "", "InstalDate": 0, "Funder": "" }, "geometry": { "type": "Point", "coordinates": [ -3.134011341130431, 55.921466614255607 ] } },
{ "type": "Feature", "properties": { "OBJECTID": 995, "eastings": 320512, "northings": 673536, "bicycle_pa": "stands", "capacity": 6, "covered": "no", "access": " ", "fee": " ", "operator": " ", "CECLand": "Y", "SchoolCP": "", "InstalDate": 0, "Funder": "" }, "geometry": { "type": "Point", "coordinates": [ -3.27438079854142, 55.948254464766613 ] } },
{ "type": "Feature", "properties": { "OBJECTID": 996, "eastings": 330395, "northings": 674018, "bicycle_pa": "stands", "capacity": 4, "covered": "no", "access": " ", "fee": " ", "operator": " ", "CECLand": "Y", "SchoolCP": "", "InstalDate": 0, "Funder": "" }, "geometry": { "type": "Point", "coordinates": [ -3.116293369780964, 55.954119392613499 ] } },
{ "type": "Feature", "properties": { "OBJECTID": 997, "eastings": 323956, "northings": 672608, "bicycle_pa": "stands", "capacity": 30, "covered": "yes", "access": "private", "fee": " ", "operator": " ", "CECLand": " ", "SchoolCP": "", "InstalDate": 0, "Funder": "" }, "geometry": { "type": "Point", "coordinates": [ -3.218987057722657, 55.940477573290835 ] } },
{ "type": "Feature", "properties": { "OBJECTID": 998, "eastings": 326163, "northings": 672990, "bicycle_pa": "stands", "capacity": 2, "covered": "no", "access": " ", "fee": " ", "operator": " ", "CECLand": "Y", "SchoolCP": "", "InstalDate": 0, "Funder": "" }, "geometry": { "type": "Point", "coordinates": [ -3.183768769085851, 55.944252884406474 ] } },
{ "type": "Feature", "properties": { "OBJECTID": 999, "eastings": 322918, "northings": 675869, "bicycle_pa": "stands", "capacity": 16, "covered": "yes", "access": "private", "fee": " ", "operator": " ", "CECLand": " ", "SchoolCP": "", "InstalDate": 0, "Funder": "" }, "geometry": { "type": "Point", "coordinates": [ -3.236534007830142, 55.969603064660944 ] } },
{ "type": "Feature", "properties": { "OBJECTID": 1000, "eastings": 322917, "northings": 675875, "bicycle_pa": "stands", "capacity": 40, "covered": "no", "access": "private", "fee": " ", "operator": " ", "CECLand": " ", "SchoolCP": "", "InstalDate": 0, "Funder": "" }, "geometry": { "type": "Point", "coordinates": [ -3.236551744556774, 55.96965679699656 ] } },
{ "type": "Feature", "properties": { "OBJECTID": 1001, "eastings": 327852, "northings": 670972, "bicycle_pa": "stands", "capacity": 5, "covered": "no", "access": " ", "fee": " ", "operator": " ", "CECLand": "Y", "SchoolCP": "", "InstalDate": 0, "Funder": "" }, "geometry": { "type": "Point", "coordinates": [ -3.156192430408827, 55.926381907286284 ] } },
{ "type": "Feature", "properties": { "OBJECTID": 1002, "eastings": 323637, "northings": 668628, "bicycle_pa": "stands", "capacity": 8, "covered": "yes", "access": "customers", "fee": " ", "operator": "Aldi", "CECLand": " ", "SchoolCP": "", "InstalDate": 0, "Funder": "" }, "geometry": { "type": "Point", "coordinates": [ -3.222964825839501, 55.904674977721264 ] } },
{ "type": "Feature", "properties": { "OBJECTID": 1003, "eastings": 326298, "northings": 673365, "bicycle_pa": "stands", "capacity": 10, "covered": "no", "access": "yes", "fee": "no", "operator": "University of Edinburgh", "CECLand": " ", "SchoolCP": "", "InstalDate": 0, "Funder": "" }, "geometry": { "type": "Point", "coordinates": [ -3.181710518181021, 55.947642084031401 ] } },
{ "type": "Feature", "properties": { "OBJECTID": 1004, "eastings": 322989, "northings": 669665, "bicycle_pa": "stands", "capacity": 10, "covered": "yes", "access": "customers", "fee": " ", "operator": " ", "CECLand": " ", "SchoolCP": "", "InstalDate": 0, "Funder": "" }, "geometry": { "type": "Point", "coordinates": [ -3.233622069852168, 55.91388671789651 ] } },
{ "type": "Feature", "properties": { "OBJECTID": 1005, "eastings": 321655, "northings": 669019, "bicycle_pa": "stands", "capacity": 2, "covered": "no", "access": " ", "fee": "no", "operator": " ", "CECLand": "Y", "SchoolCP": "", "InstalDate": 0, "Funder": "" }, "geometry": { "type": "Point", "coordinates": [ -3.254770593256094, 55.907868371937589 ] } },
{ "type": "Feature", "properties": { "OBJECTID": 1006, "eastings": 323622, "northings": 669369, "bicycle_pa": "stands", "capacity": 4, "covered": " ", "access": " ", "fee": " ", "operator": " ", "CECLand": " ", "SchoolCP": "", "InstalDate": 0, "Funder": "" }, "geometry": { "type": "Point", "coordinates": [ -3.223414324056439, 55.911328869890845 ] } },
{ "type": "Feature", "properties": { "OBJECTID": 1007, "eastings": 322614, "northings": 670174, "bicycle_pa": "stands", "capacity": 20, "covered": "no", "access": " ", "fee": " ", "operator": " ", "CECLand": " ", "SchoolCP": "", "InstalDate": 0, "Funder": "" }, "geometry": { "type": "Point", "coordinates": [ -3.239765716737482, 55.918398630405399 ] } },
{ "type": "Feature", "properties": { "OBJECTID": 1008, "eastings": 319782, "northings": 672653, "bicycle_pa": " ", "capacity": 6, "covered": "no", "access": " ", "fee": "no", "operator": " ", "CECLand": "Y", "SchoolCP": "", "InstalDate": 0, "Funder": "" }, "geometry": { "type": "Point", "coordinates": [ -3.285803639421832, 55.940201457287621 ] } },
{ "type": "Feature", "properties": { "OBJECTID": 1009, "eastings": 319788, "northings": 672654, "bicycle_pa": " ", "capacity": 6, "covered": "no", "access": " ", "fee": "no", "operator": " ", "CECLand": "Y", "SchoolCP": "", "InstalDate": 0, "Funder": "" }, "geometry": { "type": "Point", "coordinates": [ -3.285707910594952, 55.940211443881502 ] } },
{ "type": "Feature", "properties": { "OBJECTID": 1010, "eastings": 322742, "northings": 669417, "bicycle_pa": "stands", "capacity": 4, "covered": "no", "access": " ", "fee": " ", "operator": " ", "CECLand": " ", "SchoolCP": "", "InstalDate": 0, "Funder": "" }, "geometry": { "type": "Point", "coordinates": [ -3.237501629284647, 55.911619362858971 ] } },
{ "type": "Feature", "properties": { "OBJECTID": 1011, "eastings": 322839, "northings": 669724, "bicycle_pa": "shed", "capacity": 20, "covered": "yes", "access": "private", "fee": " ", "operator": " ", "CECLand": " ", "SchoolCP": "", "InstalDate": 0, "Funder": "" }, "geometry": { "type": "Point", "coordinates": [ -3.236038002158257, 55.914392625274218 ] } },
{ "type": "Feature", "properties": { "OBJECTID": 1012, "eastings": 322839, "northings": 669730, "bicycle_pa": "shed", "capacity": 10, "covered": "yes", "access": "private", "fee": " ", "operator": " ", "CECLand": " ", "SchoolCP": "", "InstalDate": 0, "Funder": "" }, "geometry": { "type": "Point", "coordinates": [ -3.236039716443756, 55.914446521336032 ] } },
{ "type": "Feature", "properties": { "OBJECTID": 1013, "eastings": 323250, "northings": 670980, "bicycle_pa": "stands", "capacity": 6, "covered": "no", "access": " ", "fee": " ", "operator": " ", "CECLand": "Y", "SchoolCP": "", "InstalDate": 0, "Funder": "" }, "geometry": { "type": "Point", "coordinates": [ -3.229821946494229, 55.925740928175081 ] } },
{ "type": "Feature", "properties": { "OBJECTID": 1014, "eastings": 320921, "northings": 675243, "bicycle_pa": " ", "capacity": 0, "covered": " ", "access": " ", "fee": " ", "operator": " ", "CECLand": " ", "SchoolCP": "Y", "InstalDate": 0, "Funder": "" }, "geometry": { "type": "Point", "coordinates": [ -3.268335180968707, 55.963654731896021 ] } },
{ "type": "Feature", "properties": { "OBJECTID": 1015, "eastings": 328790, "northings": 671741, "bicycle_pa": "stands", "capacity": 12, "covered": " ", "access": " ", "fee": " ", "operator": " ", "CECLand": " ", "SchoolCP": "", "InstalDate": 0, "Funder": "" }, "geometry": { "type": "Point", "coordinates": [ -3.14138828594109, 55.933429772542972 ] } },
{ "type": "Feature", "properties": { "OBJECTID": 1016, "eastings": 327253, "northings": 674681, "bicycle_pa": "stands", "capacity": 4, "covered": "no", "access": " ", "fee": " ", "operator": " ", "CECLand": " ", "SchoolCP": "", "InstalDate": 0, "Funder": "" }, "geometry": { "type": "Point", "coordinates": [ -3.166778467755954, 55.959608682773883 ] } },
{ "type": "Feature", "properties": { "OBJECTID": 1017, "eastings": 321969, "northings": 671935, "bicycle_pa": "stands", "capacity": 14, "covered": "yes", "access": "customers", "fee": " ", "operator": " ", "CECLand": "Y", "SchoolCP": "", "InstalDate": 0, "Funder": "" }, "geometry": { "type": "Point", "coordinates": [ -3.250593617785325, 55.934113231682737 ] } },
{ "type": "Feature", "properties": { "OBJECTID": 1018, "eastings": 324796, "northings": 672147, "bicycle_pa": "stands", "capacity": 4, "covered": "no", "access": " ", "fee": " ", "operator": " ", "CECLand": "Y", "SchoolCP": "", "InstalDate": 0, "Funder": "" }, "geometry": { "type": "Point", "coordinates": [ -3.205414255204712, 55.936468680053672 ] } },
{ "type": "Feature", "properties": { "OBJECTID": 1019, "eastings": 327319, "northings": 670911, "bicycle_pa": "two-tier", "capacity": 20, "covered": "yes", "access": "customers", "fee": "no", "operator": " ", "CECLand": " ", "SchoolCP": "", "InstalDate": 0, "Funder": "" }, "geometry": { "type": "Point", "coordinates": [ -3.164703644842797, 55.925753565776823 ] } },
{ "type": "Feature", "properties": { "OBJECTID": 1020, "eastings": 321288, "northings": 674345, "bicycle_pa": "stands", "capacity": 20, "covered": "no", "access": "private", "fee": " ", "operator": " ", "CECLand": " ", "SchoolCP": "Y", "InstalDate": 0, "Funder": "" }, "geometry": { "type": "Point", "coordinates": [ -3.26219528344123, 55.955649192868428 ] } },
{ "type": "Feature", "properties": { "OBJECTID": 1021, "eastings": 326530, "northings": 668059, "bicycle_pa": "stands", "capacity": 14, "covered": "yes", "access": "yes", "fee": "no", "operator": " ", "CECLand": " ", "SchoolCP": "", "InstalDate": 0, "Funder": "" }, "geometry": { "type": "Point", "coordinates": [ -3.176549506726897, 55.900014737786897 ] } },
{ "type": "Feature", "properties": { "OBJECTID": 1022, "eastings": 326459, "northings": 671841, "bicycle_pa": "stands", "capacity": 6, "covered": "no", "access": " ", "fee": " ", "operator": " ", "CECLand": "Y", "SchoolCP": "", "InstalDate": 0, "Funder": "" }, "geometry": { "type": "Point", "coordinates": [ -3.178716878434438, 55.933976846098098 ] } },
{ "type": "Feature", "properties": { "OBJECTID": 1023, "eastings": 317593, "northings": 669497, "bicycle_pa": "stands", "capacity": 24, "covered": "no", "access": "yes", "fee": "no", "operator": " ", "CECLand": " ", "SchoolCP": "", "InstalDate": 0, "Funder": "" }, "geometry": { "type": "Point", "coordinates": [ -3.319872319042098, 55.911482684155551 ] } },
{ "type": "Feature", "properties": { "OBJECTID": 1024, "eastings": 330765, "northings": 673734, "bicycle_pa": "stands", "capacity": 10, "covered": "yes", "access": "yes", "fee": " ", "operator": " ", "CECLand": " ", "SchoolCP": "", "InstalDate": 0, "Funder": "" }, "geometry": { "type": "Point", "coordinates": [ -3.110296270879001, 55.951621822268152 ] } },
{ "type": "Feature", "properties": { "OBJECTID": 1025, "eastings": 326659, "northings": 676743, "bicycle_pa": "stands", "capacity": 10, "covered": "yes", "access": "private", "fee": " ", "operator": " ", "CECLand": " ", "SchoolCP": "", "InstalDate": 0, "Funder": "" }, "geometry": { "type": "Point", "coordinates": [ -3.176852319249105, 55.978040468420623 ] } },
{ "type": "Feature", "properties": { "OBJECTID": 1026, "eastings": 321027, "northings": 671569, "bicycle_pa": "stands", "capacity": 6, "covered": " ", "access": " ", "fee": " ", "operator": " ", "CECLand": " ", "SchoolCP": "", "InstalDate": 0, "Funder": "" }, "geometry": { "type": "Point", "coordinates": [ -3.265560194127466, 55.930671208173223 ] } },
{ "type": "Feature", "properties": { "OBJECTID": 1027, "eastings": 321192, "northings": 670894, "bicycle_pa": "stands", "capacity": 10, "covered": "yes", "access": "private", "fee": " ", "operator": " ", "CECLand": " ", "SchoolCP": "", "InstalDate": 0, "Funder": "" }, "geometry": { "type": "Point", "coordinates": [ -3.262722278755691, 55.924634799822726 ] } },
{ "type": "Feature", "properties": { "OBJECTID": 1028, "eastings": 320472, "northings": 670304, "bicycle_pa": "stands", "capacity": 8, "covered": "no", "access": "private", "fee": " ", "operator": " ", "CECLand": " ", "SchoolCP": "Y", "InstalDate": 0, "Funder": "" }, "geometry": { "type": "Point", "coordinates": [ -3.274067223100391, 55.919216463168986 ] } },
{ "type": "Feature", "properties": { "OBJECTID": 1029, "eastings": 323412, "northings": 673724, "bicycle_pa": "stands", "capacity": 10, "covered": "yes", "access": " ", "fee": " ", "operator": " ", "CECLand": " ", "SchoolCP": "", "InstalDate": 0, "Funder": "" }, "geometry": { "type": "Point", "coordinates": [ -3.228011049892216, 55.950415341850167 ] } },
{ "type": "Feature", "properties": { "OBJECTID": 1030, "eastings": 321235, "northings": 668885, "bicycle_pa": "stands", "capacity": 6, "covered": "no", "access": " ", "fee": " ", "operator": " ", "CECLand": "Y", "SchoolCP": "", "InstalDate": 0, "Funder": "" }, "geometry": { "type": "Point", "coordinates": [ -3.261447970139251, 55.906596057987244 ] } },
{ "type": "Feature", "properties": { "OBJECTID": 1031, "eastings": 321191, "northings": 668831, "bicycle_pa": "stands", "capacity": 4, "covered": "no", "access": " ", "fee": " ", "operator": " ", "CECLand": "Y", "SchoolCP": "", "InstalDate": 0, "Funder": "" }, "geometry": { "type": "Point", "coordinates": [ -3.262135815701787, 55.906103790099934 ] } },
{ "type": "Feature", "properties": { "OBJECTID": 1032, "eastings": 325868, "northings": 672846, "bicycle_pa": "stands", "capacity": 30, "covered": "no", "access": "yes", "fee": "no", "operator": "University of Edinburgh", "CECLand": " ", "SchoolCP": "", "InstalDate": 0, "Funder": "" }, "geometry": { "type": "Point", "coordinates": [ -3.188451071854082, 55.942914000961203 ] } },
{ "type": "Feature", "properties": { "OBJECTID": 1033, "eastings": 325802, "northings": 672851, "bicycle_pa": "stands", "capacity": 30, "covered": "no", "access": "yes", "fee": "no", "operator": "University of Edinburgh", "CECLand": "Y", "SchoolCP": "", "InstalDate": 0, "Funder": "" }, "geometry": { "type": "Point", "coordinates": [ -3.189508845708515, 55.942948734738877 ] } },
{ "type": "Feature", "properties": { "OBJECTID": 1034, "eastings": 325951, "northings": 672957, "bicycle_pa": "stands", "capacity": 20, "covered": "no", "access": "yes", "fee": "no", "operator": "University of Edinburgh", "CECLand": " ", "SchoolCP": "", "InstalDate": 0, "Funder": "" }, "geometry": { "type": "Point", "coordinates": [ -3.187153090420666, 55.943923858131733 ] } },
{ "type": "Feature", "properties": { "OBJECTID": 1035, "eastings": 325935, "northings": 672928, "bicycle_pa": "stands", "capacity": 60, "covered": "no", "access": "yes", "fee": "no", "operator": "University of Edinburgh", "CECLand": " ", "SchoolCP": "", "InstalDate": 0, "Funder": "" }, "geometry": { "type": "Point", "coordinates": [ -3.187401218207111, 55.943660898412205 ] } },
{ "type": "Feature", "properties": { "OBJECTID": 1036, "eastings": 328392, "northings": 668493, "bicycle_pa": "stands", "capacity": 4, "covered": " ", "access": " ", "fee": " ", "operator": " ", "CECLand": " ", "SchoolCP": "", "InstalDate": 0, "Funder": "" }, "geometry": { "type": "Point", "coordinates": [ -3.146893854018854, 55.904194310161976 ] } },
{ "type": "Feature", "properties": { "OBJECTID": 1037, "eastings": 319274, "northings": 672684, "bicycle_pa": "stands", "capacity": 10, "covered": "no", "access": "customers", "fee": "no", "operator": " ", "CECLand": " ", "SchoolCP": "", "InstalDate": 0, "Funder": "" }, "geometry": { "type": "Point", "coordinates": [ -3.293943133676906, 55.940394602045387 ] } },
{ "type": "Feature", "properties": { "OBJECTID": 1038, "eastings": 328502, "northings": 675420, "bicycle_pa": "stands", "capacity": 2, "covered": " ", "access": " ", "fee": " ", "operator": " ", "CECLand": " ", "SchoolCP": "", "InstalDate": 0, "Funder": "" }, "geometry": { "type": "Point", "coordinates": [ -3.146974336973849, 55.966434699987161 ] } },
{ "type": "Feature", "properties": { "OBJECTID": 1039, "eastings": 328485, "northings": 675412, "bicycle_pa": "stands", "capacity": 2, "covered": " ", "access": " ", "fee": " ", "operator": " ", "CECLand": " ", "SchoolCP": "", "InstalDate": 0, "Funder": "" }, "geometry": { "type": "Point", "coordinates": [ -3.147244485544472, 55.966360302082883 ] } },
{ "type": "Feature", "properties": { "OBJECTID": 1040, "eastings": 328460, "northings": 675395, "bicycle_pa": "stands", "capacity": 2, "covered": " ", "access": " ", "fee": " ", "operator": " ", "CECLand": " ", "SchoolCP": "", "InstalDate": 0, "Funder": "" }, "geometry": { "type": "Point", "coordinates": [ -3.147640369528747, 55.966203864989289 ] } },
{ "type": "Feature", "properties": { "OBJECTID": 1041, "eastings": 328425, "northings": 675402, "bicycle_pa": "stands", "capacity": 2, "covered": " ", "access": " ", "fee": " ", "operator": " ", "CECLand": " ", "SchoolCP": "", "InstalDate": 0, "Funder": "" }, "geometry": { "type": "Point", "coordinates": [ -3.148202791099429, 55.966261519498545 ] } },
{ "type": "Feature", "properties": { "OBJECTID": 1042, "eastings": 328478, "northings": 675456, "bicycle_pa": "stands", "capacity": 2, "covered": " ", "access": " ", "fee": " ", "operator": " ", "CECLand": " ", "SchoolCP": "", "InstalDate": 0, "Funder": "" }, "geometry": { "type": "Point", "coordinates": [ -3.147368287738497, 55.96675449944199 ] } },
{ "type": "Feature", "properties": { "OBJECTID": 1043, "eastings": 328459, "northings": 675444, "bicycle_pa": "stands", "capacity": 2, "covered": " ", "access": " ", "fee": " ", "operator": " ", "CECLand": " ", "SchoolCP": "", "InstalDate": 0, "Funder": "" }, "geometry": { "type": "Point", "coordinates": [ -3.147669407958952, 55.966643870590389 ] } },
{ "type": "Feature", "properties": { "OBJECTID": 1044, "eastings": 328439, "northings": 675438, "bicycle_pa": "stands", "capacity": 2, "covered": " ", "access": " ", "fee": " ", "operator": " ", "CECLand": " ", "SchoolCP": "", "InstalDate": 0, "Funder": "" }, "geometry": { "type": "Point", "coordinates": [ -3.147988137144416, 55.966586988579024 ] } },
{ "type": "Feature", "properties": { "OBJECTID": 1045, "eastings": 325026, "northings": 671171, "bicycle_pa": " ", "capacity": 10, "covered": "yes", "access": "private", "fee": " ", "operator": " ", "CECLand": " ", "SchoolCP": "", "InstalDate": 0, "Funder": "" }, "geometry": { "type": "Point", "coordinates": [ -3.201461735236194, 55.927737194142914 ] } },
{ "type": "Feature", "properties": { "OBJECTID": 1046, "eastings": 326436, "northings": 673605, "bicycle_pa": "stands", "capacity": 10, "covered": "no", "access": "yes", "fee": "no", "operator": "University of Edinburgh", "CECLand": "Y", "SchoolCP": "", "InstalDate": 0, "Funder": "" }, "geometry": { "type": "Point", "coordinates": [ -3.179566995778079, 55.949819058339685 ] } },
{ "type": "Feature", "properties": { "OBJECTID": 1047, "eastings": 325893, "northings": 673146, "bicycle_pa": "stands", "capacity": 16, "covered": "yes", "access": "yes", "fee": "no", "operator": " ", "CECLand": " ", "SchoolCP": "", "InstalDate": 0, "Funder": "" }, "geometry": { "type": "Point", "coordinates": [ -3.188133470852667, 55.945612632699799 ] } },
{ "type": "Feature", "properties": { "OBJECTID": 1048, "eastings": 322348, "northings": 672450, "bicycle_pa": "stands", "capacity": 24, "covered": "yes", "access": "yes", "fee": " ", "operator": " ", "CECLand": " ", "SchoolCP": "", "InstalDate": 0, "Funder": "" }, "geometry": { "type": "Point", "coordinates": [ -3.244677218762623, 55.93880074420229 ] } },
{ "type": "Feature", "properties": { "OBJECTID": 1049, "eastings": 322401, "northings": 672455, "bicycle_pa": "stands", "capacity": 0, "covered": "yes", "access": "yes", "fee": " ", "operator": " ", "CECLand": " ", "SchoolCP": "", "InstalDate": 0, "Funder": "" }, "geometry": { "type": "Point", "coordinates": [ -3.243830444856651, 55.938854240752107 ] } },
{ "type": "Feature", "properties": { "OBJECTID": 1050, "eastings": 322173, "northings": 671525, "bicycle_pa": " ", "capacity": 0, "covered": "yes", "access": "private", "fee": " ", "operator": " ", "CECLand": " ", "SchoolCP": "", "InstalDate": 0, "Funder": "" }, "geometry": { "type": "Point", "coordinates": [ -3.247210445130464, 55.930463311826344 ] } },
{ "type": "Feature", "properties": { "OBJECTID": 1051, "eastings": 322087, "northings": 671443, "bicycle_pa": " ", "capacity": 0, "covered": "yes", "access": "private", "fee": " ", "operator": " ", "CECLand": " ", "SchoolCP": "", "InstalDate": 0, "Funder": "" }, "geometry": { "type": "Point", "coordinates": [ -3.248562728419, 55.929712712802868 ] } },
{ "type": "Feature", "properties": { "OBJECTID": 1052, "eastings": 322080, "northings": 671455, "bicycle_pa": " ", "capacity": 0, "covered": "yes", "access": "private", "fee": " ", "operator": " ", "CECLand": " ", "SchoolCP": "", "InstalDate": 0, "Funder": "" }, "geometry": { "type": "Point", "coordinates": [ -3.248678213031982, 55.929819375581502 ] } },
{ "type": "Feature", "properties": { "OBJECTID": 1053, "eastings": 320255, "northings": 671345, "bicycle_pa": "stands", "capacity": 6, "covered": "no", "access": " ", "fee": " ", "operator": " ", "CECLand": "Y", "SchoolCP": "", "InstalDate": 0, "Funder": "" }, "geometry": { "type": "Point", "coordinates": [ -3.277846380672742, 55.928531313682107 ] } },
{ "type": "Feature", "properties": { "OBJECTID": 1054, "eastings": 321260, "northings": 670516, "bicycle_pa": "stands", "capacity": 20, "covered": "yes", "access": "private", "fee": " ", "operator": " ", "CECLand": " ", "SchoolCP": "Y", "InstalDate": 0, "Funder": "" }, "geometry": { "type": "Point", "coordinates": [ -3.261524036030982, 55.921250582996983 ] } },
{ "type": "Feature", "properties": { "OBJECTID": 1055, "eastings": 326028, "northings": 675907, "bicycle_pa": "stands", "capacity": 10, "covered": "yes", "access": "private", "fee": " ", "operator": "Changeworks", "CECLand": " ", "SchoolCP": "", "InstalDate": 0, "Funder": "" }, "geometry": { "type": "Point", "coordinates": [ -3.186731242967007, 55.970434104515327 ] } },
{ "type": "Feature", "properties": { "OBJECTID": 1056, "eastings": 321137, "northings": 667468, "bicycle_pa": "stands", "capacity": 2, "covered": "no", "access": " ", "fee": "no", "operator": " ", "CECLand": "Y", "SchoolCP": "", "InstalDate": 0, "Funder": "" }, "geometry": { "type": "Point", "coordinates": [ -3.262601442599582, 55.89385178713286 ] } },
{ "type": "Feature", "properties": { "OBJECTID": 1057, "eastings": 320434, "northings": 671758, "bicycle_pa": "shed", "capacity": 6, "covered": "no", "access": " ", "fee": " ", "operator": " ", "CECLand": "Y", "SchoolCP": "", "InstalDate": 0, "Funder": "" }, "geometry": { "type": "Point", "coordinates": [ -3.275104507214051, 55.932270937985997 ] } },
{ "type": "Feature", "properties": { "OBJECTID": 1058, "eastings": 320390, "northings": 672072, "bicycle_pa": "stands", "capacity": 4, "covered": "no", "access": " ", "fee": " ", "operator": " ", "CECLand": "Y", "SchoolCP": "", "InstalDate": 0, "Funder": "" }, "geometry": { "type": "Point", "coordinates": [ -3.275901335558987, 55.935084137212826 ] } },
{ "type": "Feature", "properties": { "OBJECTID": 1059, "eastings": 321978, "northings": 671034, "bicycle_pa": "stands", "capacity": 6, "covered": "no", "access": " ", "fee": " ", "operator": " ", "CECLand": " ", "SchoolCP": "", "InstalDate": 0, "Funder": "" }, "geometry": { "type": "Point", "coordinates": [ -3.250188010407043, 55.926020818914225 ] } },
{ "type": "Feature", "properties": { "OBJECTID": 1060, "eastings": 322269, "northings": 671053, "bicycle_pa": "stands", "capacity": 6, "covered": "no", "access": " ", "fee": " ", "operator": " ", "CECLand": " ", "SchoolCP": "", "InstalDate": 0, "Funder": "" }, "geometry": { "type": "Point", "coordinates": [ -3.245537761500921, 55.926238722248314 ] } },
{ "type": "Feature", "properties": { "OBJECTID": 1061, "eastings": 324419, "northings": 673834, "bicycle_pa": "stands", "capacity": 6, "covered": "no", "access": " ", "fee": " ", "operator": " ", "CECLand": "Y", "SchoolCP": "", "InstalDate": 0, "Funder": "" }, "geometry": { "type": "Point", "coordinates": [ -3.211920746700152, 55.951563013359753 ] } },
{ "type": "Feature", "properties": { "OBJECTID": 1062, "eastings": 325349, "northings": 672960, "bicycle_pa": "wall_loops", "capacity": 10, "covered": "no", "access": " ", "fee": " ", "operator": " ", "CECLand": " ", "SchoolCP": "", "InstalDate": 0, "Funder": "" }, "geometry": { "type": "Point", "coordinates": [ -3.196789765016428, 55.943857720036632 ] } },
{ "type": "Feature", "properties": { "OBJECTID": 1063, "eastings": 326921, "northings": 676576, "bicycle_pa": "stands", "capacity": 10, "covered": "yes", "access": "yes", "fee": " ", "operator": " ", "CECLand": " ", "SchoolCP": "", "InstalDate": 0, "Funder": "" }, "geometry": { "type": "Point", "coordinates": [ -3.172609537307745, 55.976580355275331 ] } },
{ "type": "Feature", "properties": { "OBJECTID": 1064, "eastings": 329736, "northings": 670769, "bicycle_pa": "shed", "capacity": 4, "covered": " ", "access": " ", "fee": " ", "operator": " ", "CECLand": " ", "SchoolCP": "", "InstalDate": 0, "Funder": "" }, "geometry": { "type": "Point", "coordinates": [ -3.125996403504739, 55.92483782159546 ] } },
{ "type": "Feature", "properties": { "OBJECTID": 1065, "eastings": 329745, "northings": 670787, "bicycle_pa": "shed", "capacity": 4, "covered": " ", "access": " ", "fee": " ", "operator": " ", "CECLand": "Y", "SchoolCP": "", "InstalDate": 0, "Funder": "" }, "geometry": { "type": "Point", "coordinates": [ -3.125857107620806, 55.925000831776146 ] } },
{ "type": "Feature", "properties": { "OBJECTID": 1066, "eastings": 329765, "northings": 670795, "bicycle_pa": "shed", "capacity": 4, "covered": " ", "access": " ", "fee": " ", "operator": " ", "CECLand": "Y", "SchoolCP": "", "InstalDate": 0, "Funder": "" }, "geometry": { "type": "Point", "coordinates": [ -3.1255392163817, 55.925075621895957 ] } },
{ "type": "Feature", "properties": { "OBJECTID": 1067, "eastings": 329773, "northings": 670802, "bicycle_pa": "shed", "capacity": 4, "covered": " ", "access": " ", "fee": " ", "operator": " ", "CECLand": "Y", "SchoolCP": "", "InstalDate": 0, "Funder": "" }, "geometry": { "type": "Point", "coordinates": [ -3.12541305000395, 55.925139672789378 ] } },
{ "type": "Feature", "properties": { "OBJECTID": 1068, "eastings": 329822, "northings": 670836, "bicycle_pa": "shed", "capacity": 4, "covered": " ", "access": " ", "fee": " ", "operator": " ", "CECLand": "Y", "SchoolCP": "", "InstalDate": 0, "Funder": "" }, "geometry": { "type": "Point", "coordinates": [ -3.124637959826246, 55.92545225831882 ] } },
{ "type": "Feature", "properties": { "OBJECTID": 1069, "eastings": 329807, "northings": 670829, "bicycle_pa": "shed", "capacity": 4, "covered": " ", "access": " ", "fee": " ", "operator": " ", "CECLand": "Y", "SchoolCP": "", "InstalDate": 0, "Funder": "" }, "geometry": { "type": "Point", "coordinates": [ -3.124876121622929, 55.925387184630232 ] } },
{ "type": "Feature", "properties": { "OBJECTID": 1070, "eastings": 329788, "northings": 670814, "bicycle_pa": "shed", "capacity": 4, "covered": " ", "access": " ", "fee": " ", "operator": " ", "CECLand": "Y", "SchoolCP": "", "InstalDate": 0, "Funder": "" }, "geometry": { "type": "Point", "coordinates": [ -3.125176193707909, 55.925249662087737 ] } },
{ "type": "Feature", "properties": { "OBJECTID": 1071, "eastings": 329852, "northings": 669816, "bicycle_pa": "stands", "capacity": 10, "covered": "no", "access": "yes", "fee": " ", "operator": " ", "CECLand": " ", "SchoolCP": "", "InstalDate": 0, "Funder": "" }, "geometry": { "type": "Point", "coordinates": [ -3.123892572635657, 55.916294018432616 ] } },
{ "type": "Feature", "properties": { "OBJECTID": 1072, "eastings": 329830, "northings": 669775, "bicycle_pa": "stands", "capacity": 10, "covered": "no", "access": "yes", "fee": " ", "operator": " ", "CECLand": " ", "SchoolCP": "", "InstalDate": 0, "Funder": "" }, "geometry": { "type": "Point", "coordinates": [ -3.124233793645582, 55.915922500756039 ] } },
{ "type": "Feature", "properties": { "OBJECTID": 1073, "eastings": 329769, "northings": 669801, "bicycle_pa": "stands", "capacity": 10, "covered": "no", "access": "yes", "fee": " ", "operator": " ", "CECLand": " ", "SchoolCP": "", "InstalDate": 0, "Funder": "" }, "geometry": { "type": "Point", "coordinates": [ -3.125216251440308, 55.91614714406866 ] } },
{ "type": "Feature", "properties": { "OBJECTID": 1074, "eastings": 329438, "northings": 671190, "bicycle_pa": "stands", "capacity": 6, "covered": "no", "access": "yes", "fee": " ", "operator": " ", "CECLand": " ", "SchoolCP": "", "InstalDate": 0, "Funder": "" }, "geometry": { "type": "Point", "coordinates": [ -3.130874315507811, 55.928575908780395 ] } },
{ "type": "Feature", "properties": { "OBJECTID": 1075, "eastings": 329499, "northings": 671128, "bicycle_pa": "stands", "capacity": 4, "covered": "no", "access": "yes", "fee": " ", "operator": " ", "CECLand": " ", "SchoolCP": "", "InstalDate": 0, "Funder": "" }, "geometry": { "type": "Point", "coordinates": [ -3.129882065615147, 55.928027933217933 ] } },
{ "type": "Feature", "properties": { "OBJECTID": 1076, "eastings": 326777, "northings": 677200, "bicycle_pa": "stands", "capacity": 6, "covered": "yes", "access": " ", "fee": " ", "operator": " ", "CECLand": " ", "SchoolCP": "", "InstalDate": 0, "Funder": "" }, "geometry": { "type": "Point", "coordinates": [ -3.175086375280002, 55.982163628112758 ] } },
{ "type": "Feature", "properties": { "OBJECTID": 1077, "eastings": 326764, "northings": 677224, "bicycle_pa": "stands", "capacity": 6, "covered": "yes", "access": " ", "fee": " ", "operator": " ", "CECLand": " ", "SchoolCP": "", "InstalDate": 0, "Funder": "" }, "geometry": { "type": "Point", "coordinates": [ -3.175301205350357, 55.982377227495611 ] } },
{ "type": "Feature", "properties": { "OBJECTID": 1078, "eastings": 326745, "northings": 677236, "bicycle_pa": "stands", "capacity": 6, "covered": "yes", "access": " ", "fee": " ", "operator": " ", "CECLand": " ", "SchoolCP": "", "InstalDate": 0, "Funder": "" }, "geometry": { "type": "Point", "coordinates": [ -3.175608902341343, 55.982482116152291 ] } },
{ "type": "Feature", "properties": { "OBJECTID": 1079, "eastings": 329518, "northings": 671192, "bicycle_pa": "stands", "capacity": 4, "covered": "no", "access": "yes", "fee": " ", "operator": " ", "CECLand": " ", "SchoolCP": "", "InstalDate": 0, "Funder": "" }, "geometry": { "type": "Point", "coordinates": [ -3.129594811556553, 55.928605629208775 ] } },
{ "type": "Feature", "properties": { "OBJECTID": 1080, "eastings": 321678, "northings": 671512, "bicycle_pa": "stands", "capacity": 6, "covered": "no", "access": "yes", "fee": " ", "operator": " ", "CECLand": "Y", "SchoolCP": "", "InstalDate": 0, "Funder": "" }, "geometry": { "type": "Point", "coordinates": [ -3.25512703769014, 55.930265937463872 ] } },
{ "type": "Feature", "properties": { "OBJECTID": 1081, "eastings": 326345, "northings": 673608, "bicycle_pa": "stands", "capacity": 10, "covered": "no", "access": " ", "fee": " ", "operator": " ", "CECLand": " ", "SchoolCP": "", "InstalDate": 0, "Funder": "" }, "geometry": { "type": "Point", "coordinates": [ -3.181024625478011, 55.949832070146641 ] } },
{ "type": "Feature", "properties": { "OBJECTID": 1082, "eastings": 328080, "northings": 673033, "bicycle_pa": "stands", "capacity": 6, "covered": "no", "access": " ", "fee": " ", "operator": " ", "CECLand": " ", "SchoolCP": " ", "InstalDate": 0, "Funder": "" }, "geometry": { "type": "Point", "coordinates": [ -3.153095239163762, 55.944929723281149 ] } },
{ "type": "Feature", "properties": { "OBJECTID": 1083, "eastings": 329203, "northings": 670439, "bicycle_pa": "stands", "capacity": 14, "covered": "yes", "access": "yes", "fee": "no", "operator": " ", "CECLand": " ", "SchoolCP": "", "InstalDate": 0, "Funder": "" }, "geometry": { "type": "Point", "coordinates": [ -3.134436992221909, 55.921795148704675 ] } },
{ "type": "Feature", "properties": { "OBJECTID": 1084, "eastings": 327321, "northings": 670909, "bicycle_pa": "stands", "capacity": 6, "covered": "no", "access": "customers", "fee": "no", "operator": " ", "CECLand": " ", "SchoolCP": "", "InstalDate": 0, "Funder": "" }, "geometry": { "type": "Point", "coordinates": [ -3.164671106882409, 55.925735902942108 ] } },
{ "type": "Feature", "properties": { "OBJECTID": 1085, "eastings": 321754, "northings": 671993, "bicycle_pa": "stands", "capacity": 10, "covered": "no", "access": "customers", "fee": " ", "operator": " ", "CECLand": "Y", "SchoolCP": "", "InstalDate": 0, "Funder": "" }, "geometry": { "type": "Point", "coordinates": [ -3.254050923989857, 55.934599160791649 ] } },
{ "type": "Feature", "properties": { "OBJECTID": 1086, "eastings": 327898, "northings": 675128, "bicycle_pa": "stands", "capacity": 6, "covered": "no", "access": " ", "fee": " ", "operator": " ", "CECLand": " ", "SchoolCP": "", "InstalDate": 0, "Funder": "" }, "geometry": { "type": "Point", "coordinates": [ -3.156569785829519, 55.963721297028471 ] } },
{ "type": "Feature", "properties": { "OBJECTID": 1087, "eastings": 327265, "northings": 674637, "bicycle_pa": "stands", "capacity": 3, "covered": "no", "access": "yes", "fee": " ", "operator": " ", "CECLand": " ", "SchoolCP": "", "InstalDate": 0, "Funder": "" }, "geometry": { "type": "Point", "coordinates": [ -3.166574420538337, 55.959215267078207 ] } },
{ "type": "Feature", "properties": { "OBJECTID": 1088, "eastings": 324096, "northings": 674743, "bicycle_pa": "stands", "capacity": 8, "covered": "no", "access": " ", "fee": " ", "operator": " ", "CECLand": " ", "SchoolCP": "", "InstalDate": 0, "Funder": "" }, "geometry": { "type": "Point", "coordinates": [ -3.217348007178141, 55.95967698546346 ] } },
{ "type": "Feature", "properties": { "OBJECTID": 1089, "eastings": 324170, "northings": 672583, "bicycle_pa": "stands", "capacity": 22, "covered": "no", "access": " ", "fee": " ", "operator": " ", "CECLand": " ", "SchoolCP": "", "InstalDate": 0, "Funder": "" }, "geometry": { "type": "Point", "coordinates": [ -3.215554981659677, 55.940286819612332 ] } },
{ "type": "Feature", "properties": { "OBJECTID": 1090, "eastings": 324660, "northings": 673244, "bicycle_pa": "stands", "capacity": 60, "covered": "yes", "access": " ", "fee": " ", "operator": " ", "CECLand": " ", "SchoolCP": "", "InstalDate": 0, "Funder": "" }, "geometry": { "type": "Point", "coordinates": [ -3.207897487318688, 55.946301251641557 ] } },
{ "type": "Feature", "properties": { "OBJECTID": 1091, "eastings": 325468, "northings": 675154, "bicycle_pa": "stands", "capacity": 2, "covered": "no", "access": " ", "fee": " ", "operator": " ", "CECLand": "Y", "SchoolCP": "", "InstalDate": 0, "Funder": "" }, "geometry": { "type": "Point", "coordinates": [ -3.195492225659678, 55.963583715224125 ] } },
{ "type": "Feature", "properties": { "OBJECTID": 1092, "eastings": 327165, "northings": 676490, "bicycle_pa": "stands", "capacity": 2, "covered": "no", "access": " ", "fee": " ", "operator": " ", "CECLand": "Y", "SchoolCP": "", "InstalDate": 0, "Funder": "" }, "geometry": { "type": "Point", "coordinates": [ -3.168677370824609, 55.975844961520217 ] } },
{ "type": "Feature", "properties": { "OBJECTID": 1093, "eastings": 327135, "northings": 676463, "bicycle_pa": "wall_loops", "capacity": 6, "covered": " ", "access": "customers", "fee": " ", "operator": " ", "CECLand": " ", "SchoolCP": "", "InstalDate": 0, "Funder": "" }, "geometry": { "type": "Point", "coordinates": [ -3.169150645637417, 55.975597867383755 ] } },
{ "type": "Feature", "properties": { "OBJECTID": 1094, "eastings": 325945, "northings": 675863, "bicycle_pa": "stands", "capacity": 10, "covered": "yes", "access": "customers", "fee": " ", "operator": " ", "CECLand": " ", "SchoolCP": "", "InstalDate": 0, "Funder": "" }, "geometry": { "type": "Point", "coordinates": [ -3.188048541432638, 55.97002607668427 ] } },
{ "type": "Feature", "properties": { "OBJECTID": 1095, "eastings": 324447, "northings": 672837, "bicycle_pa": "stands", "capacity": 8, "covered": "no", "access": "yes", "fee": " ", "operator": " ", "CECLand": " ", "SchoolCP": "Y", "InstalDate": 0, "Funder": "" }, "geometry": { "type": "Point", "coordinates": [ -3.211192889637418, 55.942611974749127 ] } },
{ "type": "Feature", "properties": { "OBJECTID": 1096, "eastings": 322579, "northings": 672131, "bicycle_pa": "lockers", "capacity": 7, "covered": " ", "access": "private", "fee": " ", "operator": " ", "CECLand": "Y", "SchoolCP": "", "InstalDate": 0, "Funder": "" }, "geometry": { "type": "Point", "coordinates": [ -3.240888584041515, 55.935972713686802 ] } },
{ "type": "Feature", "properties": { "OBJECTID": 1097, "eastings": 322493, "northings": 672101, "bicycle_pa": "stands", "capacity": 6, "covered": "no", "access": "yes", "fee": " ", "operator": " ", "CECLand": " ", "SchoolCP": "", "InstalDate": 0, "Funder": "" }, "geometry": { "type": "Point", "coordinates": [ -3.242256207046085, 55.935689340363602 ] } },
{ "type": "Feature", "properties": { "OBJECTID": 1098, "eastings": 324878, "northings": 676116, "bicycle_pa": "stands", "capacity": 8, "covered": "no", "access": " ", "fee": " ", "operator": " ", "CECLand": " ", "SchoolCP": "", "InstalDate": 0, "Funder": "" }, "geometry": { "type": "Point", "coordinates": [ -3.205209177974093, 55.972132778556855 ] } },
{ "type": "Feature", "properties": { "OBJECTID": 1099, "eastings": 327546, "northings": 674273, "bicycle_pa": "stands", "capacity": 10, "covered": "yes", "access": " ", "fee": " ", "operator": " ", "CECLand": " ", "SchoolCP": "", "InstalDate": 0, "Funder": "" }, "geometry": { "type": "Point", "coordinates": [ -3.161976816164171, 55.955988089175449 ] } },
{ "type": "Feature", "properties": { "OBJECTID": 1100, "eastings": 327372, "northings": 674264, "bicycle_pa": "ground_slots", "capacity": 6, "covered": "no", "access": " ", "fee": " ", "operator": " ", "CECLand": " ", "SchoolCP": "", "InstalDate": 0, "Funder": "" }, "geometry": { "type": "Point", "coordinates": [ -3.164760390522011, 55.95588095628306 ] } },
{ "type": "Feature", "properties": { "OBJECTID": 1101, "eastings": 327385, "northings": 674262, "bicycle_pa": "ground_slots", "capacity": 6, "covered": "no", "access": " ", "fee": " ", "operator": " ", "CECLand": " ", "SchoolCP": "", "InstalDate": 0, "Funder": "" }, "geometry": { "type": "Point", "coordinates": [ -3.164551701853827, 55.955864957336821 ] } },
{ "type": "Feature", "properties": { "OBJECTID": 1102, "eastings": 316727, "northings": 663837, "bicycle_pa": "stands", "capacity": 12, "covered": " ", "access": " ", "fee": " ", "operator": " ", "CECLand": "Y", "SchoolCP": " ", "InstalDate": 0, "Funder": "" }, "geometry": { "type": "Point", "coordinates": [ -3.331978685142301, 55.860493877010008 ] } },
{ "type": "Feature", "properties": { "OBJECTID": 1103, "eastings": 325966, "northings": 673077, "bicycle_pa": "stands", "capacity": 22, "covered": "yes", "access": "yes", "fee": "no", "operator": "University of Edinburgh", "CECLand": " ", "SchoolCP": "", "InstalDate": 0, "Funder": "" }, "geometry": { "type": "Point", "coordinates": [ -3.186945982085248, 55.945004080311605 ] } },
{ "type": "Feature", "properties": { "OBJECTID": 1104, "eastings": 320159, "northings": 671343, "bicycle_pa": "stands", "capacity": 4, "covered": "no", "access": "yes", "fee": " ", "operator": " ", "CECLand": "Y", "SchoolCP": "", "InstalDate": 0, "Funder": "" }, "geometry": { "type": "Point", "coordinates": [ -3.279381776093372, 55.928497382554667 ] } },
{ "type": "Feature", "properties": { "OBJECTID": 1105, "eastings": 320099, "northings": 670713, "bicycle_pa": "lockers", "capacity": 4, "covered": " ", "access": "private", "fee": " ", "operator": " ", "CECLand": " ", "SchoolCP": "Y", "InstalDate": 0, "Funder": "" }, "geometry": { "type": "Point", "coordinates": [ -3.280154936556461, 55.922828358995957 ] } },
{ "type": "Feature", "properties": { "OBJECTID": 1106, "eastings": 320074, "northings": 670721, "bicycle_pa": "stands", "capacity": 10, "covered": "yes", "access": "private", "fee": " ", "operator": " ", "CECLand": " ", "SchoolCP": "Y", "InstalDate": 0, "Funder": "" }, "geometry": { "type": "Point", "coordinates": [ -3.280557248460652, 55.922896058040301 ] } },
{ "type": "Feature", "properties": { "OBJECTID": 1107, "eastings": 319575, "northings": 671026, "bicycle_pa": "stands", "capacity": 10, "covered": "no", "access": " ", "fee": " ", "operator": " ", "CECLand": " ", "SchoolCP": "", "InstalDate": 0, "Funder": "" }, "geometry": { "type": "Point", "coordinates": [ -3.288630992917212, 55.925552384840188 ] } },
{ "type": "Feature", "properties": { "OBJECTID": 1108, "eastings": 319562, "northings": 671040, "bicycle_pa": "stands", "capacity": 20, "covered": "no", "access": " ", "fee": " ", "operator": " ", "CECLand": " ", "SchoolCP": "", "InstalDate": 0, "Funder": "" }, "geometry": { "type": "Point", "coordinates": [ -3.288843153035776, 55.92567596294603 ] } },
{ "type": "Feature", "properties": { "OBJECTID": 1109, "eastings": 327386, "northings": 674655, "bicycle_pa": "stands", "capacity": 10, "covered": "yes", "access": "private", "fee": " ", "operator": " ", "CECLand": " ", "SchoolCP": "", "InstalDate": 0, "Funder": "" }, "geometry": { "type": "Point", "coordinates": [ -3.1646417236938, 55.959395278252792 ] } },
{ "type": "Feature", "properties": { "OBJECTID": 1110, "eastings": 329445, "northings": 670384, "bicycle_pa": "stands", "capacity": 30, "covered": "yes", "access": "university", "fee": "no", "operator": "University of Edinburgh", "CECLand": " ", "SchoolCP": "", "InstalDate": 0, "Funder": "" }, "geometry": { "type": "Point", "coordinates": [ -3.130551222443771, 55.921336711155213 ] } },
{ "type": "Feature", "properties": { "OBJECTID": 1111, "eastings": 330368, "northings": 673988, "bicycle_pa": "stands", "capacity": 14, "covered": "no", "access": "yes", "fee": " ", "operator": " ", "CECLand": "Y", "SchoolCP": "", "InstalDate": 0, "Funder": "" }, "geometry": { "type": "Point", "coordinates": [ -3.116717921649574, 55.953845987706181 ] } },
{ "type": "Feature", "properties": { "OBJECTID": 1112, "eastings": 324517, "northings": 670705, "bicycle_pa": "stands", "capacity": 6, "covered": "no", "access": "yes", "fee": "no", "operator": " ", "CECLand": "Y", "SchoolCP": "", "InstalDate": 0, "Funder": "" }, "geometry": { "type": "Point", "coordinates": [ -3.209474942710056, 55.923471533921159 ] } },
{ "type": "Feature", "properties": { "OBJECTID": 1113, "eastings": 325773, "northings": 673404, "bicycle_pa": "shed", "capacity": 24, "covered": "yes", "access": "university", "fee": "no", "operator": "University of Edinburgh", "CECLand": " ", "SchoolCP": "", "InstalDate": 0, "Funder": "" }, "geometry": { "type": "Point", "coordinates": [ -3.19012543981785, 55.947911624631978 ] } },
{ "type": "Feature", "properties": { "OBJECTID": 1114, "eastings": 326066, "northings": 673460, "bicycle_pa": "shed", "capacity": 20, "covered": "yes", "access": "employees", "fee": " ", "operator": "University of Edinburgh", "CECLand": " ", "SchoolCP": "", "InstalDate": 0, "Funder": "" }, "geometry": { "type": "Point", "coordinates": [ -3.185450456326248, 55.948459808642006 ] } },
{ "type": "Feature", "properties": { "OBJECTID": 1115, "eastings": 326186, "northings": 673458, "bicycle_pa": "stands", "capacity": 10, "covered": "no", "access": "yes", "fee": " ", "operator": "University of Edinburgh", "CECLand": " ", "SchoolCP": "", "InstalDate": 0, "Funder": "" }, "geometry": { "type": "Point", "coordinates": [ -3.183528910544242, 55.948460285336765 ] } },
{ "type": "Feature", "properties": { "OBJECTID": 1116, "eastings": 326144, "northings": 673442, "bicycle_pa": "stands", "capacity": 10, "covered": "no", "access": "yes", "fee": " ", "operator": "University of Edinburgh", "CECLand": " ", "SchoolCP": "", "InstalDate": 0, "Funder": "" }, "geometry": { "type": "Point", "coordinates": [ -3.18419687089908, 55.948310112583428 ] } },
{ "type": "Feature", "properties": { "OBJECTID": 1117, "eastings": 326214, "northings": 673426, "bicycle_pa": "stands", "capacity": 20, "covered": "no", "access": "yes", "fee": "no", "operator": "University of Edinburgh", "CECLand": " ", "SchoolCP": "", "InstalDate": 0, "Funder": "" }, "geometry": { "type": "Point", "coordinates": [ -3.183071907378444, 55.948177139736785 ] } },
{ "type": "Feature", "properties": { "OBJECTID": 1118, "eastings": 326312, "northings": 673419, "bicycle_pa": "stands", "capacity": 2, "covered": "no", "access": "yes", "fee": "no", "operator": "University of Edinburgh", "CECLand": " ", "SchoolCP": "", "InstalDate": 0, "Funder": "" }, "geometry": { "type": "Point", "coordinates": [ -3.181501185945401, 55.948129292828114 ] } },
{ "type": "Feature", "properties": { "OBJECTID": 1119, "eastings": 326294, "northings": 673425, "bicycle_pa": "stands", "capacity": 28, "covered": "no", "access": "private", "fee": "no", "operator": "University of Edinburgh", "CECLand": " ", "SchoolCP": "", "InstalDate": 0, "Funder": "" }, "geometry": { "type": "Point", "coordinates": [ -3.181790976169129, 55.948180429280534 ] } },
{ "type": "Feature", "properties": { "OBJECTID": 1120, "eastings": 326293, "northings": 673433, "bicycle_pa": "stands", "capacity": 46, "covered": "yes", "access": "private", "fee": "no", "operator": "University of Edinburgh", "CECLand": " ", "SchoolCP": "", "InstalDate": 0, "Funder": "" }, "geometry": { "type": "Point", "coordinates": [ -3.181809174590296, 55.948252137084587 ] } },
{ "type": "Feature", "properties": { "OBJECTID": 1121, "eastings": 326059, "northings": 673431, "bicycle_pa": "stands", "capacity": 8, "covered": "no", "access": "yes", "fee": "no", "operator": "University of Edinburgh", "CECLand": "Y", "SchoolCP": "", "InstalDate": 0, "Funder": "" }, "geometry": { "type": "Point", "coordinates": [ -3.185554550120309, 55.948198236196518 ] } },
{ "type": "Feature", "properties": { "OBJECTID": 1122, "eastings": 326464, "northings": 673540, "bicycle_pa": "stands", "capacity": 38, "covered": "no", "access": "yes", "fee": "no", "operator": "University of Edinburgh", "CECLand": " ", "SchoolCP": "", "InstalDate": 0, "Funder": "" }, "geometry": { "type": "Point", "coordinates": [ -3.17910099018046, 55.949239469869134 ] } },
{ "type": "Feature", "properties": { "OBJECTID": 1123, "eastings": 326412, "northings": 673667, "bicycle_pa": "stands", "capacity": 20, "covered": "no", "access": "yes", "fee": "no", "operator": "University of Edinburgh", "CECLand": " ", "SchoolCP": "", "InstalDate": 0, "Funder": "" }, "geometry": { "type": "Point", "coordinates": [ -3.179968153562822, 55.950372302504192 ] } },
{ "type": "Feature", "properties": { "OBJECTID": 1124, "eastings": 326362, "northings": 673714, "bicycle_pa": "stands", "capacity": 20, "covered": "no", "access": "yes", "fee": "no", "operator": "University of Edinburgh", "CECLand": " ", "SchoolCP": "", "InstalDate": 0, "Funder": "" }, "geometry": { "type": "Point", "coordinates": [ -3.180781462329522, 55.950786822824774 ] } },
{ "type": "Feature", "properties": { "OBJECTID": 1125, "eastings": 326350, "northings": 673730, "bicycle_pa": "stands", "capacity": 10, "covered": "no", "access": "yes", "fee": "no", "operator": "University of Edinburgh", "CECLand": " ", "SchoolCP": "", "InstalDate": 0, "Funder": "" }, "geometry": { "type": "Point", "coordinates": [ -3.180977949997217, 55.950928704314173 ] } },
{ "type": "Feature", "properties": { "OBJECTID": 1126, "eastings": 326409, "northings": 673681, "bicycle_pa": "stands", "capacity": 20, "covered": "no", "access": "yes", "fee": "no", "operator": "University of Edinburgh", "CECLand": " ", "SchoolCP": "", "InstalDate": 0, "Funder": "" }, "geometry": { "type": "Point", "coordinates": [ -3.180020006990992, 55.950497598421656 ] } },
{ "type": "Feature", "properties": { "OBJECTID": 1127, "eastings": 326371, "northings": 673693, "bicycle_pa": "stands", "capacity": 10, "covered": "no", "access": "yes", "fee": "no", "operator": "University of Edinburgh", "CECLand": " ", "SchoolCP": "", "InstalDate": 0, "Funder": "" }, "geometry": { "type": "Point", "coordinates": [ -3.180631636612573, 55.950599568867389 ] } },
{ "type": "Feature", "properties": { "OBJECTID": 1128, "eastings": 326316, "northings": 673721, "bicycle_pa": "stands", "capacity": 13, "covered": "no", "access": "yes", "fee": "no", "operator": "University of Edinburgh", "CECLand": " ", "SchoolCP": "", "InstalDate": 0, "Funder": "" }, "geometry": { "type": "Point", "coordinates": [ -3.181519804821431, 55.950842650454717 ] } },
{ "type": "Feature", "properties": { "OBJECTID": 1129, "eastings": 325210, "northings": 673145, "bicycle_pa": "stands", "capacity": 10, "covered": "no", "access": "yes", "fee": "no", "operator": "University of Edinburgh", "CECLand": " ", "SchoolCP": "", "InstalDate": 0, "Funder": "" }, "geometry": { "type": "Point", "coordinates": [ -3.199066014410886, 55.945497884104462 ] } },
{ "type": "Feature", "properties": { "OBJECTID": 1130, "eastings": 325241, "northings": 673114, "bicycle_pa": "stands", "capacity": 26, "covered": "no", "access": "yes", "fee": "no", "operator": "University of Edinburgh", "CECLand": " ", "SchoolCP": "", "InstalDate": 0, "Funder": "" }, "geometry": { "type": "Point", "coordinates": [ -3.198561192712335, 55.945224247723203 ] } },
{ "type": "Feature", "properties": { "OBJECTID": 1131, "eastings": 325145, "northings": 673214, "bicycle_pa": "stands", "capacity": 16, "covered": "no", "access": "private", "fee": "no", "operator": "University of Edinburgh", "CECLand": " ", "SchoolCP": "", "InstalDate": 0, "Funder": "" }, "geometry": { "type": "Point", "coordinates": [ -3.200125646029443, 55.946107560502433 ] } },
{ "type": "Feature", "properties": { "OBJECTID": 1132, "eastings": 314448, "northings": 673180, "bicycle_pa": "stands", "capacity": 8, "covered": " ", "access": " ", "fee": " ", "operator": " ", "CECLand": " ", "SchoolCP": "", "InstalDate": 0, "Funder": "" }, "geometry": { "type": "Point", "coordinates": [ -3.371335658345356, 55.944014186289259 ] } },
{ "type": "Feature", "properties": { "OBJECTID": 1133, "eastings": 315033, "northings": 673119, "bicycle_pa": "stands", "capacity": 20, "covered": "no", "access": "yes", "fee": " ", "operator": " ", "CECLand": " ", "SchoolCP": "", "InstalDate": 0, "Funder": "" }, "geometry": { "type": "Point", "coordinates": [ -3.361953241817581, 55.943570079074199 ] } },
{ "type": "Feature", "properties": { "OBJECTID": 1134, "eastings": 324830, "northings": 672907, "bicycle_pa": "stands", "capacity": 10, "covered": "no", "access": " ", "fee": " ", "operator": " ", "CECLand": "Y", "SchoolCP": "", "InstalDate": 0, "Funder": "" }, "geometry": { "type": "Point", "coordinates": [ -3.205082231337788, 55.943300783824185 ] } },
{ "type": "Feature", "properties": { "OBJECTID": 1135, "eastings": 325872, "northings": 672836, "bicycle_pa": "building", "capacity": 26, "covered": "yes", "access": "university", "fee": "no", "operator": "University of Edinburgh", "CECLand": " ", "SchoolCP": "", "InstalDate": 0, "Funder": "" }, "geometry": { "type": "Point", "coordinates": [ -3.188384295630458, 55.942824791643631 ] } },
{ "type": "Feature", "properties": { "OBJECTID": 1136, "eastings": 325797, "northings": 672992, "bicycle_pa": "stands", "capacity": 46, "covered": "no", "access": "yes", "fee": "no", "operator": "University of Edinburgh", "CECLand": "Y", "SchoolCP": "", "InstalDate": 0, "Funder": "" }, "geometry": { "type": "Point", "coordinates": [ -3.189627721814541, 55.944214507559415 ] } },
{ "type": "Feature", "properties": { "OBJECTID": 1137, "eastings": 325789, "northings": 673068, "bicycle_pa": "stands", "capacity": 24, "covered": "no", "access": "yes", "fee": "no", "operator": "University of Edinburgh", "CECLand": " ", "SchoolCP": "", "InstalDate": 0, "Funder": "" }, "geometry": { "type": "Point", "coordinates": [ -3.189776715855116, 55.944895949052963 ] } },
{ "type": "Feature", "properties": { "OBJECTID": 1138, "eastings": 325816, "northings": 673079, "bicycle_pa": "stands", "capacity": 32, "covered": "no", "access": "yes", "fee": "no", "operator": "University of Edinburgh", "CECLand": " ", "SchoolCP": "", "InstalDate": 0, "Funder": "" }, "geometry": { "type": "Point", "coordinates": [ -3.189347561938511, 55.944998924231761 ] } },
{ "type": "Feature", "properties": { "OBJECTID": 1139, "eastings": 325841, "northings": 673106, "bicycle_pa": "stands", "capacity": 8, "covered": "no", "access": "yes", "fee": "no", "operator": "University of Edinburgh", "CECLand": " ", "SchoolCP": "", "InstalDate": 0, "Funder": "" }, "geometry": { "type": "Point", "coordinates": [ -3.188954825480562, 55.945245310861161 ] } },
{ "type": "Feature", "properties": { "OBJECTID": 1140, "eastings": 325441, "northings": 673534, "bicycle_pa": "stands", "capacity": 10, "covered": "no", "access": "yes", "fee": "no", "operator": "University of Edinburgh", "CECLand": " ", "SchoolCP": "", "InstalDate": 0, "Funder": "" }, "geometry": { "type": "Point", "coordinates": [ -3.195476094641275, 55.949027969489116 ] } },
{ "type": "Feature", "properties": { "OBJECTID": 1141, "eastings": 326044, "northings": 673447, "bicycle_pa": "stands", "capacity": 30, "covered": "yes", "access": "employees", "fee": "no", "operator": "University of Edinburgh", "CECLand": " ", "SchoolCP": "", "InstalDate": 0, "Funder": "" }, "geometry": { "type": "Point", "coordinates": [ -3.185799067683051, 55.948339650112395 ] } },
{ "type": "Feature", "properties": { "OBJECTID": 1142, "eastings": 326180, "northings": 673444, "bicycle_pa": "stands", "capacity": 12, "covered": "yes", "access": "university", "fee": "no", "operator": "University of Edinburgh", "CECLand": " ", "SchoolCP": "", "InstalDate": 0, "Funder": "" }, "geometry": { "type": "Point", "coordinates": [ -3.183621121843436, 55.948333607273511 ] } },
{ "type": "Feature", "properties": { "OBJECTID": 1143, "eastings": 325865, "northings": 673169, "bicycle_pa": "stands", "capacity": 18, "covered": "no", "access": "yes", "fee": "no", "operator": "University of Edinburgh", "CECLand": " ", "SchoolCP": "", "InstalDate": 0, "Funder": "" }, "geometry": { "type": "Point", "coordinates": [ -3.188588001635019, 55.945814915332647 ] } },
{ "type": "Feature", "properties": { "OBJECTID": 1144, "eastings": 325956, "northings": 673129, "bicycle_pa": "stands", "capacity": 10, "covered": "no", "access": "yes", "fee": "no", "operator": "University of Edinburgh", "CECLand": " ", "SchoolCP": "", "InstalDate": 0, "Funder": "" }, "geometry": { "type": "Point", "coordinates": [ -3.187120348239862, 55.945469635575513 ] } },
{ "type": "Feature", "properties": { "OBJECTID": 1145, "eastings": 325739, "northings": 672984, "bicycle_pa": "stands", "capacity": 16, "covered": "yes", "access": "yes", "fee": "no", "operator": "University of Edinburgh", "CECLand": " ", "SchoolCP": "", "InstalDate": 0, "Funder": "" }, "geometry": { "type": "Point", "coordinates": [ -3.190553894756181, 55.944133692528482 ] } },
{ "type": "Feature", "properties": { "OBJECTID": 1146, "eastings": 325843, "northings": 673163, "bicycle_pa": "stands", "capacity": 20, "covered": "no", "access": "yes", "fee": "no", "operator": "University of Edinburgh", "CECLand": " ", "SchoolCP": "", "InstalDate": 0, "Funder": "" }, "geometry": { "type": "Point", "coordinates": [ -3.188938507571413, 55.94575762676368 ] } },
{ "type": "Feature", "properties": { "OBJECTID": 1147, "eastings": 325746, "northings": 673001, "bicycle_pa": "stands", "capacity": 18, "covered": "yes", "access": "yes", "fee": "no", "operator": "University of Edinburgh", "CECLand": " ", "SchoolCP": "", "InstalDate": 0, "Funder": "" }, "geometry": { "type": "Point", "coordinates": [ -3.190446536191363, 55.944287477399818 ] } },
{ "type": "Feature", "properties": { "OBJECTID": 1148, "eastings": 326000, "northings": 672917, "bicycle_pa": "stands", "capacity": 30, "covered": "yes", "access": "yes", "fee": "no", "operator": "University of Edinburgh", "CECLand": " ", "SchoolCP": "", "InstalDate": 0, "Funder": "" }, "geometry": { "type": "Point", "coordinates": [ -3.186357784548465, 55.943572097406111 ] } },
{ "type": "Feature", "properties": { "OBJECTID": 1149, "eastings": 325979, "northings": 672885, "bicycle_pa": "stands", "capacity": 30, "covered": "yes", "access": "yes", "fee": "no", "operator": "University of Edinburgh", "CECLand": " ", "SchoolCP": "", "InstalDate": 0, "Funder": "" }, "geometry": { "type": "Point", "coordinates": [ -3.186685121903175, 55.943281421726446 ] } },
{ "type": "Feature", "properties": { "OBJECTID": 1150, "eastings": 325963, "northings": 672898, "bicycle_pa": "stands", "capacity": 30, "covered": "no", "access": "yes", "fee": "no", "operator": "University of Edinburgh", "CECLand": " ", "SchoolCP": "", "InstalDate": 0, "Funder": "" }, "geometry": { "type": "Point", "coordinates": [ -3.186944794241471, 55.943395732358503 ] } },
{ "type": "Feature", "properties": { "OBJECTID": 1151, "eastings": 325787, "northings": 672855, "bicycle_pa": "stands", "capacity": 10, "covered": "no", "access": "yes", "fee": "no", "operator": "University of Edinburgh", "CECLand": "Y", "SchoolCP": "", "InstalDate": 0, "Funder": "" }, "geometry": { "type": "Point", "coordinates": [ -3.189750038116448, 55.942982350360182 ] } },
{ "type": "Feature", "properties": { "OBJECTID": 1152, "eastings": 326801, "northings": 670523, "bicycle_pa": "rack", "capacity": 10, "covered": "no", "access": "yes", "fee": "no", "operator": "University of Edinburgh", "CECLand": " ", "SchoolCP": "", "InstalDate": 0, "Funder": "" }, "geometry": { "type": "Point", "coordinates": [ -3.172885733472973, 55.922189570494488 ] } },
{ "type": "Feature", "properties": { "OBJECTID": 1153, "eastings": 326856, "northings": 670516, "bicycle_pa": "stands", "capacity": 8, "covered": "no", "access": "yes", "fee": "no", "operator": "University of Edinburgh", "CECLand": " ", "SchoolCP": "", "InstalDate": 0, "Funder": "" }, "geometry": { "type": "Point", "coordinates": [ -3.172003963637777, 55.922135070192667 ] } },
{ "type": "Feature", "properties": { "OBJECTID": 1154, "eastings": 326783, "northings": 670708, "bicycle_pa": "rack", "capacity": 12, "covered": "no", "access": "yes", "fee": "no", "operator": "University of Edinburgh", "CECLand": " ", "SchoolCP": "", "InstalDate": 0, "Funder": "" }, "geometry": { "type": "Point", "coordinates": [ -3.173223974336479, 55.923848639388751 ] } },
{ "type": "Feature", "properties": { "OBJECTID": 1155, "eastings": 326505, "northings": 670745, "bicycle_pa": "rack", "capacity": 10, "covered": "no", "access": "yes", "fee": "no", "operator": "University of Edinburgh", "CECLand": " ", "SchoolCP": "", "InstalDate": 0, "Funder": "" }, "geometry": { "type": "Point", "coordinates": [ -3.177681590835529, 55.92413854130119 ] } },
{ "type": "Feature", "properties": { "OBJECTID": 1156, "eastings": 326508, "northings": 670773, "bicycle_pa": "rack", "capacity": 6, "covered": "no", "access": "yes", "fee": "no", "operator": "University of Edinburgh", "CECLand": " ", "SchoolCP": "", "InstalDate": 0, "Funder": "" }, "geometry": { "type": "Point", "coordinates": [ -3.177641235262943, 55.924390517716354 ] } },
{ "type": "Feature", "properties": { "OBJECTID": 1157, "eastings": 326477, "northings": 670773, "bicycle_pa": "rack", "capacity": 6, "covered": "no", "access": "yes", "fee": "no", "operator": "University of Edinburgh", "CECLand": " ", "SchoolCP": "", "InstalDate": 0, "Funder": "" }, "geometry": { "type": "Point", "coordinates": [ -3.178137188582033, 55.924385773127291 ] } },
{ "type": "Feature", "properties": { "OBJECTID": 1158, "eastings": 326474, "northings": 670744, "bicycle_pa": "rack", "capacity": 20, "covered": "yes", "access": "residents", "fee": "no", "operator": "University of Edinburgh", "CECLand": " ", "SchoolCP": "", "InstalDate": 0, "Funder": "" }, "geometry": { "type": "Point", "coordinates": [ -3.178177267964374, 55.924124813775741 ] } },
{ "type": "Feature", "properties": { "OBJECTID": 1159, "eastings": 326466, "northings": 670743, "bicycle_pa": "rack", "capacity": 32, "covered": "no", "access": "yes", "fee": "no", "operator": "University of Edinburgh", "CECLand": " ", "SchoolCP": "", "InstalDate": 0, "Funder": "" }, "geometry": { "type": "Point", "coordinates": [ -3.178304982036063, 55.924114606234753 ] } },
{ "type": "Feature", "properties": { "OBJECTID": 1160, "eastings": 326445, "northings": 670725, "bicycle_pa": "rack", "capacity": 12, "covered": "no", "access": "yes", "fee": "no", "operator": "University of Edinburgh", "CECLand": " ", "SchoolCP": "", "InstalDate": 0, "Funder": "" }, "geometry": { "type": "Point", "coordinates": [ -3.178636032665482, 55.923949700850464 ] } },
{ "type": "Feature", "properties": { "OBJECTID": 1161, "eastings": 326439, "northings": 670594, "bicycle_pa": "rack", "capacity": 20, "covered": "no", "access": "yes", "fee": "no", "operator": "University of Edinburgh", "CECLand": " ", "SchoolCP": "", "InstalDate": 0, "Funder": "" }, "geometry": { "type": "Point", "coordinates": [ -3.178696248674496, 55.922772040056806 ] } },
{ "type": "Feature", "properties": { "OBJECTID": 1162, "eastings": 326525, "northings": 670631, "bicycle_pa": "rack", "capacity": 10, "covered": "no", "access": "yes", "fee": "no", "operator": "University of Edinburgh", "CECLand": " ", "SchoolCP": "", "InstalDate": 0, "Funder": "" }, "geometry": { "type": "Point", "coordinates": [ -3.177330527260653, 55.923117566304185 ] } },
{ "type": "Feature", "properties": { "OBJECTID": 1163, "eastings": 326525, "northings": 670620, "bicycle_pa": "rack", "capacity": 10, "covered": "no", "access": "yes", "fee": "no", "operator": "University of Edinburgh", "CECLand": " ", "SchoolCP": "", "InstalDate": 0, "Funder": "" }, "geometry": { "type": "Point", "coordinates": [ -3.177327526905402, 55.923018755893303 ] } },
{ "type": "Feature", "properties": { "OBJECTID": 1164, "eastings": 326515, "northings": 670626, "bicycle_pa": "rack", "capacity": 8, "covered": "yes", "access": "yes", "fee": "no", "operator": "University of Edinburgh", "CECLand": " ", "SchoolCP": "", "InstalDate": 0, "Funder": "" }, "geometry": { "type": "Point", "coordinates": [ -3.177489143009778, 55.92307112257226 ] } },
{ "type": "Feature", "properties": { "OBJECTID": 1165, "eastings": 326643, "northings": 670737, "bicycle_pa": "rack", "capacity": 20, "covered": "no", "access": "yes", "fee": "no", "operator": "University of Edinburgh", "CECLand": " ", "SchoolCP": "", "InstalDate": 0, "Funder": "" }, "geometry": { "type": "Point", "coordinates": [ -3.175471632457629, 55.924087776787601 ] } },
{ "type": "Feature", "properties": { "OBJECTID": 1166, "eastings": 326717, "northings": 670524, "bicycle_pa": "shed", "capacity": 20, "covered": "yes", "access": "private", "fee": "no", "operator": "University of Edinburgh", "CECLand": " ", "SchoolCP": "", "InstalDate": 0, "Funder": "" }, "geometry": { "type": "Point", "coordinates": [ -3.174229804837232, 55.92218574394397 ] } },
{ "type": "Feature", "properties": { "OBJECTID": 1167, "eastings": 326679, "northings": 670509, "bicycle_pa": "stands", "capacity": 10, "covered": "no", "access": "yes", "fee": "no", "operator": "University of Edinburgh", "CECLand": " ", "SchoolCP": "", "InstalDate": 0, "Funder": "" }, "geometry": { "type": "Point", "coordinates": [ -3.174833631239793, 55.922045202891859 ] } },
{ "type": "Feature", "properties": { "OBJECTID": 1168, "eastings": 326743, "northings": 670490, "bicycle_pa": "stands", "capacity": 20, "covered": "no", "access": "yes", "fee": "no", "operator": "University of Edinburgh", "CECLand": " ", "SchoolCP": "", "InstalDate": 0, "Funder": "" }, "geometry": { "type": "Point", "coordinates": [ -3.173804621168155, 55.921884296090987 ] } },
{ "type": "Feature", "properties": { "OBJECTID": 1169, "eastings": 326681, "northings": 670690, "bicycle_pa": "stands", "capacity": 8, "covered": "no", "access": "yes", "fee": "no", "operator": "University of Edinburgh", "CECLand": " ", "SchoolCP": "", "InstalDate": 0, "Funder": "" }, "geometry": { "type": "Point", "coordinates": [ -3.174850900510201, 55.923671389274816 ] } },
{ "type": "Feature", "properties": { "OBJECTID": 1170, "eastings": 326794, "northings": 670674, "bicycle_pa": "rack", "capacity": 7, "covered": "yes", "access": "yes", "fee": "no", "operator": "University of Edinburgh", "CECLand": " ", "SchoolCP": "", "InstalDate": 0, "Funder": "" }, "geometry": { "type": "Point", "coordinates": [ -3.173038752686295, 55.923544902002774 ] } },
{ "type": "Feature", "properties": { "OBJECTID": 1171, "eastings": 326801, "northings": 670620, "bicycle_pa": "rack", "capacity": 20, "covered": "no", "access": "yes", "fee": "no", "operator": "University of Edinburgh", "CECLand": " ", "SchoolCP": "", "InstalDate": 0, "Funder": "" }, "geometry": { "type": "Point", "coordinates": [ -3.172912091365482, 55.923060899311281 ] } },
{ "type": "Feature", "properties": { "OBJECTID": 1172, "eastings": 326551, "northings": 670514, "bicycle_pa": "rack", "capacity": 36, "covered": "no", "access": "yes", "fee": "no", "operator": "University of Edinburgh", "CECLand": " ", "SchoolCP": "", "InstalDate": 0, "Funder": "" }, "geometry": { "type": "Point", "coordinates": [ -3.176882679214917, 55.922070559489605 ] } },
{ "type": "Feature", "properties": { "OBJECTID": 1173, "eastings": 323186, "northings": 675095, "bicycle_pa": "stands", "capacity": 52, "covered": "no", "access": "yes", "fee": "no", "operator": "University of Edinburgh", "CECLand": " ", "SchoolCP": "", "InstalDate": 0, "Funder": "" }, "geometry": { "type": "Point", "coordinates": [ -3.232020399190147, 55.962693852484001 ] } },
{ "type": "Feature", "properties": { "OBJECTID": 1174, "eastings": 323175, "northings": 675099, "bicycle_pa": "stands", "capacity": 52, "covered": "yes", "access": "university", "fee": "no", "operator": "University of Edinburgh", "CECLand": " ", "SchoolCP": "", "InstalDate": 0, "Funder": "" }, "geometry": { "type": "Point", "coordinates": [ -3.232197699103642, 55.962728019313559 ] } },
{ "type": "Feature", "properties": { "OBJECTID": 1175, "eastings": 325937, "northings": 674250, "bicycle_pa": "stands", "capacity": 8, "covered": "no", "access": "yes", "fee": "no", "operator": " ", "CECLand": "Y", "SchoolCP": "", "InstalDate": 0, "Funder": "" }, "geometry": { "type": "Point", "coordinates": [ -3.187732818924589, 55.955536122986047 ] } },
{ "type": "Feature", "properties": { "OBJECTID": 1176, "eastings": 325944, "northings": 674273, "bicycle_pa": "two-tier", "capacity": 36, "covered": "yes", "access": "yes", "fee": "no", "operator": " ", "CECLand": "Y", "SchoolCP": "", "InstalDate": 0, "Funder": "" }, "geometry": { "type": "Point", "coordinates": [ -3.187627067870612, 55.955743798837503 ] } },
{ "type": "Feature", "properties": { "OBJECTID": 1177, "eastings": 325968, "northings": 674288, "bicycle_pa": "stands", "capacity": 12, "covered": "no", "access": "yes", "fee": "no", "operator": " ", "CECLand": "Y", "SchoolCP": "", "InstalDate": 0, "Funder": "" }, "geometry": { "type": "Point", "coordinates": [ -3.187246924202234, 55.955882234636519 ] } },
{ "type": "Feature", "properties": { "OBJECTID": 1178, "eastings": 325773, "northings": 674224, "bicycle_pa": "stands", "capacity": 6, "covered": "no", "access": " ", "fee": " ", "operator": " ", "CECLand": "Y", "SchoolCP": "", "InstalDate": 0, "Funder": "" }, "geometry": { "type": "Point", "coordinates": [ -3.190351470104257, 55.955277270289024 ] } },
{ "type": "Feature", "properties": { "OBJECTID": 1179, "eastings": 325775, "northings": 674212, "bicycle_pa": "stands", "capacity": 6, "covered": "no", "access": " ", "fee": " ", "operator": " ", "CECLand": "Y", "SchoolCP": " ", "InstalDate": 2526, "Funder": "SEStran" }, "geometry": { "type": "Point", "coordinates": [ -3.190316140094498, 55.955169789726192 ] } },
{ "type": "Feature", "properties": { "OBJECTID": 1180, "eastings": 329017, "northings": 670405, "bicycle_pa": "stands", "capacity": 36, "covered": " ", "access": "yes", "fee": "no", "operator": " ", "CECLand": " ", "SchoolCP": "", "InstalDate": 0, "Funder": "" }, "geometry": { "type": "Point", "coordinates": [ -3.137403585743062, 55.921462270588833 ] } },
{ "type": "Feature", "properties": { "OBJECTID": 1181, "eastings": 329097, "northings": 670497, "bicycle_pa": "stands", "capacity": 120, "covered": "yes", "access": "yes", "fee": "no", "operator": " ", "CECLand": " ", "SchoolCP": "", "InstalDate": 0, "Funder": "" }, "geometry": { "type": "Point", "coordinates": [ -3.136148000740223, 55.922300516344151 ] } },
{ "type": "Feature", "properties": { "OBJECTID": 1182, "eastings": 329059, "northings": 670502, "bicycle_pa": "stands", "capacity": 10, "covered": " ", "access": "yes", "fee": "no", "operator": " ", "CECLand": " ", "SchoolCP": "", "InstalDate": 0, "Funder": "" }, "geometry": { "type": "Point", "coordinates": [ -3.136757235053419, 55.922339818179381 ] } },
{ "type": "Feature", "properties": { "OBJECTID": 1183, "eastings": 329037, "northings": 670574, "bicycle_pa": " ", "capacity": 20, "covered": "no", "access": "yes", "fee": "no", "operator": " ", "CECLand": " ", "SchoolCP": "", "InstalDate": 0, "Funder": "" }, "geometry": { "type": "Point", "coordinates": [ -3.137128154667935, 55.922983335692649 ] } },
{ "type": "Feature", "properties": { "OBJECTID": 1184, "eastings": 328949, "northings": 670465, "bicycle_pa": "stands", "capacity": 10, "covered": " ", "access": "yes", "fee": "no", "operator": " ", "CECLand": " ", "SchoolCP": "", "InstalDate": 0, "Funder": "" }, "geometry": { "type": "Point", "coordinates": [ -3.138507238602468, 55.921991187243137 ] } },
{ "type": "Feature", "properties": { "OBJECTID": 1185, "eastings": 328916, "northings": 670444, "bicycle_pa": "stands", "capacity": 20, "covered": " ", "access": "yes", "fee": "no", "operator": " ", "CECLand": " ", "SchoolCP": "", "InstalDate": 0, "Funder": "" }, "geometry": { "type": "Point", "coordinates": [ -3.139029621165436, 55.921797662575152 ] } },
{ "type": "Feature", "properties": { "OBJECTID": 1186, "eastings": 329103, "northings": 670257, "bicycle_pa": "stands", "capacity": 10, "covered": " ", "access": "yes", "fee": "no", "operator": " ", "CECLand": " ", "SchoolCP": "", "InstalDate": 0, "Funder": "" }, "geometry": { "type": "Point", "coordinates": [ -3.13598885504672, 55.920145506353329 ] } },
{ "type": "Feature", "properties": { "OBJECTID": 1187, "eastings": 329054, "northings": 670280, "bicycle_pa": "stands", "capacity": 10, "covered": " ", "access": "yes", "fee": "no", "operator": " ", "CECLand": " ", "SchoolCP": "", "InstalDate": 0, "Funder": "" }, "geometry": { "type": "Point", "coordinates": [ -3.136778761595971, 55.920344876441945 ] } },
{ "type": "Feature", "properties": { "OBJECTID": 1188, "eastings": 329219, "northings": 670319, "bicycle_pa": "stands", "capacity": 12, "covered": " ", "access": "yes", "fee": "no", "operator": " ", "CECLand": " ", "SchoolCP": "", "InstalDate": 0, "Funder": "" }, "geometry": { "type": "Point", "coordinates": [ -3.13414950817721, 55.920719558807072 ] } },
{ "type": "Feature", "properties": { "OBJECTID": 1189, "eastings": 326932, "northings": 672550, "bicycle_pa": "stands", "capacity": 12, "covered": "yes", "access": "yes", "fee": "no", "operator": "University of Edinburgh", "CECLand": " ", "SchoolCP": "", "InstalDate": 0, "Funder": "" }, "geometry": { "type": "Point", "coordinates": [ -3.171340199885699, 55.940417887626424 ] } },
{ "type": "Feature", "properties": { "OBJECTID": 1190, "eastings": 326948, "northings": 672572, "bicycle_pa": "stands", "capacity": 10, "covered": "no", "access": "yes", "fee": "no", "operator": "University of Edinburgh", "CECLand": " ", "SchoolCP": "", "InstalDate": 0, "Funder": "" }, "geometry": { "type": "Point", "coordinates": [ -3.171090091376195, 55.94061794469912 ] } },
{ "type": "Feature", "properties": { "OBJECTID": 1191, "eastings": 326964, "northings": 672557, "bicycle_pa": "stands", "capacity": 10, "covered": "no", "access": "yes", "fee": "no", "operator": "University of Edinburgh", "CECLand": " ", "SchoolCP": "", "InstalDate": 0, "Funder": "" }, "geometry": { "type": "Point", "coordinates": [ -3.170829935700342, 55.940485628304813 ] } },
{ "type": "Feature", "properties": { "OBJECTID": 1192, "eastings": 326987, "northings": 672565, "bicycle_pa": "stands", "capacity": 20, "covered": "no", "access": "yes", "fee": "no", "operator": "University of Edinburgh", "CECLand": " ", "SchoolCP": "", "InstalDate": 0, "Funder": "" }, "geometry": { "type": "Point", "coordinates": [ -3.170463987916195, 55.940560984063239 ] } },
{ "type": "Feature", "properties": { "OBJECTID": 1193, "eastings": 327021, "northings": 672542, "bicycle_pa": "stands", "capacity": 10, "covered": "no", "access": "yes", "fee": "no", "operator": "University of Edinburgh", "CECLand": " ", "SchoolCP": "", "InstalDate": 0, "Funder": "" }, "geometry": { "type": "Point", "coordinates": [ -3.169913571857783, 55.94035953283403 ] } },
{ "type": "Feature", "properties": { "OBJECTID": 1194, "eastings": 327052, "northings": 672524, "bicycle_pa": "stands", "capacity": 6, "covered": "no", "access": "yes", "fee": "no", "operator": "University of Edinburgh", "CECLand": " ", "SchoolCP": "", "InstalDate": 0, "Funder": "" }, "geometry": { "type": "Point", "coordinates": [ -3.169412532257796, 55.940202539499829 ] } },
{ "type": "Feature", "properties": { "OBJECTID": 1195, "eastings": 327095, "northings": 672441, "bicycle_pa": "stands", "capacity": 8, "covered": "no", "access": "yes", "fee": "no", "operator": "University of Edinburgh", "CECLand": " ", "SchoolCP": "", "InstalDate": 0, "Funder": "" }, "geometry": { "type": "Point", "coordinates": [ -3.168701822467483, 55.939463463707639 ] } },
{ "type": "Feature", "properties": { "OBJECTID": 1196, "eastings": 327072, "northings": 672458, "bicycle_pa": "stands", "capacity": 10, "covered": "no", "access": "yes", "fee": "no", "operator": "University of Edinburgh", "CECLand": " ", "SchoolCP": "", "InstalDate": 0, "Funder": "" }, "geometry": { "type": "Point", "coordinates": [ -3.169074540205689, 55.939612689762626 ] } },
{ "type": "Feature", "properties": { "OBJECTID": 1197, "eastings": 327053, "northings": 672399, "bicycle_pa": "stands", "capacity": 10, "covered": "no", "access": "yes", "fee": "no", "operator": "University of Edinburgh", "CECLand": " ", "SchoolCP": "", "InstalDate": 0, "Funder": "" }, "geometry": { "type": "Point", "coordinates": [ -3.169362635085966, 55.939079808592069 ] } },
{ "type": "Feature", "properties": { "OBJECTID": 1198, "eastings": 327013, "northings": 672406, "bicycle_pa": "stands", "capacity": 10, "covered": "no", "access": "yes", "fee": "no", "operator": "University of Edinburgh", "CECLand": " ", "SchoolCP": "", "InstalDate": 0, "Funder": "" }, "geometry": { "type": "Point", "coordinates": [ -3.170004718230479, 55.939136623309977 ] } },
{ "type": "Feature", "properties": { "OBJECTID": 1199, "eastings": 326943, "northings": 672389, "bicycle_pa": "stands", "capacity": 92, "covered": "yes", "access": "university", "fee": "no", "operator": "University of Edinburgh", "CECLand": " ", "SchoolCP": "", "InstalDate": 0, "Funder": "" }, "geometry": { "type": "Point", "coordinates": [ -3.171120425887781, 55.938973286637484 ] } },
{ "type": "Feature", "properties": { "OBJECTID": 1200, "eastings": 326975, "northings": 672199, "bicycle_pa": "stands", "capacity": 10, "covered": "no", "access": "yes", "fee": "no", "operator": "University of Edinburgh", "CECLand": " ", "SchoolCP": "", "InstalDate": 0, "Funder": "" }, "geometry": { "type": "Point", "coordinates": [ -3.170556715077878, 55.937271363878502 ] } },
{ "type": "Feature", "properties": { "OBJECTID": 1201, "eastings": 326948, "northings": 672200, "bicycle_pa": "stands", "capacity": 24, "covered": "yes", "access": "university", "fee": "no", "operator": "University of Edinburgh", "CECLand": " ", "SchoolCP": "", "InstalDate": 0, "Funder": "" }, "geometry": { "type": "Point", "coordinates": [ -3.17098909103635, 55.937276248235548 ] } },
{ "type": "Feature", "properties": { "OBJECTID": 1202, "eastings": 325249, "northings": 673926, "bicycle_pa": "stands", "capacity": 6, "covered": "no", "access": " ", "fee": " ", "operator": " ", "CECLand": "Y", "SchoolCP": "", "InstalDate": 0, "Funder": "" }, "geometry": { "type": "Point", "coordinates": [ -3.198658502238934, 55.952519267600366 ] } },
{ "type": "Feature", "properties": { "OBJECTID": 1203, "eastings": 325180, "northings": 673905, "bicycle_pa": "stands", "capacity": 6, "covered": "no", "access": " ", "fee": " ", "operator": " ", "CECLand": "Y", "SchoolCP": "", "InstalDate": 0, "Funder": "" }, "geometry": { "type": "Point", "coordinates": [ -3.199757348129868, 55.952319897936547 ] } },
{ "type": "Feature", "properties": { "OBJECTID": 1204, "eastings": 326859, "northings": 670548, "bicycle_pa": "shed", "capacity": 20, "covered": "yes", "access": "private", "fee": "no", "operator": "University of Edinburgh", "CECLand": " ", "SchoolCP": "", "InstalDate": 0, "Funder": "" }, "geometry": { "type": "Point", "coordinates": [ -3.171964659167662, 55.922422975792024 ] } },
{ "type": "Feature", "properties": { "OBJECTID": 1205, "eastings": 326744, "northings": 670725, "bicycle_pa": "shed", "capacity": 30, "covered": "yes", "access": "private", "fee": "no", "operator": "University of Edinburgh", "CECLand": " ", "SchoolCP": "", "InstalDate": 0, "Funder": "" }, "geometry": { "type": "Point", "coordinates": [ -3.173852531256851, 55.923995399472368 ] } },
{ "type": "Feature", "properties": { "OBJECTID": 1206, "eastings": 327826, "northings": 671398, "bicycle_pa": "stands", "capacity": 40, "covered": "no", "access": "yes", "fee": "no", "operator": "University of Edinburgh", "CECLand": " ", "SchoolCP": "", "InstalDate": 0, "Funder": "" }, "geometry": { "type": "Point", "coordinates": [ -3.156722594891836, 55.930204678985021 ] } },
{ "type": "Feature", "properties": { "OBJECTID": 1207, "eastings": 327881, "northings": 671467, "bicycle_pa": "stands", "capacity": 10, "covered": "no", "access": "yes", "fee": "no", "operator": "University of Edinburgh", "CECLand": " ", "SchoolCP": "", "InstalDate": 0, "Funder": "" }, "geometry": { "type": "Point", "coordinates": [ -3.155861021675336, 55.930832759334436 ] } },
{ "type": "Feature", "properties": { "OBJECTID": 1208, "eastings": 327893, "northings": 671498, "bicycle_pa": "stands", "capacity": 10, "covered": "no", "access": "yes", "fee": "no", "operator": "University of Edinburgh", "CECLand": " ", "SchoolCP": "", "InstalDate": 0, "Funder": "" }, "geometry": { "type": "Point", "coordinates": [ -3.155677308951995, 55.931113029322475 ] } },
{ "type": "Feature", "properties": { "OBJECTID": 1209, "eastings": 328017, "northings": 671581, "bicycle_pa": "stands", "capacity": 10, "covered": "no", "access": "yes", "fee": "no", "operator": "University of Edinburgh", "CECLand": " ", "SchoolCP": "", "InstalDate": 0, "Funder": "" }, "geometry": { "type": "Point", "coordinates": [ -3.153715327766178, 55.931877214229267 ] } },
{ "type": "Feature", "properties": { "OBJECTID": 1210, "eastings": 327928, "northings": 671510, "bicycle_pa": "stands", "capacity": 24, "covered": "no", "access": "yes", "fee": "no", "operator": "University of Edinburgh", "CECLand": " ", "SchoolCP": "", "InstalDate": 0, "Funder": "" }, "geometry": { "type": "Point", "coordinates": [ -3.15512047268229, 55.931226079404162 ] } },
{ "type": "Feature", "properties": { "OBJECTID": 1211, "eastings": 318005, "northings": 667691, "bicycle_pa": "stands", "capacity": 10, "covered": "no", "access": "yes", "fee": " ", "operator": " ", "CECLand": "Y", "SchoolCP": "", "InstalDate": 0, "Funder": "" }, "geometry": { "type": "Point", "coordinates": [ -3.312735216209484, 55.895331142393715 ] } },
{ "type": "Feature", "properties": { "OBJECTID": 1212, "eastings": 325199, "northings": 675032, "bicycle_pa": "stands", "capacity": 6, "covered": "no", "access": " ", "fee": " ", "operator": " ", "CECLand": "Y", "SchoolCP": "", "InstalDate": 0, "Funder": "" }, "geometry": { "type": "Point", "coordinates": [ -3.199766159250033, 55.962446041405094 ] } },
{ "type": "Feature", "properties": { "OBJECTID": 1213, "eastings": 326365, "northings": 672968, "bicycle_pa": "stands", "capacity": 4, "covered": "no", "access": " ", "fee": " ", "operator": " ", "CECLand": "Y", "SchoolCP": "", "InstalDate": 0, "Funder": "" }, "geometry": { "type": "Point", "coordinates": [ -3.180529412565525, 55.944086236501491 ] } },
{ "type": "Feature", "properties": { "OBJECTID": 1214, "eastings": 322869, "northings": 670604, "bicycle_pa": "stands", "capacity": 20, "covered": "no", "access": "yes", "fee": "no", "operator": " ", "CECLand": "Y", "SchoolCP": "", "InstalDate": 0, "Funder": "" }, "geometry": { "type": "Point", "coordinates": [ -3.235809622452909, 55.922302180433611 ] } },
{ "type": "Feature", "properties": { "OBJECTID": 1215, "eastings": 319568, "northings": 668413, "bicycle_pa": "stands", "capacity": 0, "covered": " ", "access": "private", "fee": " ", "operator": " ", "CECLand": " ", "SchoolCP": "", "InstalDate": 0, "Funder": "" }, "geometry": { "type": "Point", "coordinates": [ -3.287964042812255, 55.902080352623607 ] } },
{ "type": "Feature", "properties": { "OBJECTID": 1216, "eastings": 324474, "northings": 672811, "bicycle_pa": "stands", "capacity": 10, "covered": "no", "access": "yes", "fee": " ", "operator": " ", "CECLand": " ", "SchoolCP": "Y", "InstalDate": 0, "Funder": "" }, "geometry": { "type": "Point", "coordinates": [ -3.210753449178672, 55.942382674383119 ] } },
{ "type": "Feature", "properties": { "OBJECTID": 1217, "eastings": 323903, "northings": 672931, "bicycle_pa": "stands", "capacity": 6, "covered": "no", "access": " ", "fee": " ", "operator": " ", "CECLand": "Y", "SchoolCP": "", "InstalDate": 0, "Funder": "" }, "geometry": { "type": "Point", "coordinates": [ -3.219926531209094, 55.943370486183781 ] } },
{ "type": "Feature", "properties": { "OBJECTID": 1218, "eastings": 313848, "northings": 677945, "bicycle_pa": "stands", "capacity": 20, "covered": "yes", "access": "yes", "fee": " ", "operator": " ", "CECLand": "Y", "SchoolCP": "", "InstalDate": 0, "Funder": "" }, "geometry": { "type": "Point", "coordinates": [ -3.382464909553465, 55.98670666654121 ] } },
{ "type": "Feature", "properties": { "OBJECTID": 1219, "eastings": 317761, "northings": 674845, "bicycle_pa": "stands", "capacity": 4, "covered": "no", "access": "yes", "fee": " ", "operator": " ", "CECLand": "Y", "SchoolCP": "", "InstalDate": 0, "Funder": "" }, "geometry": { "type": "Point", "coordinates": [ -3.318817241788746, 55.959547907876797 ] } },
{ "type": "Feature", "properties": { "OBJECTID": 1220, "eastings": 331262, "northings": 671784, "bicycle_pa": "stands", "capacity": 8, "covered": "no", "access": " ", "fee": " ", "operator": " ", "CECLand": " ", "SchoolCP": "", "InstalDate": 0, "Funder": "" }, "geometry": { "type": "Point", "coordinates": [ -3.101841355469849, 55.934176550747722 ] } },
{ "type": "Feature", "properties": { "OBJECTID": 1221, "eastings": 322043, "northings": 676460, "bicycle_pa": "stands", "capacity": 6, "covered": "no", "access": " ", "fee": " ", "operator": " ", "CECLand": " ", "SchoolCP": "", "InstalDate": 0, "Funder": "" }, "geometry": { "type": "Point", "coordinates": [ -3.250720192350431, 55.974769989679558 ] } },
{ "type": "Feature", "properties": { "OBJECTID": 1222, "eastings": 316360, "northings": 666453, "bicycle_pa": "wall_loops", "capacity": 9, "covered": " ", "access": " ", "fee": " ", "operator": " ", "CECLand": "Y", "SchoolCP": "", "InstalDate": 0, "Funder": "" }, "geometry": { "type": "Point", "coordinates": [ -3.338648570560355, 55.88392787061872 ] } },
{ "type": "Feature", "properties": { "OBJECTID": 1223, "eastings": 329141, "northings": 671591, "bicycle_pa": "stands", "capacity": 6, "covered": "no", "access": " ", "fee": " ", "operator": " ", "CECLand": " ", "SchoolCP": "", "InstalDate": 0, "Funder": "" }, "geometry": { "type": "Point", "coordinates": [ -3.135731945528444, 55.932134289418265 ] } },
{ "type": "Feature", "properties": { "OBJECTID": 1224, "eastings": 329175, "northings": 671552, "bicycle_pa": "stands", "capacity": 6, "covered": "no", "access": " ", "fee": " ", "operator": " ", "CECLand": " ", "SchoolCP": "", "InstalDate": 0, "Funder": "" }, "geometry": { "type": "Point", "coordinates": [ -3.135177620741666, 55.931788975312614 ] } },
{ "type": "Feature", "properties": { "OBJECTID": 1225, "eastings": 329134, "northings": 671539, "bicycle_pa": "stands", "capacity": 10, "covered": "no", "access": " ", "fee": " ", "operator": " ", "CECLand": " ", "SchoolCP": "", "InstalDate": 0, "Funder": "" }, "geometry": { "type": "Point", "coordinates": [ -3.135830271491307, 55.931666146374184 ] } },
{ "type": "Feature", "properties": { "OBJECTID": 1226, "eastings": 329106, "northings": 671509, "bicycle_pa": "stands", "capacity": 12, "covered": "no", "access": " ", "fee": " ", "operator": " ", "CECLand": " ", "SchoolCP": "", "InstalDate": 0, "Funder": "" }, "geometry": { "type": "Point", "coordinates": [ -3.136270420013512, 55.93139252534904 ] } },
{ "type": "Feature", "properties": { "OBJECTID": 1227, "eastings": 329089, "northings": 671522, "bicycle_pa": "stands", "capacity": 4, "covered": "no", "access": " ", "fee": " ", "operator": " ", "CECLand": " ", "SchoolCP": "", "InstalDate": 0, "Funder": "" }, "geometry": { "type": "Point", "coordinates": [ -3.136545871173187, 55.931506791576425 ] } },
{ "type": "Feature", "properties": { "OBJECTID": 1228, "eastings": 329086, "northings": 671541, "bicycle_pa": "stands", "capacity": 8, "covered": "no", "access": " ", "fee": " ", "operator": " ", "CECLand": " ", "SchoolCP": "", "InstalDate": 0, "Funder": "" }, "geometry": { "type": "Point", "coordinates": [ -3.136598880593541, 55.93167702299035 ] } },
{ "type": "Feature", "properties": { "OBJECTID": 1229, "eastings": 329057, "northings": 671607, "bicycle_pa": "stands", "capacity": 6, "covered": "no", "access": " ", "fee": " ", "operator": " ", "CECLand": " ", "SchoolCP": "", "InstalDate": 0, "Funder": "" }, "geometry": { "type": "Point", "coordinates": [ -3.137080321891077, 55.932265607254983 ] } },
{ "type": "Feature", "properties": { "OBJECTID": 1230, "eastings": 329580, "northings": 671809, "bicycle_pa": "stands", "capacity": 40, "covered": "yes", "access": "private", "fee": " ", "operator": " ", "CECLand": " ", "SchoolCP": "Y", "InstalDate": 0, "Funder": "" }, "geometry": { "type": "Point", "coordinates": [ -3.128764157511639, 55.934157179635896 ] } },
{ "type": "Feature", "properties": { "OBJECTID": 1231, "eastings": 321798, "northings": 676147, "bicycle_pa": "stands", "capacity": 20, "covered": "no", "access": "yes", "fee": " ", "operator": " ", "CECLand": " ", "SchoolCP": "", "InstalDate": 0, "Funder": "" }, "geometry": { "type": "Point", "coordinates": [ -3.25455372704332, 55.971918622452478 ] } },
{ "type": "Feature", "properties": { "OBJECTID": 1232, "eastings": 322159, "northings": 671003, "bicycle_pa": "stands", "capacity": 22, "covered": "no", "access": "yes", "fee": "no", "operator": " ", "CECLand": " ", "SchoolCP": "", "InstalDate": 0, "Funder": "" }, "geometry": { "type": "Point", "coordinates": [ -3.247283186935282, 55.925771724913069 ] } },
{ "type": "Feature", "properties": { "OBJECTID": 1233, "eastings": 327318, "northings": 667877, "bicycle_pa": "stands", "capacity": 6, "covered": " ", "access": " ", "fee": " ", "operator": " ", "CECLand": " ", "SchoolCP": "Y", "InstalDate": 0, "Funder": "" }, "geometry": { "type": "Point", "coordinates": [ -3.163901441007647, 55.89849970015095 ] } },
{ "type": "Feature", "properties": { "OBJECTID": 1234, "eastings": 325862, "northings": 674103, "bicycle_pa": "stands", "capacity": 40, "covered": "no", "access": " ", "fee": " ", "operator": " ", "CECLand": " ", "SchoolCP": "", "InstalDate": 0, "Funder": "" }, "geometry": { "type": "Point", "coordinates": [ -3.188893174372722, 55.954204133076878 ] } },
{ "type": "Feature", "properties": { "OBJECTID": 1235, "eastings": 325859, "northings": 674114, "bicycle_pa": "stands", "capacity": 16, "covered": "no", "access": " ", "fee": " ", "operator": " ", "CECLand": " ", "SchoolCP": "", "InstalDate": 0, "Funder": "" }, "geometry": { "type": "Point", "coordinates": [ -3.188944234955846, 55.954302477327737 ] } },
{ "type": "Feature", "properties": { "OBJECTID": 1236, "eastings": 319871, "northings": 675320, "bicycle_pa": "rack", "capacity": 20, "covered": "yes", "access": " ", "fee": " ", "operator": "The Royal High School", "CECLand": " ", "SchoolCP": "", "InstalDate": 0, "Funder": "" }, "geometry": { "type": "Point", "coordinates": [ -3.285172783470229, 55.964171843558397 ] } },
{ "type": "Feature", "properties": { "OBJECTID": 1237, "eastings": 319873, "northings": 675311, "bicycle_pa": "rack", "capacity": 20, "covered": "yes", "access": " ", "fee": " ", "operator": "The Royal High School", "CECLand": " ", "SchoolCP": "", "InstalDate": 0, "Funder": "" }, "geometry": { "type": "Point", "coordinates": [ -3.28513807416823, 55.964091339073214 ] } },
{ "type": "Feature", "properties": { "OBJECTID": 1238, "eastings": 319869, "northings": 675330, "bicycle_pa": "rack", "capacity": 20, "covered": "yes", "access": " ", "fee": " ", "operator": "The Royal High School", "CECLand": " ", "SchoolCP": "", "InstalDate": 0, "Funder": "" }, "geometry": { "type": "Point", "coordinates": [ -3.285207790814698, 55.964261330146073 ] } },
{ "type": "Feature", "properties": { "OBJECTID": 1239, "eastings": 319867, "northings": 675339, "bicycle_pa": "rack", "capacity": 20, "covered": "yes", "access": " ", "fee": " ", "operator": "The Royal High School", "CECLand": " ", "SchoolCP": "", "InstalDate": 0, "Funder": "" }, "geometry": { "type": "Point", "coordinates": [ -3.285242500414248, 55.964341834615574 ] } },
{ "type": "Feature", "properties": { "OBJECTID": 1240, "eastings": 318455, "northings": 671073, "bicycle_pa": "stands", "capacity": 5, "covered": "yes", "access": "yes", "fee": "no", "operator": " ", "CECLand": " ", "SchoolCP": "", "InstalDate": 0, "Funder": "" }, "geometry": { "type": "Point", "coordinates": [ -3.306563325723568, 55.925785666256672 ] } },
{ "type": "Feature", "properties": { "OBJECTID": 1241, "eastings": 322158, "northings": 672028, "bicycle_pa": " ", "capacity": 4, "covered": " ", "access": " ", "fee": " ", "operator": " ", "CECLand": "Y", "SchoolCP": "", "InstalDate": 0, "Funder": "" }, "geometry": { "type": "Point", "coordinates": [ -3.247596065169847, 55.934979331123458 ] } },
{ "type": "Feature", "properties": { "OBJECTID": 1242, "eastings": 325991, "northings": 674157, "bicycle_pa": "stands", "capacity": 10, "covered": "no", "access": " ", "fee": " ", "operator": " ", "CECLand": " ", "SchoolCP": "", "InstalDate": 0, "Funder": "" }, "geometry": { "type": "Point", "coordinates": [ -3.186842653817147, 55.954709073890825 ] } },
{ "type": "Feature", "properties": { "OBJECTID": 1243, "eastings": 328234, "northings": 674239, "bicycle_pa": "stands", "capacity": 20, "covered": "yes", "access": " ", "fee": " ", "operator": " ", "CECLand": " ", "SchoolCP": "", "InstalDate": 0, "Funder": "" }, "geometry": { "type": "Point", "coordinates": [ -3.150951782909942, 55.955786013792185 ] } },
{ "type": "Feature", "properties": { "OBJECTID": 1244, "eastings": 328229, "northings": 674240, "bicycle_pa": "rack", "capacity": 40, "covered": "yes", "access": " ", "fee": " ", "operator": " ", "CECLand": " ", "SchoolCP": "", "InstalDate": 0, "Funder": "" }, "geometry": { "type": "Point", "coordinates": [ -3.151032107215729, 55.955794248134147 ] } },
{ "type": "Feature", "properties": { "OBJECTID": 1245, "eastings": 325726, "northings": 673318, "bicycle_pa": "stands", "capacity": 10, "covered": "no", "access": "yes", "fee": " ", "operator": " ", "CECLand": "Y", "SchoolCP": "", "InstalDate": 0, "Funder": "" }, "geometry": { "type": "Point", "coordinates": [ -3.190854095862828, 55.947131863425604 ] } },
{ "type": "Feature", "properties": { "OBJECTID": 1246, "eastings": 328145, "northings": 675976, "bicycle_pa": " ", "capacity": 4, "covered": "no", "access": "customers", "fee": " ", "operator": " ", "CECLand": " ", "SchoolCP": "", "InstalDate": 0, "Funder": "" }, "geometry": { "type": "Point", "coordinates": [ -3.152840493720429, 55.971375746216296 ] } },
{ "type": "Feature", "properties": { "OBJECTID": 1247, "eastings": 326799, "northings": 677129, "bicycle_pa": "lockers", "capacity": 12, "covered": " ", "access": "private", "fee": " ", "operator": " ", "CECLand": " ", "SchoolCP": "", "InstalDate": 0, "Funder": "" }, "geometry": { "type": "Point", "coordinates": [ -3.174714547509766, 55.981529213494255 ] } },
{ "type": "Feature", "properties": { "OBJECTID": 1248, "eastings": 327707, "northings": 676183, "bicycle_pa": "stands", "capacity": 60, "covered": "yes", "access": "private", "fee": " ", "operator": " ", "CECLand": " ", "SchoolCP": "", "InstalDate": 0, "Funder": "" }, "geometry": { "type": "Point", "coordinates": [ -3.159912039671544, 55.973169315214811 ] } },
{ "type": "Feature", "properties": { "OBJECTID": 1249, "eastings": 327624, "northings": 676221, "bicycle_pa": "stands", "capacity": 60, "covered": "yes", "access": "private", "fee": " ", "operator": " ", "CECLand": " ", "SchoolCP": "", "InstalDate": 0, "Funder": "" }, "geometry": { "type": "Point", "coordinates": [ -3.161251827986786, 55.973498132695958 ] } },
{ "type": "Feature", "properties": { "OBJECTID": 1250, "eastings": 323020, "northings": 672300, "bicycle_pa": "stands", "capacity": 2, "covered": "no", "access": "yes", "fee": "no", "operator": " ", "CECLand": "Y", "SchoolCP": "", "InstalDate": 0, "Funder": "" }, "geometry": { "type": "Point", "coordinates": [ -3.23387957996773, 55.937561771333286 ] } },
{ "type": "Feature", "properties": { "OBJECTID": 1251, "eastings": 323246, "northings": 672482, "bicycle_pa": "stands", "capacity": 4, "covered": "no", "access": "permissive", "fee": "no", "operator": " ", "CECLand": " ", "SchoolCP": "", "InstalDate": 0, "Funder": "" }, "geometry": { "type": "Point", "coordinates": [ -3.230314635112422, 55.939232771842562 ] } },
{ "type": "Feature", "properties": { "OBJECTID": 1252, "eastings": 323238, "northings": 672592, "bicycle_pa": "stands", "capacity": 0, "covered": "yes", "access": "private", "fee": "no", "operator": " ", "CECLand": " ", "SchoolCP": "", "InstalDate": 0, "Funder": "" }, "geometry": { "type": "Point", "coordinates": [ -3.230474027428801, 55.940219564147846 ] } },
{ "type": "Feature", "properties": { "OBJECTID": 1253, "eastings": 322325, "northings": 676723, "bicycle_pa": "stands", "capacity": 15, "covered": "yes", "access": "customers", "fee": "no", "operator": " ", "CECLand": " ", "SchoolCP": "", "InstalDate": 0, "Funder": "" }, "geometry": { "type": "Point", "coordinates": [ -3.246278809711546, 55.977178131387348 ] } },
{ "type": "Feature", "properties": { "OBJECTID": 1254, "eastings": 327417, "northings": 674473, "bicycle_pa": "stands", "capacity": 6, "covered": "no", "access": " ", "fee": " ", "operator": " ", "CECLand": " ", "SchoolCP": "", "InstalDate": 0, "Funder": "" }, "geometry": { "type": "Point", "coordinates": [ -3.16409624175753, 55.957765129627091 ] } },
{ "type": "Feature", "properties": { "OBJECTID": 1255, "eastings": 318099, "northings": 672671, "bicycle_pa": "anchors", "capacity": 10, "covered": " ", "access": " ", "fee": " ", "operator": " ", "CECLand": " ", "SchoolCP": "", "InstalDate": 0, "Funder": "" }, "geometry": { "type": "Point", "coordinates": [ -3.312744172585777, 55.940078595625465 ] } },
{ "type": "Feature", "properties": { "OBJECTID": 1256, "eastings": 326257, "northings": 672372, "bicycle_pa": "shed", "capacity": 0, "covered": "yes", "access": "private", "fee": "no", "operator": "University of Edinburgh: Accommodation, Catering and, Events", "CECLand": " ", "SchoolCP": "", "InstalDate": 0, "Funder": "" }, "geometry": { "type": "Point", "coordinates": [ -3.182094857263406, 55.938715914666979 ] } },
{ "type": "Feature", "properties": { "OBJECTID": 1257, "eastings": 324248, "northings": 672895, "bicycle_pa": "stands", "capacity": 8, "covered": "no", "access": " ", "fee": " ", "operator": " ", "CECLand": " ", "SchoolCP": "", "InstalDate": 0, "Funder": "" }, "geometry": { "type": "Point", "coordinates": [ -3.214394320360449, 55.943101638463901 ] } },
{ "type": "Feature", "properties": { "OBJECTID": 1258, "eastings": 324263, "northings": 672917, "bicycle_pa": "stands", "capacity": 4, "covered": "no", "access": " ", "fee": " ", "operator": " ", "CECLand": " ", "SchoolCP": "", "InstalDate": 0, "Funder": "" }, "geometry": { "type": "Point", "coordinates": [ -3.214160415087329, 55.943301614192862 ] } },
{ "type": "Feature", "properties": { "OBJECTID": 1259, "eastings": 324213, "northings": 672865, "bicycle_pa": "stands", "capacity": 10, "covered": "no", "access": " ", "fee": " ", "operator": " ", "CECLand": " ", "SchoolCP": "", "InstalDate": 0, "Funder": "" }, "geometry": { "type": "Point", "coordinates": [ -3.214946089276915, 55.942826650927749 ] } },
{ "type": "Feature", "properties": { "OBJECTID": 1260, "eastings": 324303, "northings": 672871, "bicycle_pa": "stands", "capacity": 10, "covered": "no", "access": " ", "fee": " ", "operator": " ", "CECLand": " ", "SchoolCP": "", "InstalDate": 0, "Funder": "" }, "geometry": { "type": "Point", "coordinates": [ -3.21350725657151, 55.942894724556055 ] } },
{ "type": "Feature", "properties": { "OBJECTID": 1261, "eastings": 324293, "northings": 672854, "bicycle_pa": "stands", "capacity": 8, "covered": "no", "access": " ", "fee": " ", "operator": " ", "CECLand": " ", "SchoolCP": "", "InstalDate": 0, "Funder": "" }, "geometry": { "type": "Point", "coordinates": [ -3.213662538825801, 55.942740449347149 ] } },
{ "type": "Feature", "properties": { "OBJECTID": 1262, "eastings": 318098, "northings": 665241, "bicycle_pa": "stands", "capacity": 2, "covered": " ", "access": " ", "fee": " ", "operator": " ", "CECLand": "Y", "SchoolCP": "", "InstalDate": 0, "Funder": "" }, "geometry": { "type": "Point", "coordinates": [ -3.310506562024939, 55.87334024935295 ] } },
{ "type": "Feature", "properties": { "OBJECTID": 1263, "eastings": 324232, "northings": 672933, "bicycle_pa": "stands", "capacity": 10, "covered": "no", "access": " ", "fee": " ", "operator": " ", "CECLand": " ", "SchoolCP": "", "InstalDate": 0, "Funder": "" }, "geometry": { "type": "Point", "coordinates": [ -3.214661097489241, 55.9434404473174 ] } },
{ "type": "Feature", "properties": { "OBJECTID": 1264, "eastings": 325470, "northings": 675510, "bicycle_pa": "stands", "capacity": 16, "covered": "yes", "access": " ", "fee": " ", "operator": " ", "CECLand": " ", "SchoolCP": "", "InstalDate": 0, "Funder": "" }, "geometry": { "type": "Point", "coordinates": [ -3.195558755642477, 55.96678176714672 ] } },
{ "type": "Feature", "properties": { "OBJECTID": 1265, "eastings": 322942, "northings": 677178, "bicycle_pa": "stands", "capacity": 14, "covered": " ", "access": " ", "fee": " ", "operator": " ", "CECLand": "Y", "SchoolCP": "", "InstalDate": 0, "Funder": "" }, "geometry": { "type": "Point", "coordinates": [ -3.23652480456583, 55.981364712802879 ] } },
{ "type": "Feature", "properties": { "OBJECTID": 1266, "eastings": 322542, "northings": 676892, "bicycle_pa": "stands", "capacity": 16, "covered": "no", "access": "yes", "fee": " ", "operator": " ", "CECLand": " ", "SchoolCP": "", "InstalDate": 0, "Funder": "" }, "geometry": { "type": "Point", "coordinates": [ -3.242851142985754, 55.97873127117218 ] } },
{ "type": "Feature", "properties": { "OBJECTID": 1267, "eastings": 326451, "northings": 673613, "bicycle_pa": "stands", "capacity": 10, "covered": "no", "access": "yes", "fee": "no", "operator": "University of Edinburgh", "CECLand": "Y", "SchoolCP": "", "InstalDate": 0, "Funder": "" }, "geometry": { "type": "Point", "coordinates": [ -3.179329048161017, 55.949893215131581 ] } },
{ "type": "Feature", "properties": { "OBJECTID": 1268, "eastings": 326976, "northings": 676403, "bicycle_pa": "stands", "capacity": 3, "covered": "no", "access": "yes", "fee": "no", "operator": " ", "CECLand": "Y", "SchoolCP": "", "InstalDate": 0, "Funder": "" }, "geometry": { "type": "Point", "coordinates": [ -3.171681461296842, 55.975034711487616 ] } },
{ "type": "Feature", "properties": { "OBJECTID": 1269, "eastings": 312891, "northings": 678413, "bicycle_pa": "stands", "capacity": 6, "covered": "no", "access": " ", "fee": " ", "operator": " ", "CECLand": "Y", "SchoolCP": "", "InstalDate": 0, "Funder": "" }, "geometry": { "type": "Point", "coordinates": [ -3.397950617718733, 55.990737519277921 ] } },
{ "type": "Feature", "properties": { "OBJECTID": 1270, "eastings": 322352, "northings": 671061, "bicycle_pa": "stands", "capacity": 6, "covered": "no", "access": " ", "fee": " ", "operator": " ", "CECLand": " ", "SchoolCP": "", "InstalDate": 0, "Funder": "" }, "geometry": { "type": "Point", "coordinates": [ -3.244212138699584, 55.926324025837232 ] } },
{ "type": "Feature", "properties": { "OBJECTID": 1271, "eastings": 323666, "northings": 671618, "bicycle_pa": "stands", "capacity": 10, "covered": "yes", "access": "private", "fee": " ", "operator": " ", "CECLand": " ", "SchoolCP": "", "InstalDate": 0, "Funder": "" }, "geometry": { "type": "Point", "coordinates": [ -3.223347896173979, 55.931538736822397 ] } },
{ "type": "Feature", "properties": { "OBJECTID": 1272, "eastings": 323667, "northings": 671595, "bicycle_pa": "stands", "capacity": 10, "covered": "yes", "access": "private", "fee": " ", "operator": " ", "CECLand": " ", "SchoolCP": "", "InstalDate": 0, "Funder": "" }, "geometry": { "type": "Point", "coordinates": [ -3.223325365399788, 55.931332281474731 ] } },
{ "type": "Feature", "properties": { "OBJECTID": 1273, "eastings": 323683, "northings": 671588, "bicycle_pa": "stands", "capacity": 10, "covered": "yes", "access": "private", "fee": " ", "operator": " ", "CECLand": " ", "SchoolCP": "", "InstalDate": 0, "Funder": "" }, "geometry": { "type": "Point", "coordinates": [ -3.223067366151169, 55.931271944701663 ] } },
{ "type": "Feature", "properties": { "OBJECTID": 1274, "eastings": 325898, "northings": 670616, "bicycle_pa": "stands", "capacity": 8, "covered": "no", "access": "private", "fee": "no", "operator": " ", "CECLand": " ", "SchoolCP": "", "InstalDate": 0, "Funder": "" }, "geometry": { "type": "Point", "coordinates": [ -3.187357112036123, 55.922886559854341 ] } },
{ "type": "Feature", "properties": { "OBJECTID": 1275, "eastings": 325870, "northings": 670577, "bicycle_pa": "wall_loops", "capacity": 0, "covered": "yes", "access": "private", "fee": "no", "operator": " ", "CECLand": " ", "SchoolCP": "", "InstalDate": 0, "Funder": "" }, "geometry": { "type": "Point", "coordinates": [ -3.187794320514361, 55.92253191951491 ] } },
{ "type": "Feature", "properties": { "OBJECTID": 1276, "eastings": 327825, "northings": 674296, "bicycle_pa": "shed", "capacity": 40, "covered": "yes", "access": "yes", "fee": "no", "operator": " ", "CECLand": " ", "SchoolCP": "", "InstalDate": 0, "Funder": "" }, "geometry": { "type": "Point", "coordinates": [ -3.15751576382431, 55.956236714077107 ] } },
{ "type": "Feature", "properties": { "OBJECTID": 1277, "eastings": 325939, "northings": 673615, "bicycle_pa": "stands", "capacity": 6, "covered": "no", "access": " ", "fee": " ", "operator": " ", "CECLand": "Y", "SchoolCP": "", "InstalDate": 0, "Funder": "" }, "geometry": { "type": "Point", "coordinates": [ -3.187526144769008, 55.949832557736087 ] } },
{ "type": "Feature", "properties": { "OBJECTID": 1278, "eastings": 324202, "northings": 671140, "bicycle_pa": "shed", "capacity": 20, "covered": "yes", "access": "private", "fee": " ", "operator": " ", "CECLand": " ", "SchoolCP": "", "InstalDate": 0, "Funder": "" }, "geometry": { "type": "Point", "coordinates": [ -3.214636724534625, 55.92732969092981 ] } },
{ "type": "Feature", "properties": { "OBJECTID": 1279, "eastings": 324191, "northings": 671137, "bicycle_pa": "stands", "capacity": 8, "covered": "no", "access": " ", "fee": "no", "operator": " ", "CECLand": " ", "SchoolCP": "", "InstalDate": 0, "Funder": "" }, "geometry": { "type": "Point", "coordinates": [ -3.214811873894161, 55.927301009637645 ] } },
{ "type": "Feature", "properties": { "OBJECTID": 1280, "eastings": 317123, "northings": 673651, "bicycle_pa": "stands", "capacity": 6, "covered": " ", "access": " ", "fee": " ", "operator": " ", "CECLand": " ", "SchoolCP": "", "InstalDate": 0, "Funder": "" }, "geometry": { "type": "Point", "coordinates": [ -3.328665476491133, 55.948713517744146 ] } },
{ "type": "Feature", "properties": { "OBJECTID": 1281, "eastings": 326562, "northings": 672639, "bicycle_pa": "stands", "capacity": 4, "covered": " ", "access": " ", "fee": " ", "operator": " ", "CECLand": " ", "SchoolCP": "", "InstalDate": 0, "Funder": "" }, "geometry": { "type": "Point", "coordinates": [ -3.177286382111657, 55.941161036873979 ] } },
{ "type": "Feature", "properties": { "OBJECTID": 1282, "eastings": 326043, "northings": 676856, "bicycle_pa": "stands", "capacity": 6, "covered": "no", "access": " ", "fee": " ", "operator": " ", "CECLand": "Y", "SchoolCP": "", "InstalDate": 0, "Funder": "" }, "geometry": { "type": "Point", "coordinates": [ -3.186751994297291, 55.978960878983962 ] } },
{ "type": "Feature", "properties": { "OBJECTID": 1283, "eastings": 323184, "northings": 677082, "bicycle_pa": "stands", "capacity": 4, "covered": "no", "access": "yes", "fee": " ", "operator": " ", "CECLand": " ", "SchoolCP": "", "InstalDate": 0, "Funder": "" }, "geometry": { "type": "Point", "coordinates": [ -3.232620034798619, 55.980541265740058 ] } },
{ "type": "Feature", "properties": { "OBJECTID": 1284, "eastings": 320870, "northings": 672847, "bicycle_pa": "stands", "capacity": 2, "covered": "no", "access": "yes", "fee": "no", "operator": " ", "CECLand": "Y", "SchoolCP": "", "InstalDate": 0, "Funder": "" }, "geometry": { "type": "Point", "coordinates": [ -3.268447645140033, 55.942124957453167 ] } },
{ "type": "Feature", "properties": { "OBJECTID": 1285, "eastings": 321844, "northings": 672381, "bicycle_pa": "stands", "capacity": 6, "covered": "no", "access": "yes", "fee": "no", "operator": " ", "CECLand": "Y", "SchoolCP": "", "InstalDate": 0, "Funder": "" }, "geometry": { "type": "Point", "coordinates": [ -3.252723229022421, 55.938099029807105 ] } },
{ "type": "Feature", "properties": { "OBJECTID": 1286, "eastings": 321918, "northings": 672521, "bicycle_pa": "stands", "capacity": 6, "covered": "no", "access": "yes", "fee": "no", "operator": " ", "CECLand": "Y", "SchoolCP": "", "InstalDate": 0, "Funder": "" }, "geometry": { "type": "Point", "coordinates": [ -3.251579517030467, 55.939368634343076 ] } },
{ "type": "Feature", "properties": { "OBJECTID": 1287, "eastings": 321918, "northings": 672521, "bicycle_pa": "stands", "capacity": 6, "covered": "no", "access": "yes", "fee": "no", "operator": " ", "CECLand": "Y", "SchoolCP": "", "InstalDate": 0, "Funder": "" }, "geometry": { "type": "Point", "coordinates": [ -3.251579517030467, 55.939368634343076 ] } },
{ "type": "Feature", "properties": { "OBJECTID": 1288, "eastings": 326201, "northings": 674046, "bicycle_pa": "stands", "capacity": 10, "covered": "no", "access": "yes", "fee": "no", "operator": " ", "CECLand": " ", "SchoolCP": "", "InstalDate": 0, "Funder": "" }, "geometry": { "type": "Point", "coordinates": [ -3.183449952731683, 55.95374431737978 ] } },
{ "type": "Feature", "properties": { "OBJECTID": 1289, "eastings": 326111, "northings": 674011, "bicycle_pa": "two-tier", "capacity": 20, "covered": "yes", "access": "private", "fee": "no", "operator": " ", "CECLand": " ", "SchoolCP": "", "InstalDate": 0, "Funder": "" }, "geometry": { "type": "Point", "coordinates": [ -3.184881289688034, 55.953416100092646 ] } },
{ "type": "Feature", "properties": { "OBJECTID": 1290, "eastings": 326103, "northings": 674013, "bicycle_pa": "two-tier", "capacity": 20, "covered": "yes", "access": "private", "fee": "no", "operator": " ", "CECLand": " ", "SchoolCP": "", "InstalDate": 0, "Funder": "" }, "geometry": { "type": "Point", "coordinates": [ -3.185009920820775, 55.953432834804069 ] } },
{ "type": "Feature", "properties": { "OBJECTID": 1291, "eastings": 324831, "northings": 671231, "bicycle_pa": " ", "capacity": 36, "covered": "no", "access": "customers", "fee": " ", "operator": "Canaan Lane Primary School", "CECLand": " ", "SchoolCP": "Y", "InstalDate": 0, "Funder": "" }, "geometry": { "type": "Point", "coordinates": [ -3.204598430571616, 55.928245774034956 ] } },
{ "type": "Feature", "properties": { "OBJECTID": 1292, "eastings": 327339, "northings": 676394, "bicycle_pa": "stands", "capacity": 6, "covered": "no", "access": "yes", "fee": "no", "operator": " ", "CECLand": " ", "SchoolCP": "", "InstalDate": 0, "Funder": "" }, "geometry": { "type": "Point", "coordinates": [ -3.165863971641398, 55.975009020087107 ] } },
{ "type": "Feature", "properties": { "OBJECTID": 1293, "eastings": 326634, "northings": 676253, "bicycle_pa": "stands", "capacity": 2, "covered": "no", "access": "yes", "fee": "no", "operator": " ", "CECLand": "Y", "SchoolCP": "", "InstalDate": 0, "Funder": "" }, "geometry": { "type": "Point", "coordinates": [ -3.177119134996194, 55.973635118970371 ] } },
{ "type": "Feature", "properties": { "OBJECTID": 1294, "eastings": 324814, "northings": 671271, "bicycle_pa": " ", "capacity": 0, "covered": "yes", "access": "private", "fee": " ", "operator": "Canaan Lane Primary School", "CECLand": " ", "SchoolCP": "Y", "InstalDate": 0, "Funder": "" }, "geometry": { "type": "Point", "coordinates": [ -3.204881600166901, 55.928602443854892 ] } },
{ "type": "Feature", "properties": { "OBJECTID": 1295, "eastings": 315221, "northings": 673538, "bicycle_pa": "stands", "capacity": 10, "covered": "yes", "access": " ", "fee": " ", "operator": " ", "CECLand": " ", "SchoolCP": "", "InstalDate": 0, "Funder": "" }, "geometry": { "type": "Point", "coordinates": [ -3.359076061883851, 55.947366680692838 ] } },
{ "type": "Feature", "properties": { "OBJECTID": 1296, "eastings": 326681, "northings": 676510, "bicycle_pa": "stands", "capacity": 10, "covered": "no", "access": "yes", "fee": "no", "operator": " ", "CECLand": " ", "SchoolCP": "", "InstalDate": 0, "Funder": "" }, "geometry": { "type": "Point", "coordinates": [ -3.176436325674697, 55.975950852460478 ] } },
{ "type": "Feature", "properties": { "OBJECTID": 1297, "eastings": 326694, "northings": 676515, "bicycle_pa": "stands", "capacity": 8, "covered": "no", "access": "yes", "fee": "no", "operator": " ", "CECLand": " ", "SchoolCP": "", "InstalDate": 0, "Funder": "" }, "geometry": { "type": "Point", "coordinates": [ -3.176229433167439, 55.975997753909155 ] } },
{ "type": "Feature", "properties": { "OBJECTID": 1298, "eastings": 326808, "northings": 676509, "bicycle_pa": "stands", "capacity": 8, "covered": "no", "access": "yes", "fee": "no", "operator": " ", "CECLand": " ", "SchoolCP": "", "InstalDate": 0, "Funder": "" }, "geometry": { "type": "Point", "coordinates": [ -3.174401554241296, 55.975961272639026 ] } },
{ "type": "Feature", "properties": { "OBJECTID": 1299, "eastings": 330505, "northings": 671934, "bicycle_pa": "stands", "capacity": 6, "covered": "no", "access": " ", "fee": " ", "operator": " ", "CECLand": " ", "SchoolCP": "", "InstalDate": 0, "Funder": "" }, "geometry": { "type": "Point", "coordinates": [ -3.11399399636876, 55.935414922255958 ] } },
{ "type": "Feature", "properties": { "OBJECTID": 1300, "eastings": 329416, "northings": 675366, "bicycle_pa": "stands", "capacity": 4, "covered": "no", "access": "yes", "fee": "no", "operator": " ", "CECLand": "Y", "SchoolCP": "", "InstalDate": 0, "Funder": "" }, "geometry": { "type": "Point", "coordinates": [ -3.132321379645023, 55.966085084911498 ] } },
{ "type": "Feature", "properties": { "OBJECTID": 1301, "eastings": 329427, "northings": 675348, "bicycle_pa": "stands", "capacity": 2, "covered": "no", "access": "yes", "fee": "no", "operator": " ", "CECLand": "Y", "SchoolCP": "", "InstalDate": 0, "Funder": "" }, "geometry": { "type": "Point", "coordinates": [ -3.132140485914078, 55.96592501451488 ] } },
{ "type": "Feature", "properties": { "OBJECTID": 1302, "eastings": 329234, "northings": 671608, "bicycle_pa": "stands", "capacity": 10, "covered": " ", "access": " ", "fee": " ", "operator": " ", "CECLand": " ", "SchoolCP": "", "InstalDate": 0, "Funder": "" }, "geometry": { "type": "Point", "coordinates": [ -3.134248237988692, 55.932300719560814 ] } },
{ "type": "Feature", "properties": { "OBJECTID": 1303, "eastings": 326444, "northings": 674986, "bicycle_pa": "stands", "capacity": 16, "covered": "no", "access": "yes", "fee": "no", "operator": " ", "CECLand": "Y", "SchoolCP": "", "InstalDate": 0, "Funder": "" }, "geometry": { "type": "Point", "coordinates": [ -3.179816281715812, 55.962225134139246 ] } },
{ "type": "Feature", "properties": { "OBJECTID": 1304, "eastings": 324832, "northings": 677016, "bicycle_pa": "stands", "capacity": 6, "covered": "no", "access": "yes", "fee": "no", "operator": " ", "CECLand": "Y", "SchoolCP": "", "InstalDate": 0, "Funder": "" }, "geometry": { "type": "Point", "coordinates": [ -3.206197603712395, 55.980209751428582 ] } },
{ "type": "Feature", "properties": { "OBJECTID": 1305, "eastings": 325352, "northings": 677017, "bicycle_pa": "stands", "capacity": 8, "covered": "no", "access": "yes", "fee": "no", "operator": " ", "CECLand": "Y", "SchoolCP": "", "InstalDate": 0, "Funder": "" }, "geometry": { "type": "Point", "coordinates": [ -3.197866778251352, 55.980299996415496 ] } },
{ "type": "Feature", "properties": { "OBJECTID": 1306, "eastings": 326678, "northings": 675310, "bicycle_pa": "stands", "capacity": 6, "covered": "no", "access": "yes", "fee": "no", "operator": " ", "CECLand": "Y", "SchoolCP": " ", "InstalDate": 2425, "Funder": "SEStran" }, "geometry": { "type": "Point", "coordinates": [ -3.176157297288982, 55.965171257365682 ] } },
{ "type": "Feature", "properties": { "OBJECTID": 1307, "eastings": 327760, "northings": 676026, "bicycle_pa": "stands", "capacity": 8, "covered": "no", "access": "yes", "fee": " ", "operator": " ", "CECLand": " ", "SchoolCP": "", "InstalDate": 0, "Funder": "" }, "geometry": { "type": "Point", "coordinates": [ -3.159020886702405, 55.971767015849153 ] } },
{ "type": "Feature", "properties": { "OBJECTID": 1308, "eastings": 317382, "northings": 675052, "bicycle_pa": "stands", "capacity": 4, "covered": "no", "access": "yes", "fee": " ", "operator": " ", "CECLand": "Y", "SchoolCP": "", "InstalDate": 0, "Funder": "" }, "geometry": { "type": "Point", "coordinates": [ -3.324949390412737, 55.96134217789136 ] } },
{ "type": "Feature", "properties": { "OBJECTID": 1309, "eastings": 323206, "northings": 677152, "bicycle_pa": "stands", "capacity": 8, "covered": "no", "access": " ", "fee": " ", "operator": " ", "CECLand": " ", "SchoolCP": "", "InstalDate": 0, "Funder": "" }, "geometry": { "type": "Point", "coordinates": [ -3.232287558545838, 55.981173555389674 ] } },
{ "type": "Feature", "properties": { "OBJECTID": 1310, "eastings": 327601, "northings": 676192, "bicycle_pa": "stands", "capacity": 8, "covered": "no", "access": "yes", "fee": "no", "operator": " ", "CECLand": " ", "SchoolCP": "", "InstalDate": 0, "Funder": "" }, "geometry": { "type": "Point", "coordinates": [ -3.161612460368509, 55.973234159835187 ] } },
{ "type": "Feature", "properties": { "OBJECTID": 1311, "eastings": 326484, "northings": 675935, "bicycle_pa": "stands", "capacity": 10, "covered": "no", "access": "yes", "fee": "no", "operator": " ", "CECLand": "Y", "SchoolCP": "", "InstalDate": 0, "Funder": "" }, "geometry": { "type": "Point", "coordinates": [ -3.179435024435835, 55.970755692306938 ] } },
{ "type": "Feature", "properties": { "OBJECTID": 1312, "eastings": 325381, "northings": 673492, "bicycle_pa": " ", "capacity": 0, "covered": "no", "access": " ", "fee": " ", "operator": " ", "CECLand": " ", "SchoolCP": "", "InstalDate": 0, "Funder": "" }, "geometry": { "type": "Point", "coordinates": [ -3.196424963080691, 55.948641391836468 ] } },
{ "type": "Feature", "properties": { "OBJECTID": 1313, "eastings": 324948, "northings": 673005, "bicycle_pa": "stands", "capacity": 2, "covered": "partially", "access": "yes", "fee": " ", "operator": " ", "CECLand": " ", "SchoolCP": "", "InstalDate": 0, "Funder": "" }, "geometry": { "type": "Point", "coordinates": [ -3.203220825640808, 55.944199503269296 ] } },
{ "type": "Feature", "properties": { "OBJECTID": 1314, "eastings": 324543, "northings": 671324, "bicycle_pa": "stands", "capacity": 6, "covered": "no", "access": " ", "fee": " ", "operator": " ", "CECLand": "Y", "SchoolCP": "", "InstalDate": 0, "Funder": "" }, "geometry": { "type": "Point", "coordinates": [ -3.209232469177203, 55.929036149374433 ] } },
{ "type": "Feature", "properties": { "OBJECTID": 1315, "eastings": 324294, "northings": 673698, "bicycle_pa": "stands", "capacity": 8, "covered": "no", "access": " ", "fee": " ", "operator": " ", "CECLand": "Y", "SchoolCP": "", "InstalDate": 0, "Funder": "" }, "geometry": { "type": "Point", "coordinates": [ -3.213883678487124, 55.950321732389668 ] } },
{ "type": "Feature", "properties": { "OBJECTID": 1316, "eastings": 325934, "northings": 674084, "bicycle_pa": "stands", "capacity": 3, "covered": "no", "access": "yes", "fee": "no", "operator": " ", "CECLand": "Y", "SchoolCP": "", "InstalDate": 0, "Funder": "" }, "geometry": { "type": "Point", "coordinates": [ -3.187735186620956, 55.954044570119251 ] } },
{ "type": "Feature", "properties": { "OBJECTID": 1317, "eastings": 327932, "northings": 667806, "bicycle_pa": "stands", "capacity": 8, "covered": " ", "access": " ", "fee": " ", "operator": " ", "CECLand": " ", "SchoolCP": "Y", "InstalDate": 0, "Funder": "" }, "geometry": { "type": "Point", "coordinates": [ -3.154065857526098, 55.897954368036871 ] } },
{ "type": "Feature", "properties": { "OBJECTID": 1318, "eastings": 322620, "northings": 676872, "bicycle_pa": "stands", "capacity": 10, "covered": " ", "access": " ", "fee": " ", "operator": " ", "CECLand": " ", "SchoolCP": "", "InstalDate": 0, "Funder": "" }, "geometry": { "type": "Point", "coordinates": [ -3.241595760660213, 55.978564227866038 ] } },
{ "type": "Feature", "properties": { "OBJECTID": 1319, "eastings": 331069, "northings": 671914, "bicycle_pa": "stands", "capacity": 4, "covered": "no", "access": " ", "fee": " ", "operator": " ", "CECLand": " ", "SchoolCP": "", "InstalDate": 0, "Funder": "" }, "geometry": { "type": "Point", "coordinates": [ -3.104963152223652, 55.935316644753904 ] } },
{ "type": "Feature", "properties": { "OBJECTID": 1320, "eastings": 326254, "northings": 673708, "bicycle_pa": "stands", "capacity": 4, "covered": "yes", "access": " ", "fee": " ", "operator": " ", "CECLand": " ", "SchoolCP": "", "InstalDate": 0, "Funder": "" }, "geometry": { "type": "Point", "coordinates": [ -3.18250882116705, 55.950716368846727 ] } },
{ "type": "Feature", "properties": { "OBJECTID": 1321, "eastings": 319292, "northings": 672863, "bicycle_pa": " ", "capacity": 0, "covered": " ", "access": " ", "fee": " ", "operator": " ", "CECLand": " ", "SchoolCP": "", "InstalDate": 0, "Funder": "" }, "geometry": { "type": "Point", "coordinates": [ -3.293708648558762, 55.942005451794749 ] } },
{ "type": "Feature", "properties": { "OBJECTID": 1322, "eastings": 319278, "northings": 672894, "bicycle_pa": " ", "capacity": 0, "covered": " ", "access": " ", "fee": " ", "operator": " ", "CECLand": " ", "SchoolCP": "", "InstalDate": 0, "Funder": "" }, "geometry": { "type": "Point", "coordinates": [ -3.293942003170399, 55.942281542174953 ] } },
{ "type": "Feature", "properties": { "OBJECTID": 1323, "eastings": 319253, "northings": 672903, "bicycle_pa": "rack", "capacity": 0, "covered": " ", "access": " ", "fee": " ", "operator": " ", "CECLand": " ", "SchoolCP": "", "InstalDate": 0, "Funder": "" }, "geometry": { "type": "Point", "coordinates": [ -3.294344829330823, 55.942358169949266 ] } },
{ "type": "Feature", "properties": { "OBJECTID": 1324, "eastings": 317829, "northings": 671732, "bicycle_pa": " ", "capacity": 0, "covered": " ", "access": " ", "fee": " ", "operator": " ", "CECLand": " ", "SchoolCP": "", "InstalDate": 0, "Funder": "" }, "geometry": { "type": "Point", "coordinates": [ -3.316779021061473, 55.931598200859895 ] } },
{ "type": "Feature", "properties": { "OBJECTID": 1325, "eastings": 315206, "northings": 673552, "bicycle_pa": "shed", "capacity": 0, "covered": "yes", "access": "yes", "fee": "no", "operator": " ", "CECLand": " ", "SchoolCP": "", "InstalDate": 0, "Funder": "" }, "geometry": { "type": "Point", "coordinates": [ -3.359320570317871, 55.947489779969054 ] } },
{ "type": "Feature", "properties": { "OBJECTID": 1326, "eastings": 312322, "northings": 678672, "bicycle_pa": "stands", "capacity": 6, "covered": "no", "access": " ", "fee": " ", "operator": " ", "CECLand": " ", "SchoolCP": "", "InstalDate": 0, "Funder": "" }, "geometry": { "type": "Point", "coordinates": [ -3.407153134256661, 55.992960226281532 ] } },
{ "type": "Feature", "properties": { "OBJECTID": 1327, "eastings": 312189, "northings": 678655, "bicycle_pa": "stands", "capacity": 10, "covered": "yes", "access": "private", "fee": " ", "operator": " ", "CECLand": " ", "SchoolCP": "", "InstalDate": 0, "Funder": "" }, "geometry": { "type": "Point", "coordinates": [ -3.409278957615061, 55.992783205547127 ] } },
{ "type": "Feature", "properties": { "OBJECTID": 1328, "eastings": 312928, "northings": 678396, "bicycle_pa": "stands", "capacity": 6, "covered": "yes", "access": " ", "fee": " ", "operator": " ", "CECLand": "Y", "SchoolCP": "", "InstalDate": 0, "Funder": "" }, "geometry": { "type": "Point", "coordinates": [ -3.397352197006283, 55.990591539802985 ] } },
{ "type": "Feature", "properties": { "OBJECTID": 1329, "eastings": 313504, "northings": 678285, "bicycle_pa": "wall_loops", "capacity": 8, "covered": "no", "access": " ", "fee": " ", "operator": " ", "CECLand": " ", "SchoolCP": "", "InstalDate": 0, "Funder": "" }, "geometry": { "type": "Point", "coordinates": [ -3.388086299432207, 55.989698708434915 ] } },
{ "type": "Feature", "properties": { "OBJECTID": 1330, "eastings": 325523, "northings": 677097, "bicycle_pa": "stands", "capacity": 8, "covered": "no", "access": "yes", "fee": "no", "operator": " ", "CECLand": " ", "SchoolCP": "", "InstalDate": 0, "Funder": "" }, "geometry": { "type": "Point", "coordinates": [ -3.195149369500985, 55.981045195224631 ] } },
{ "type": "Feature", "properties": { "OBJECTID": 1331, "eastings": 318995, "northings": 677117, "bicycle_pa": "stands", "capacity": 10, "covered": "no", "access": "yes", "fee": "no", "operator": " ", "CECLand": "Y", "SchoolCP": "", "InstalDate": 0, "Funder": "" }, "geometry": { "type": "Point", "coordinates": [ -3.299742713590587, 55.9801659527052 ] } },
{ "type": "Feature", "properties": { "OBJECTID": 1332, "eastings": 325980, "northings": 676939, "bicycle_pa": "stands", "capacity": 3, "covered": "no", "access": "yes", "fee": "no", "operator": " ", "CECLand": "Y", "SchoolCP": "", "InstalDate": 0, "Funder": "" }, "geometry": { "type": "Point", "coordinates": [ -3.187784139388146, 55.97969671757577 ] } },
{ "type": "Feature", "properties": { "OBJECTID": 1333, "eastings": 317866, "northings": 671515, "bicycle_pa": "stands", "capacity": 52, "covered": "no", "access": " ", "fee": " ", "operator": " ", "CECLand": " ", "SchoolCP": "", "InstalDate": 0, "Funder": "" }, "geometry": { "type": "Point", "coordinates": [ -3.316120883728179, 55.929655406738235 ] } },
{ "type": "Feature", "properties": { "OBJECTID": 1334, "eastings": 323170, "northings": 673718, "bicycle_pa": " ", "capacity": 0, "covered": "yes", "access": "private", "fee": " ", "operator": " ", "CECLand": " ", "SchoolCP": "", "InstalDate": 0, "Funder": "" }, "geometry": { "type": "Point", "coordinates": [ -3.231883566588968, 55.950322757192275 ] } },
{ "type": "Feature", "properties": { "OBJECTID": 1335, "eastings": 323031, "northings": 673706, "bicycle_pa": " ", "capacity": 8, "covered": "yes", "access": "private", "fee": " ", "operator": " ", "CECLand": " ", "SchoolCP": "", "InstalDate": 0, "Funder": "" }, "geometry": { "type": "Point", "coordinates": [ -3.234105408888857, 55.950192691905151 ] } },
{ "type": "Feature", "properties": { "OBJECTID": 1336, "eastings": 325949, "northings": 674644, "bicycle_pa": "shed", "capacity": 0, "covered": "yes", "access": "unknown", "fee": " ", "operator": " ", "CECLand": " ", "SchoolCP": "", "InstalDate": 0, "Funder": "" }, "geometry": { "type": "Point", "coordinates": [ -3.187649064118519, 55.959077065209449 ] } },
{ "type": "Feature", "properties": { "OBJECTID": 1337, "eastings": 324951, "northings": 672215, "bicycle_pa": "stands", "capacity": 4, "covered": "no", "access": " ", "fee": " ", "operator": " ", "CECLand": "Y", "SchoolCP": "", "InstalDate": 0, "Funder": "" }, "geometry": { "type": "Point", "coordinates": [ -3.202952688597505, 55.937103703863023 ] } },
{ "type": "Feature", "properties": { "OBJECTID": 1338, "eastings": 326017, "northings": 673224, "bicycle_pa": "stands", "capacity": 9, "covered": "no", "access": " ", "fee": " ", "operator": " ", "CECLand": " ", "SchoolCP": "", "InstalDate": 0, "Funder": "" }, "geometry": { "type": "Point", "coordinates": [ -3.186170017576114, 55.94633237415276 ] } },
{ "type": "Feature", "properties": { "OBJECTID": 1339, "eastings": 326014, "northings": 673212, "bicycle_pa": "stands", "capacity": 10, "covered": "yes", "access": " ", "fee": " ", "operator": " ", "CECLand": " ", "SchoolCP": "", "InstalDate": 0, "Funder": "" }, "geometry": { "type": "Point", "coordinates": [ -3.186214742740519, 55.94622412118045 ] } },
{ "type": "Feature", "properties": { "OBJECTID": 1340, "eastings": 323043, "northings": 673156, "bicycle_pa": "stands", "capacity": 8, "covered": "no", "access": "yes", "fee": " ", "operator": " ", "CECLand": "Y", "SchoolCP": "", "InstalDate": 0, "Funder": "" }, "geometry": { "type": "Point", "coordinates": [ -3.233756120148293, 55.945254371329248 ] } },
{ "type": "Feature", "properties": { "OBJECTID": 1341, "eastings": 323056, "northings": 673149, "bicycle_pa": "stands", "capacity": 8, "covered": "no", "access": "yes", "fee": " ", "operator": " ", "CECLand": "Y", "SchoolCP": "", "InstalDate": 0, "Funder": "" }, "geometry": { "type": "Point", "coordinates": [ -3.233546029768225, 55.945193579913479 ] } },
{ "type": "Feature", "properties": { "OBJECTID": 1342, "eastings": 322928, "northings": 673210, "bicycle_pa": "stands", "capacity": 10, "covered": "no", "access": "yes", "fee": " ", "operator": " ", "CECLand": "Y", "SchoolCP": "", "InstalDate": 0, "Funder": "" }, "geometry": { "type": "Point", "coordinates": [ -3.235612360048284, 55.94572094659803 ] } },
{ "type": "Feature", "properties": { "OBJECTID": 1343, "eastings": 324109, "northings": 673194, "bicycle_pa": "stands", "capacity": 14, "covered": "no", "access": "yes", "fee": " ", "operator": " ", "CECLand": " ", "SchoolCP": "", "InstalDate": 0, "Funder": "" }, "geometry": { "type": "Point", "coordinates": [ -3.216703331848979, 55.945765440316912 ] } },
{ "type": "Feature", "properties": { "OBJECTID": 1344, "eastings": 326548, "northings": 675166, "bicycle_pa": "stands", "capacity": 10, "covered": "no", "access": "yes", "fee": "no", "operator": " ", "CECLand": "Y", "SchoolCP": " ", "InstalDate": 2425, "Funder": "SEStran" }, "geometry": { "type": "Point", "coordinates": [ -3.178199961341165, 55.963857904899747 ] } },
{ "type": "Feature", "properties": { "OBJECTID": 1345, "eastings": 326610, "northings": 675168, "bicycle_pa": "stands", "capacity": 16, "covered": "no", "access": " ", "fee": "no", "operator": " ", "CECLand": "Y", "SchoolCP": " ", "InstalDate": 2425, "Funder": "SEStran" }, "geometry": { "type": "Point", "coordinates": [ -3.17720759802934, 55.963885350007814 ] } },
{ "type": "Feature", "properties": { "OBJECTID": 1346, "eastings": 327050, "northings": 676431, "bicycle_pa": "wide_stands", "capacity": 2, "covered": "no", "access": " ", "fee": "no", "operator": " ", "CECLand": "Y", "SchoolCP": "", "InstalDate": 0, "Funder": "" }, "geometry": { "type": "Point", "coordinates": [ -3.170503627465949, 55.975297493352642 ] } },
{ "type": "Feature", "properties": { "OBJECTID": 1347, "eastings": 327051, "northings": 676430, "bicycle_pa": "stands", "capacity": 4, "covered": "no", "access": " ", "fee": "no", "operator": " ", "CECLand": "Y", "SchoolCP": "", "InstalDate": 0, "Funder": "" }, "geometry": { "type": "Point", "coordinates": [ -3.170487336793398, 55.975288662675929 ] } },
{ "type": "Feature", "properties": { "OBJECTID": 1348, "eastings": 327266, "northings": 675747, "bicycle_pa": "stands", "capacity": 6, "covered": "no", "access": " ", "fee": " ", "operator": " ", "CECLand": "Y", "SchoolCP": "", "InstalDate": 0, "Funder": "" }, "geometry": { "type": "Point", "coordinates": [ -3.166858458377227, 55.969186136274573 ] } },
{ "type": "Feature", "properties": { "OBJECTID": 1349, "eastings": 326853, "northings": 676007, "bicycle_pa": "stands", "capacity": 1, "covered": "no", "access": " ", "fee": " ", "operator": " ", "CECLand": "Y", "SchoolCP": "", "InstalDate": 0, "Funder": "" }, "geometry": { "type": "Point", "coordinates": [ -3.173544139538976, 55.97145883925689 ] } },
{ "type": "Feature", "properties": { "OBJECTID": 1350, "eastings": 326699, "northings": 676206, "bicycle_pa": "stands", "capacity": 3, "covered": "no", "access": " ", "fee": " ", "operator": " ", "CECLand": "Y", "SchoolCP": "", "InstalDate": 0, "Funder": "" }, "geometry": { "type": "Point", "coordinates": [ -3.176065110729881, 55.973222874617981 ] } },
{ "type": "Feature", "properties": { "OBJECTID": 1351, "eastings": 326667, "northings": 676225, "bicycle_pa": "stands", "capacity": 2, "covered": "no", "access": " ", "fee": " ", "operator": " ", "CECLand": "Y", "SchoolCP": "", "InstalDate": 0, "Funder": "" }, "geometry": { "type": "Point", "coordinates": [ -3.1765828838325, 55.973388652758551 ] } },
{ "type": "Feature", "properties": { "OBJECTID": 1352, "eastings": 326467, "northings": 676448, "bicycle_pa": "stands", "capacity": 4, "covered": " ", "access": " ", "fee": " ", "operator": " ", "CECLand": "Y", "SchoolCP": "", "InstalDate": 0, "Funder": "" }, "geometry": { "type": "Point", "coordinates": [ -3.17984757346367, 55.975361153002915 ] } },
{ "type": "Feature", "properties": { "OBJECTID": 1353, "eastings": 325723, "northings": 673976, "bicycle_pa": "stands", "capacity": 6, "covered": " ", "access": " ", "fee": " ", "operator": " ", "CECLand": "Y", "SchoolCP": "", "InstalDate": 0, "Funder": "" }, "geometry": { "type": "Point", "coordinates": [ -3.191083611411264, 55.953041893088276 ] } },
{ "type": "Feature", "properties": { "OBJECTID": 1354, "eastings": 326672, "northings": 675377, "bicycle_pa": "stands", "capacity": 12, "covered": "no", "access": " ", "fee": " ", "operator": " ", "CECLand": "Y", "SchoolCP": " ", "InstalDate": 2425, "Funder": "SEStran" }, "geometry": { "type": "Point", "coordinates": [ -3.17627164958805, 55.965772170285319 ] } },
{ "type": "Feature", "properties": { "OBJECTID": 1355, "eastings": 324296, "northings": 674480, "bicycle_pa": "stands", "capacity": 4, "covered": "no", "access": " ", "fee": " ", "operator": " ", "CECLand": "Y", "SchoolCP": "", "InstalDate": 0, "Funder": "" }, "geometry": { "type": "Point", "coordinates": [ -3.214071499854607, 55.957346223130351 ] } },
{ "type": "Feature", "properties": { "OBJECTID": 1356, "eastings": 324303, "northings": 674471, "bicycle_pa": "stands", "capacity": 2, "covered": "no", "access": " ", "fee": " ", "operator": " ", "CECLand": "Y", "SchoolCP": "", "InstalDate": 0, "Funder": "" }, "geometry": { "type": "Point", "coordinates": [ -3.213956887347599, 55.957266486005231 ] } },
{ "type": "Feature", "properties": { "OBJECTID": 1357, "eastings": 325054, "northings": 674796, "bicycle_pa": "stands", "capacity": 6, "covered": " ", "access": " ", "fee": " ", "operator": " ", "CECLand": "Y", "SchoolCP": "", "InstalDate": 0, "Funder": "" }, "geometry": { "type": "Point", "coordinates": [ -3.202022493568244, 55.960303587258039 ] } },
{ "type": "Feature", "properties": { "OBJECTID": 1358, "eastings": 325560, "northings": 675735, "bicycle_pa": "stands", "capacity": 6, "covered": " ", "access": " ", "fee": " ", "operator": " ", "CECLand": "Y", "SchoolCP": "", "InstalDate": 0, "Funder": "" }, "geometry": { "type": "Point", "coordinates": [ -3.194179596761078, 55.968816775178006 ] } },
{ "type": "Feature", "properties": { "OBJECTID": 1359, "eastings": 325530, "northings": 673922, "bicycle_pa": "stands", "capacity": 6, "covered": "no", "access": " ", "fee": " ", "operator": " ", "CECLand": "Y", "SchoolCP": "", "InstalDate": 0, "Funder": "" }, "geometry": { "type": "Point", "coordinates": [ -3.194158625009854, 55.952526968377946 ] } },
{ "type": "Feature", "properties": { "OBJECTID": 1360, "eastings": 327703, "northings": 670796, "bicycle_pa": "staple", "capacity": 6, "covered": "no", "access": "yes", "fee": "no", "operator": " ", "CECLand": "Y", "SchoolCP": "", "InstalDate": 0, "Funder": "" }, "geometry": { "type": "Point", "coordinates": [ -3.158529099501312, 55.924778518317567 ] } },
{ "type": "Feature", "properties": { "OBJECTID": 1361, "eastings": 326950, "northings": 674704, "bicycle_pa": "stands", "capacity": 4, "covered": "no", "access": "yes", "fee": "no", "operator": " ", "CECLand": "Y", "SchoolCP": "", "InstalDate": 0, "Funder": "" }, "geometry": { "type": "Point", "coordinates": [ -3.171636638389813, 55.959769285607294 ] } },
{ "type": "Feature", "properties": { "OBJECTID": 1362, "eastings": 326870, "northings": 676391, "bicycle_pa": "streetpod", "capacity": 6, "covered": "yes", "access": " ", "fee": " ", "operator": " ", "CECLand": "Y", "SchoolCP": "", "InstalDate": 0, "Funder": "" }, "geometry": { "type": "Point", "coordinates": [ -3.17337624326865, 55.974910764832863 ] } },
{ "type": "Feature", "properties": { "OBJECTID": 1363, "eastings": 326874, "northings": 676391, "bicycle_pa": "streetpod", "capacity": 6, "covered": "yes", "access": " ", "fee": " ", "operator": " ", "CECLand": "Y", "SchoolCP": "", "InstalDate": 0, "Funder": "" }, "geometry": { "type": "Point", "coordinates": [ -3.173312166305086, 55.974911374810908 ] } },
{ "type": "Feature", "properties": { "OBJECTID": 1364, "eastings": 326524, "northings": 670512, "bicycle_pa": "stands", "capacity": 10, "covered": "no", "access": "yes", "fee": "no", "operator": " ", "CECLand": " ", "SchoolCP": "", "InstalDate": 0, "Funder": "" }, "geometry": { "type": "Point", "coordinates": [ -3.177314067399744, 55.922048464251034 ] } },
{ "type": "Feature", "properties": { "OBJECTID": 1365, "eastings": 326552, "northings": 676963, "bicycle_pa": "stands", "capacity": 10, "covered": "no", "access": "yes", "fee": "no", "operator": " ", "CECLand": " ", "SchoolCP": "", "InstalDate": 0, "Funder": "" }, "geometry": { "type": "Point", "coordinates": [ -3.178626632152541, 55.980000287098484 ] } },
{ "type": "Feature", "properties": { "OBJECTID": 1366, "eastings": 317228, "northings": 673367, "bicycle_pa": "stands", "capacity": 10, "covered": " ", "access": " ", "fee": " ", "operator": " ", "CECLand": " ", "SchoolCP": "", "InstalDate": 0, "Funder": "" }, "geometry": { "type": "Point", "coordinates": [ -3.326897436792529, 55.946180741524337 ] } },
{ "type": "Feature", "properties": { "OBJECTID": 1367, "eastings": 319857, "northings": 672947, "bicycle_pa": "stands", "capacity": 6, "covered": "no", "access": "yes", "fee": " ", "operator": " ", "CECLand": "Y", "SchoolCP": "", "InstalDate": 0, "Funder": "" }, "geometry": { "type": "Point", "coordinates": [ -3.284690716752569, 55.942854790527399 ] } },
{ "type": "Feature", "properties": { "OBJECTID": 1368, "eastings": 320017, "northings": 672924, "bicycle_pa": "stands", "capacity": 6, "covered": "no", "access": "yes", "fee": " ", "operator": " ", "CECLand": "Y", "SchoolCP": "", "InstalDate": 0, "Funder": "" }, "geometry": { "type": "Point", "coordinates": [ -3.282123001605981, 55.942674937951836 ] } },
{ "type": "Feature", "properties": { "OBJECTID": 1369, "eastings": 324002, "northings": 671501, "bicycle_pa": "stands", "capacity": 10, "covered": "no", "access": "private", "fee": " ", "operator": "George Watson's College", "CECLand": " ", "SchoolCP": "", "InstalDate": 0, "Funder": "" }, "geometry": { "type": "Point", "coordinates": [ -3.217938547612885, 55.930541058006064 ] } },
{ "type": "Feature", "properties": { "OBJECTID": 1370, "eastings": 324122, "northings": 671409, "bicycle_pa": "stands", "capacity": 8, "covered": "yes", "access": "private", "fee": " ", "operator": "George Watson's College", "CECLand": " ", "SchoolCP": "", "InstalDate": 0, "Funder": "" }, "geometry": { "type": "Point", "coordinates": [ -3.215992512284684, 55.929733542097715 ] } },
{ "type": "Feature", "properties": { "OBJECTID": 1371, "eastings": 327270, "northings": 672004, "bicycle_pa": " ", "capacity": 0, "covered": " ", "access": " ", "fee": " ", "operator": " ", "CECLand": " ", "SchoolCP": "", "InstalDate": 0, "Funder": "" }, "geometry": { "type": "Point", "coordinates": [ -3.165782863187808, 55.935564392693031 ] } },
{ "type": "Feature", "properties": { "OBJECTID": 1372, "eastings": 327664, "northings": 675824, "bicycle_pa": "stands", "capacity": 6, "covered": " ", "access": " ", "fee": " ", "operator": " ", "CECLand": "Y", "SchoolCP": "", "InstalDate": 0, "Funder": "" }, "geometry": { "type": "Point", "coordinates": [ -3.160504335132203, 55.96993802514065 ] } },
{ "type": "Feature", "properties": { "OBJECTID": 1373, "eastings": 327352, "northings": 676186, "bicycle_pa": "wide_stands", "capacity": 4, "covered": "no", "access": " ", "fee": " ", "operator": " ", "CECLand": "Y", "SchoolCP": "", "InstalDate": 0, "Funder": "" }, "geometry": { "type": "Point", "coordinates": [ -3.165599536448311, 55.973142586695865 ] } },
{ "type": "Feature", "properties": { "OBJECTID": 1374, "eastings": 327351, "northings": 676184, "bicycle_pa": "stands", "capacity": 12, "covered": "no", "access": " ", "fee": "no", "operator": " ", "CECLand": "Y", "SchoolCP": "", "InstalDate": 0, "Funder": "" }, "geometry": { "type": "Point", "coordinates": [ -3.165615015098851, 55.973124469706036 ] } },
{ "type": "Feature", "properties": { "OBJECTID": 1375, "eastings": 321925, "northings": 677210, "bicycle_pa": "stands", "capacity": 6, "covered": "no", "access": "yes", "fee": "no", "operator": " ", "CECLand": "Y", "SchoolCP": "", "InstalDate": 0, "Funder": "" }, "geometry": { "type": "Point", "coordinates": [ -3.252828330760466, 55.98148750232361 ] } },
{ "type": "Feature", "properties": { "OBJECTID": 1376, "eastings": 323723, "northings": 673234, "bicycle_pa": "stands", "capacity": 8, "covered": "no", "access": " ", "fee": " ", "operator": " ", "CECLand": "Y", "SchoolCP": "", "InstalDate": 0, "Funder": "" }, "geometry": { "type": "Point", "coordinates": [ -3.222893425312338, 55.946063555010646 ] } },
{ "type": "Feature", "properties": { "OBJECTID": 1377, "eastings": 325544, "northings": 672988, "bicycle_pa": "stands", "capacity": 10, "covered": "no", "access": " ", "fee": " ", "operator": " ", "CECLand": " ", "SchoolCP": "", "InstalDate": 0, "Funder": "" }, "geometry": { "type": "Point", "coordinates": [ -3.193676264358789, 55.944139466307732 ] } },
{ "type": "Feature", "properties": { "OBJECTID": 1378, "eastings": 325541, "northings": 673001, "bicycle_pa": "stands", "capacity": 10, "covered": "no", "access": " ", "fee": " ", "operator": " ", "CECLand": " ", "SchoolCP": "", "InstalDate": 0, "Funder": "" }, "geometry": { "type": "Point", "coordinates": [ -3.19372787764735, 55.944255774911191 ] } },
{ "type": "Feature", "properties": { "OBJECTID": 1379, "eastings": 325991, "northings": 674376, "bicycle_pa": "stands", "capacity": 4, "covered": "no", "access": "yes", "fee": "no", "operator": " ", "CECLand": "Y", "SchoolCP": "", "InstalDate": 0, "Funder": "" }, "geometry": { "type": "Point", "coordinates": [ -3.186902858116585, 55.956676235797644 ] } },
{ "type": "Feature", "properties": { "OBJECTID": 1380, "eastings": 326013, "northings": 674380, "bicycle_pa": "stands", "capacity": 4, "covered": "no", "access": "yes", "fee": "no", "operator": " ", "CECLand": "Y", "SchoolCP": "", "InstalDate": 0, "Funder": "" }, "geometry": { "type": "Point", "coordinates": [ -3.18655170310194, 55.956715554213282 ] } },
{ "type": "Feature", "properties": { "OBJECTID": 1381, "eastings": 326168, "northings": 675106, "bicycle_pa": "stands", "capacity": 4, "covered": "no", "access": "yes", "fee": "no", "operator": " ", "CECLand": "Y", "SchoolCP": "", "InstalDate": 0, "Funder": "" }, "geometry": { "type": "Point", "coordinates": [ -3.184269056372909, 55.96326067842633 ] } },
{ "type": "Feature", "properties": { "OBJECTID": 1382, "eastings": 317722, "northings": 672199, "bicycle_pa": " ", "capacity": 0, "covered": " ", "access": " ", "fee": " ", "operator": " ", "CECLand": " ", "SchoolCP": "", "InstalDate": 0, "Funder": "" }, "geometry": { "type": "Point", "coordinates": [ -3.318633610495, 55.935774533056353 ] } },
{ "type": "Feature", "properties": { "OBJECTID": 1383, "eastings": 326717, "northings": 672684, "bicycle_pa": "stands", "capacity": 12, "covered": "no", "access": " ", "fee": " ", "operator": " ", "CECLand": " ", "SchoolCP": "", "InstalDate": 0, "Funder": "" }, "geometry": { "type": "Point", "coordinates": [ -3.174817799907496, 55.94158891102429 ] } },
{ "type": "Feature", "properties": { "OBJECTID": 1384, "eastings": 326656, "northings": 672685, "bicycle_pa": " ", "capacity": 0, "covered": " ", "access": " ", "fee": " ", "operator": " ", "CECLand": " ", "SchoolCP": "", "InstalDate": 0, "Funder": "" }, "geometry": { "type": "Point", "coordinates": [ -3.175794413324711, 55.941588597352826 ] } },
{ "type": "Feature", "properties": { "OBJECTID": 1385, "eastings": 317444, "northings": 669525, "bicycle_pa": "stands", "capacity": 18, "covered": "yes", "access": " ", "fee": " ", "operator": " ", "CECLand": " ", "SchoolCP": "", "InstalDate": 0, "Funder": "" }, "geometry": { "type": "Point", "coordinates": [ -3.322263729406946, 55.91170861986059 ] } },
{ "type": "Feature", "properties": { "OBJECTID": 1386, "eastings": 317431, "northings": 669558, "bicycle_pa": "stands", "capacity": 40, "covered": "yes", "access": " ", "fee": " ", "operator": " ", "CECLand": " ", "SchoolCP": "", "InstalDate": 0, "Funder": "" }, "geometry": { "type": "Point", "coordinates": [ -3.32248172491535, 55.912002797915989 ] } },
{ "type": "Feature", "properties": { "OBJECTID": 1387, "eastings": 326831, "northings": 670723, "bicycle_pa": "shed", "capacity": 40, "covered": "yes", "access": "university", "fee": "no", "operator": "University of Edinburgh", "CECLand": " ", "SchoolCP": "", "InstalDate": 0, "Funder": "" }, "geometry": { "type": "Point", "coordinates": [ -3.17246013045098, 55.923990695954487 ] } },
{ "type": "Feature", "properties": { "OBJECTID": 1388, "eastings": 326851, "northings": 670511, "bicycle_pa": "shed", "capacity": 20, "covered": "yes", "access": "university", "fee": "no", "operator": "University of Edinburgh", "CECLand": " ", "SchoolCP": "", "InstalDate": 0, "Funder": "" }, "geometry": { "type": "Point", "coordinates": [ -3.172082593951252, 55.922089394850225 ] } },
{ "type": "Feature", "properties": { "OBJECTID": 1389, "eastings": 324804, "northings": 671367, "bicycle_pa": "stands", "capacity": 50, "covered": "yes", "access": "private", "fee": " ", "operator": " ", "CECLand": " ", "SchoolCP": "", "InstalDate": 0, "Funder": "" }, "geometry": { "type": "Point", "coordinates": [ -3.205068415875852, 55.929463260573264 ] } },
{ "type": "Feature", "properties": { "OBJECTID": 1390, "eastings": 326597, "northings": 670504, "bicycle_pa": "shed", "capacity": 52, "covered": "yes", "access": "private", "fee": "no", "operator": "University of Edinburgh", "CECLand": " ", "SchoolCP": "", "InstalDate": 0, "Funder": "" }, "geometry": { "type": "Point", "coordinates": [ -3.176144067196793, 55.921987764118995 ] } },
{ "type": "Feature", "properties": { "OBJECTID": 1391, "eastings": 318651, "northings": 673962, "bicycle_pa": "stands", "capacity": 10, "covered": "no", "access": "yes", "fee": " ", "operator": " ", "CECLand": " ", "SchoolCP": "", "InstalDate": 0, "Funder": "" }, "geometry": { "type": "Point", "coordinates": [ -3.304299634070315, 55.951768490138512 ] } },
{ "type": "Feature", "properties": { "OBJECTID": 1392, "eastings": 325955, "northings": 675822, "bicycle_pa": "shed", "capacity": 0, "covered": "yes", "access": "private", "fee": " ", "operator": " ", "CECLand": " ", "SchoolCP": "", "InstalDate": 0, "Funder": "" }, "geometry": { "type": "Point", "coordinates": [ -3.187877089722449, 55.969659337221835 ] } },
{ "type": "Feature", "properties": { "OBJECTID": 1393, "eastings": 326873, "northings": 672331, "bicycle_pa": "stands", "capacity": 20, "covered": "yes", "access": " ", "fee": "no", "operator": "University of Edinburgh", "CECLand": " ", "SchoolCP": "", "InstalDate": 0, "Funder": "" }, "geometry": { "type": "Point", "coordinates": [ -3.172224981517442, 55.938441634833964 ] } },
{ "type": "Feature", "properties": { "OBJECTID": 1394, "eastings": 326871, "northings": 672329, "bicycle_pa": "stands", "capacity": 20, "covered": "yes", "access": " ", "fee": " ", "operator": "University of Edinburgh", "CECLand": " ", "SchoolCP": "", "InstalDate": 0, "Funder": "" }, "geometry": { "type": "Point", "coordinates": [ -3.17225644663288, 55.938423364736138 ] } },
{ "type": "Feature", "properties": { "OBJECTID": 1395, "eastings": 326875, "northings": 672333, "bicycle_pa": "stands", "capacity": 20, "covered": "yes", "access": " ", "fee": "no", "operator": "University of Edinburgh", "CECLand": " ", "SchoolCP": "", "InstalDate": 0, "Funder": "" }, "geometry": { "type": "Point", "coordinates": [ -3.172193516372988, 55.938459904923924 ] } },
{ "type": "Feature", "properties": { "OBJECTID": 1396, "eastings": 326871, "northings": 672337, "bicycle_pa": "stands", "capacity": 20, "covered": "yes", "access": " ", "fee": "no", "operator": "University of Edinburgh", "CECLand": " ", "SchoolCP": "", "InstalDate": 0, "Funder": "" }, "geometry": { "type": "Point", "coordinates": [ -3.172258620853111, 55.938495229144657 ] } },
{ "type": "Feature", "properties": { "OBJECTID": 1397, "eastings": 317958, "northings": 672780, "bicycle_pa": "stands", "capacity": 6, "covered": "no", "access": "permissive", "fee": " ", "operator": "CEC", "CECLand": "Y", "SchoolCP": "", "InstalDate": 0, "Funder": "" }, "geometry": { "type": "Point", "coordinates": [ -3.315033922151325, 55.94103355729046 ] } },
{ "type": "Feature", "properties": { "OBJECTID": 1398, "eastings": 318804, "northings": 673976, "bicycle_pa": "shed", "capacity": 0, "covered": "yes", "access": "private", "fee": " ", "operator": " ", "CECLand": " ", "SchoolCP": "", "InstalDate": 0, "Funder": "" }, "geometry": { "type": "Point", "coordinates": [ -3.301854479016428, 55.951920176735229 ] } },
{ "type": "Feature", "properties": { "OBJECTID": 1399, "eastings": 318730, "northings": 673970, "bicycle_pa": "shed", "capacity": 0, "covered": "yes", "access": "private", "fee": " ", "operator": " ", "CECLand": " ", "SchoolCP": "", "InstalDate": 0, "Funder": "" }, "geometry": { "type": "Point", "coordinates": [ -3.303037338221879, 55.951853745459793 ] } },
{ "type": "Feature", "properties": { "OBJECTID": 1400, "eastings": 327033, "northings": 672561, "bicycle_pa": "shed", "capacity": 100, "covered": "yes", "access": "university", "fee": " ", "operator": "University of Edinburgh", "CECLand": " ", "SchoolCP": "", "InstalDate": 0, "Funder": "" }, "geometry": { "type": "Point", "coordinates": [ -3.169726663612205, 55.940532031195104 ] } },
{ "type": "Feature", "properties": { "OBJECTID": 1401, "eastings": 326921, "northings": 672551, "bicycle_pa": "shed", "capacity": 10, "covered": "yes", "access": "university", "fee": " ", "operator": "University of Edinburgh", "CECLand": " ", "SchoolCP": "", "InstalDate": 0, "Funder": "" }, "geometry": { "type": "Point", "coordinates": [ -3.171516528026084, 55.94042519980033 ] } },
{ "type": "Feature", "properties": { "OBJECTID": 1402, "eastings": 326004, "northings": 672796, "bicycle_pa": "shed", "capacity": 20, "covered": "yes", "access": "private", "fee": " ", "operator": " ", "CECLand": " ", "SchoolCP": "", "InstalDate": 0, "Funder": "" }, "geometry": { "type": "Point", "coordinates": [ -3.186260516124346, 55.942485817106004 ] } },
{ "type": "Feature", "properties": { "OBJECTID": 1403, "eastings": 316775, "northings": 669745, "bicycle_pa": "stands", "capacity": 50, "covered": "yes", "access": " ", "fee": " ", "operator": " ", "CECLand": " ", "SchoolCP": "", "InstalDate": 0, "Funder": "" }, "geometry": { "type": "Point", "coordinates": [ -3.333030411703669, 55.913569329763192 ] } },
{ "type": "Feature", "properties": { "OBJECTID": 1404, "eastings": 324913, "northings": 672548, "bicycle_pa": "shed", "capacity": 80, "covered": "yes", "access": "private", "fee": " ", "operator": "Edinburgh Student Housing Co-operative", "CECLand": " ", "SchoolCP": "", "InstalDate": 0, "Funder": "" }, "geometry": { "type": "Point", "coordinates": [ -3.203653659189475, 55.940089011155791 ] } },
{ "type": "Feature", "properties": { "OBJECTID": 1405, "eastings": 325098, "northings": 673321, "bicycle_pa": "rack", "capacity": 48, "covered": " ", "access": "customers", "fee": " ", "operator": " ", "CECLand": "Y", "SchoolCP": "", "InstalDate": 0, "Funder": "" }, "geometry": { "type": "Point", "coordinates": [ -3.200907744113299, 55.94706136660897 ] } },
{ "type": "Feature", "properties": { "OBJECTID": 1406, "eastings": 322302, "northings": 672378, "bicycle_pa": "shed", "capacity": 0, "covered": " ", "access": "private", "fee": " ", "operator": " ", "CECLand": " ", "SchoolCP": "", "InstalDate": 0, "Funder": "" }, "geometry": { "type": "Point", "coordinates": [ -3.245392637268982, 55.938146552920045 ] } },
{ "type": "Feature", "properties": { "OBJECTID": 1407, "eastings": 325967, "northings": 672970, "bicycle_pa": "stands", "capacity": 40, "covered": "yes", "access": "university", "fee": "no", "operator": "University of Edinburgh", "CECLand": " ", "SchoolCP": "", "InstalDate": 0, "Funder": "" }, "geometry": { "type": "Point", "coordinates": [ -3.186900561071516, 55.944043095757003 ] } },
{ "type": "Feature", "properties": { "OBJECTID": 1408, "eastings": 325725, "northings": 672998, "bicycle_pa": "stands", "capacity": 18, "covered": "yes", "access": "university", "fee": "no", "operator": "University of Edinburgh", "CECLand": " ", "SchoolCP": "", "InstalDate": 0, "Funder": "" }, "geometry": { "type": "Point", "coordinates": [ -3.190781846572652, 55.944257286118379 ] } },
{ "type": "Feature", "properties": { "OBJECTID": 1409, "eastings": 321853, "northings": 671066, "bicycle_pa": "building", "capacity": 30, "covered": "yes", "access": "private", "fee": "no", "operator": " ", "CECLand": "Y", "SchoolCP": "", "InstalDate": 0, "Funder": "" }, "geometry": { "type": "Point", "coordinates": [ -3.252197203927228, 55.92628794745562 ] } },
{ "type": "Feature", "properties": { "OBJECTID": 1410, "eastings": 327012, "northings": 672265, "bicycle_pa": " ", "capacity": 0, "covered": " ", "access": " ", "fee": " ", "operator": " ", "CECLand": " ", "SchoolCP": "", "InstalDate": 0, "Funder": "" }, "geometry": { "type": "Point", "coordinates": [ -3.169982474278689, 55.937869860190048 ] } },
{ "type": "Feature", "properties": { "OBJECTID": 1411, "eastings": 326636, "northings": 672711, "bicycle_pa": "stands", "capacity": 8, "covered": "no", "access": " ", "fee": "no", "operator": " ", "CECLand": " ", "SchoolCP": "", "InstalDate": 0, "Funder": "" }, "geometry": { "type": "Point", "coordinates": [ -3.176121608501043, 55.941819098546098 ] } },
{ "type": "Feature", "properties": { "OBJECTID": 1412, "eastings": 322931, "northings": 677188, "bicycle_pa": "shed", "capacity": 0, "covered": " ", "access": "private", "fee": " ", "operator": " ", "CECLand": " ", "SchoolCP": "", "InstalDate": 0, "Funder": "" }, "geometry": { "type": "Point", "coordinates": [ -3.236703914052902, 55.981452766736481 ] } },
{ "type": "Feature", "properties": { "OBJECTID": 1413, "eastings": 323482, "northings": 672440, "bicycle_pa": "shed", "capacity": 0, "covered": " ", "access": "private", "fee": " ", "operator": " ", "CECLand": " ", "SchoolCP": "", "InstalDate": 0, "Funder": "" }, "geometry": { "type": "Point", "coordinates": [ -3.226525670498269, 55.938893187539037 ] } },
{ "type": "Feature", "properties": { "OBJECTID": 1414, "eastings": 323466, "northings": 672446, "bicycle_pa": "shed", "capacity": 0, "covered": " ", "access": "private", "fee": " ", "operator": " ", "CECLand": " ", "SchoolCP": "", "InstalDate": 0, "Funder": "" }, "geometry": { "type": "Point", "coordinates": [ -3.22678344304008, 55.93894453151286 ] } },
{ "type": "Feature", "properties": { "OBJECTID": 1415, "eastings": 318356, "northings": 674720, "bicycle_pa": "shed", "capacity": 0, "covered": " ", "access": "private", "fee": " ", "operator": " ", "CECLand": " ", "SchoolCP": "", "InstalDate": 0, "Funder": "" }, "geometry": { "type": "Point", "coordinates": [ -3.309252073726305, 55.958526815860949 ] } },
{ "type": "Feature", "properties": { "OBJECTID": 1416, "eastings": 318143, "northings": 674600, "bicycle_pa": "shed", "capacity": 0, "covered": " ", "access": "private", "fee": " ", "operator": " ", "CECLand": " ", "SchoolCP": "", "InstalDate": 0, "Funder": "" }, "geometry": { "type": "Point", "coordinates": [ -3.312626091851467, 55.957412631955442 ] } },
{ "type": "Feature", "properties": { "OBJECTID": 1417, "eastings": 318210, "northings": 674654, "bicycle_pa": "shed", "capacity": 0, "covered": " ", "access": "private", "fee": " ", "operator": " ", "CECLand": " ", "SchoolCP": "", "InstalDate": 0, "Funder": "" }, "geometry": { "type": "Point", "coordinates": [ -3.311569738525673, 55.957909103592307 ] } },
{ "type": "Feature", "properties": { "OBJECTID": 1418, "eastings": 318259, "northings": 674658, "bicycle_pa": "shed", "capacity": 0, "covered": " ", "access": "private", "fee": " ", "operator": " ", "CECLand": " ", "SchoolCP": "", "InstalDate": 0, "Funder": "" }, "geometry": { "type": "Point", "coordinates": [ -3.310786389166867, 55.957953390079211 ] } },
{ "type": "Feature", "properties": { "OBJECTID": 1419, "eastings": 318299, "northings": 674675, "bicycle_pa": "shed", "capacity": 0, "covered": " ", "access": "private", "fee": " ", "operator": " ", "CECLand": " ", "SchoolCP": "", "InstalDate": 0, "Funder": "" }, "geometry": { "type": "Point", "coordinates": [ -3.310151086472335, 55.958112905590674 ] } },
{ "type": "Feature", "properties": { "OBJECTID": 1420, "eastings": 318342, "northings": 674697, "bicycle_pa": "shed", "capacity": 0, "covered": " ", "access": "private", "fee": " ", "operator": " ", "CECLand": " ", "SchoolCP": "", "InstalDate": 0, "Funder": "" }, "geometry": { "type": "Point", "coordinates": [ -3.309469260456535, 55.958317840053013 ] } },
{ "type": "Feature", "properties": { "OBJECTID": 1421, "eastings": 326750, "northings": 670618, "bicycle_pa": "shed", "capacity": 0, "covered": "yes", "access": "permit", "fee": " ", "operator": " ", "CECLand": " ", "SchoolCP": "", "InstalDate": 0, "Funder": "" }, "geometry": { "type": "Point", "coordinates": [ -3.173727444095749, 55.923035158326798 ] } },
{ "type": "Feature", "properties": { "OBJECTID": 1422, "eastings": 327935, "northings": 676043, "bicycle_pa": "shed", "capacity": 100, "covered": " ", "access": "private", "fee": " ", "operator": " ", "CECLand": " ", "SchoolCP": "", "InstalDate": 0, "Funder": "" }, "geometry": { "type": "Point", "coordinates": [ -3.156222240570939, 55.971946065085469 ] } },
{ "type": "Feature", "properties": { "OBJECTID": 1423, "eastings": 326910, "northings": 674934, "bicycle_pa": "building", "capacity": 0, "covered": " ", "access": "private", "fee": " ", "operator": " ", "CECLand": " ", "SchoolCP": "", "InstalDate": 0, "Funder": "" }, "geometry": { "type": "Point", "coordinates": [ -3.172339627188304, 55.961829189925389 ] } },
{ "type": "Feature", "properties": { "OBJECTID": 1424, "eastings": 326910, "northings": 674930, "bicycle_pa": "building", "capacity": 0, "covered": " ", "access": "private", "fee": " ", "operator": " ", "CECLand": " ", "SchoolCP": "", "InstalDate": 0, "Funder": "" }, "geometry": { "type": "Point", "coordinates": [ -3.172338540717776, 55.961793259685777 ] } },
{ "type": "Feature", "properties": { "OBJECTID": 1425, "eastings": 326911, "northings": 674955, "bicycle_pa": "building", "capacity": 0, "covered": " ", "access": "private", "fee": " ", "operator": " ", "CECLand": " ", "SchoolCP": "", "InstalDate": 0, "Funder": "" }, "geometry": { "type": "Point", "coordinates": [ -3.172329317263328, 55.962017975870296 ] } },
{ "type": "Feature", "properties": { "OBJECTID": 1426, "eastings": 326911, "northings": 674951, "bicycle_pa": "building", "capacity": 0, "covered": " ", "access": "private", "fee": " ", "operator": " ", "CECLand": " ", "SchoolCP": "", "InstalDate": 0, "Funder": "" }, "geometry": { "type": "Point", "coordinates": [ -3.172328230794616, 55.961982045631586 ] } },
{ "type": "Feature", "properties": { "OBJECTID": 1427, "eastings": 324041, "northings": 673180, "bicycle_pa": "two-tier", "capacity": 64, "covered": "yes", "access": "yes", "fee": "no", "operator": "ScotRail", "CECLand": " ", "SchoolCP": "", "InstalDate": 0, "Funder": "" }, "geometry": { "type": "Point", "coordinates": [ -3.217787854881001, 55.945628945249091 ] } },
{ "type": "Feature", "properties": { "OBJECTID": 1428, "eastings": 324039, "northings": 673183, "bicycle_pa": "stands", "capacity": 24, "covered": "yes", "access": "yes", "fee": "no", "operator": "ScotRail", "CECLand": " ", "SchoolCP": "", "InstalDate": 0, "Funder": "" }, "geometry": { "type": "Point", "coordinates": [ -3.217820714179453, 55.945655576191406 ] } },
{ "type": "Feature", "properties": { "OBJECTID": 1429, "eastings": 325304, "northings": 672007, "bicycle_pa": "railings", "capacity": 0, "covered": " ", "access": " ", "fee": " ", "operator": " ", "CECLand": " ", "SchoolCP": "", "InstalDate": 0, "Funder": "" }, "geometry": { "type": "Point", "coordinates": [ -3.197245716526152, 55.935290198244488 ] } },
{ "type": "Feature", "properties": { "OBJECTID": 1430, "eastings": 0, "northings": 0, "bicycle_pa": " ", "capacity": 4, "covered": " ", "access": " ", "fee": " ", "operator": " ", "CECLand": "Y", "SchoolCP": "", "InstalDate": 0, "Funder": "" }, "geometry": { "type": "Point", "coordinates": [ -3.206431026529268, 55.93717180472499 ] } },
{ "type": "Feature", "properties": { "OBJECTID": 1431, "eastings": 0, "northings": 0, "bicycle_pa": " ", "capacity": 8, "covered": " ", "access": " ", "fee": " ", "operator": " ", "CECLand": "Y", "SchoolCP": "", "InstalDate": 0, "Funder": "" }, "geometry": { "type": "Point", "coordinates": [ -3.199727258544313, 55.941004808772426 ] } },
{ "type": "Feature", "properties": { "OBJECTID": 1432, "eastings": 0, "northings": 0, "bicycle_pa": " ", "capacity": 6, "covered": " ", "access": " ", "fee": " ", "operator": " ", "CECLand": "Y", "SchoolCP": "", "InstalDate": 0, "Funder": "" }, "geometry": { "type": "Point", "coordinates": [ -3.183822476163236, 55.940866058699804 ] } },
{ "type": "Feature", "properties": { "OBJECTID": 1433, "eastings": 0, "northings": 0, "bicycle_pa": " ", "capacity": 6, "covered": " ", "access": " ", "fee": " ", "operator": " ", "CECLand": "Y", "SchoolCP": "", "InstalDate": 0, "Funder": "" }, "geometry": { "type": "Point", "coordinates": [ -3.187719887042303, 55.922251144342297 ] } },
{ "type": "Feature", "properties": { "OBJECTID": 1434, "eastings": 0, "northings": 0, "bicycle_pa": " ", "capacity": 12, "covered": " ", "access": " ", "fee": " ", "operator": " ", "CECLand": "Y", "SchoolCP": "", "InstalDate": 0, "Funder": "" }, "geometry": { "type": "Point", "coordinates": [ -3.153168545819648, 55.927195892703132 ] } },
{ "type": "Feature", "properties": { "OBJECTID": 1435, "eastings": 0, "northings": 0, "bicycle_pa": " ", "capacity": 4, "covered": " ", "access": " ", "fee": " ", "operator": " ", "CECLand": "Y", "SchoolCP": "", "InstalDate": 0, "Funder": "" }, "geometry": { "type": "Point", "coordinates": [ -3.261920066148291, 55.906262451294587 ] } },
{ "type": "Feature", "properties": { "OBJECTID": 1436, "eastings": 0, "northings": 0, "bicycle_pa": " ", "capacity": 6, "covered": " ", "access": " ", "fee": " ", "operator": " ", "CECLand": "Y", "SchoolCP": "", "InstalDate": 0, "Funder": "" }, "geometry": { "type": "Point", "coordinates": [ -3.260494793131773, 55.9076073949198 ] } },
{ "type": "Feature", "properties": { "OBJECTID": 1437, "eastings": 0, "northings": 0, "bicycle_pa": " ", "capacity": 4, "covered": " ", "access": " ", "fee": " ", "operator": " ", "CECLand": "Y", "SchoolCP": "", "InstalDate": 0, "Funder": "" }, "geometry": { "type": "Point", "coordinates": [ -3.285074419482916, 55.903481822596667 ] } },
{ "type": "Feature", "properties": { "OBJECTID": 1438, "eastings": 0, "northings": 0, "bicycle_pa": " ", "capacity": 6, "covered": " ", "access": " ", "fee": " ", "operator": " ", "CECLand": "Y", "SchoolCP": "", "InstalDate": 0, "Funder": "" }, "geometry": { "type": "Point", "coordinates": [ -3.276630255936466, 55.93428482431527 ] } },
{ "type": "Feature", "properties": { "OBJECTID": 1439, "eastings": 0, "northings": 0, "bicycle_pa": " ", "capacity": 6, "covered": " ", "access": " ", "fee": " ", "operator": " ", "CECLand": "Y", "SchoolCP": "", "InstalDate": 0, "Funder": "" }, "geometry": { "type": "Point", "coordinates": [ -3.29603619767242, 55.953322400619157 ] } },
{ "type": "Feature", "properties": { "OBJECTID": 1440, "eastings": 0, "northings": 0, "bicycle_pa": " ", "capacity": 6, "covered": " ", "access": " ", "fee": " ", "operator": " ", "CECLand": "Y", "SchoolCP": "", "InstalDate": 0, "Funder": "" }, "geometry": { "type": "Point", "coordinates": [ -3.249911441774197, 55.957481410566686 ] } },
{ "type": "Feature", "properties": { "OBJECTID": 1441, "eastings": 0, "northings": 0, "bicycle_pa": " ", "capacity": 6, "covered": " ", "access": " ", "fee": " ", "operator": " ", "CECLand": "Y", "SchoolCP": "", "InstalDate": 0, "Funder": "" }, "geometry": { "type": "Point", "coordinates": [ -3.208242172279662, 55.972142408516518 ] } },
{ "type": "Feature", "properties": { "OBJECTID": 1442, "eastings": 0, "northings": 0, "bicycle_pa": " ", "capacity": 6, "covered": " ", "access": " ", "fee": " ", "operator": " ", "CECLand": "Y", "SchoolCP": "", "InstalDate": 0, "Funder": "" }, "geometry": { "type": "Point", "coordinates": [ -3.207065272238852, 55.971116792158675 ] } },
{ "type": "Feature", "properties": { "OBJECTID": 1443, "eastings": 0, "northings": 0, "bicycle_pa": " ", "capacity": 6, "covered": " ", "access": " ", "fee": " ", "operator": " ", "CECLand": "Y", "SchoolCP": "", "InstalDate": 0, "Funder": "" }, "geometry": { "type": "Point", "coordinates": [ -3.178626226830348, 55.969512889110554 ] } },
{ "type": "Feature", "properties": { "OBJECTID": 1444, "eastings": 0, "northings": 0, "bicycle_pa": " ", "capacity": 10, "covered": " ", "access": " ", "fee": " ", "operator": " ", "CECLand": "Y", "SchoolCP": "", "InstalDate": 0, "Funder": "" }, "geometry": { "type": "Point", "coordinates": [ -3.100022445031558, 55.94761983042433 ] } },
{ "type": "Feature", "properties": { "OBJECTID": 1445, "eastings": 0, "northings": 0, "bicycle_pa": " ", "capacity": 4, "covered": " ", "access": " ", "fee": " ", "operator": " ", "CECLand": "Y", "SchoolCP": "", "InstalDate": 0, "Funder": "" }, "geometry": { "type": "Point", "coordinates": [ -3.172449484268088, 55.96257544355668 ] } },
{ "type": "Feature", "properties": { "OBJECTID": 1446, "eastings": 0, "northings": 0, "bicycle_pa": " ", "capacity": 4, "covered": " ", "access": " ", "fee": " ", "operator": " ", "CECLand": "Y", "SchoolCP": "", "InstalDate": 0, "Funder": "" }, "geometry": { "type": "Point", "coordinates": [ -3.183998052052562, 55.956933628129576 ] } },
{ "type": "Feature", "properties": { "OBJECTID": 1447, "eastings": 0, "northings": 0, "bicycle_pa": " ", "capacity": 20, "covered": " ", "access": " ", "fee": " ", "operator": " ", "CECLand": " ", "SchoolCP": "", "InstalDate": 0, "Funder": "" }, "geometry": { "type": "Point", "coordinates": [ -3.190221246612158, 55.952790557845667 ] } },
{ "type": "Feature", "properties": { "OBJECTID": 1448, "eastings": 0, "northings": 0, "bicycle_pa": " ", "capacity": 6, "covered": " ", "access": " ", "fee": " ", "operator": " ", "CECLand": "Y", "SchoolCP": "", "InstalDate": 0, "Funder": "" }, "geometry": { "type": "Point", "coordinates": [ -3.221729668267422, 55.942546549013898 ] } },
{ "type": "Feature", "properties": { "OBJECTID": 1449, "eastings": 0, "northings": 0, "bicycle_pa": " ", "capacity": 6, "covered": " ", "access": " ", "fee": " ", "operator": " ", "CECLand": "Y", "SchoolCP": "", "InstalDate": 0, "Funder": "" }, "geometry": { "type": "Point", "coordinates": [ -3.221394348152697, 55.942741496507033 ] } },
{ "type": "Feature", "properties": { "OBJECTID": 1450, "eastings": 0, "northings": 0, "bicycle_pa": " ", "capacity": 4, "covered": " ", "access": " ", "fee": " ", "operator": " ", "CECLand": "Y", "SchoolCP": "", "InstalDate": 0, "Funder": "" }, "geometry": { "type": "Point", "coordinates": [ -3.220502575869036, 55.939753579167686 ] } },
{ "type": "Feature", "properties": { "OBJECTID": 1451, "eastings": 0, "northings": 0, "bicycle_pa": " ", "capacity": 6, "covered": " ", "access": " ", "fee": " ", "operator": " ", "CECLand": "Y", "SchoolCP": "", "InstalDate": 0, "Funder": "" }, "geometry": { "type": "Point", "coordinates": [ -3.19169939608335, 55.952942004820031 ] } },
{ "type": "Feature", "properties": { "OBJECTID": 1452, "eastings": 0, "northings": 0, "bicycle_pa": " ", "capacity": 6, "covered": " ", "access": " ", "fee": " ", "operator": " ", "CECLand": "Y", "SchoolCP": "", "InstalDate": 0, "Funder": "" }, "geometry": { "type": "Point", "coordinates": [ -3.170134690035642, 55.957269140250077 ] } },
{ "type": "Feature", "properties": { "OBJECTID": 1453, "eastings": 0, "northings": 0, "bicycle_pa": " ", "capacity": 16, "covered": " ", "access": " ", "fee": " ", "operator": " ", "CECLand": "Y", "SchoolCP": "", "InstalDate": 0, "Funder": "" }, "geometry": { "type": "Point", "coordinates": [ -3.307815234612741, 55.927366177819827 ] } },
{ "type": "Feature", "properties": { "OBJECTID": 1454, "eastings": 0, "northings": 0, "bicycle_pa": " ", "capacity": 9, "covered": " ", "access": " ", "fee": " ", "operator": " ", "CECLand": "Y", "SchoolCP": "", "InstalDate": 0, "Funder": "" }, "geometry": { "type": "Point", "coordinates": [ -3.200402117583074, 55.963148458124728 ] } },
{ "type": "Feature", "properties": { "OBJECTID": 1455, "eastings": 0, "northings": 0, "bicycle_pa": " ", "capacity": 6, "covered": " ", "access": " ", "fee": " ", "operator": " ", "CECLand": " ", "SchoolCP": "", "InstalDate": 0, "Funder": "" }, "geometry": { "type": "Point", "coordinates": [ -3.177493738414042, 55.950387650284014 ] } },
{ "type": "Feature", "properties": { "OBJECTID": 1456, "eastings": 0, "northings": 0, "bicycle_pa": " ", "capacity": 8, "covered": " ", "access": " ", "fee": " ", "operator": " ", "CECLand": "Y", "SchoolCP": "", "InstalDate": 0, "Funder": "" }, "geometry": { "type": "Point", "coordinates": [ -3.178633986623788, 55.91365470751272 ] } },
{ "type": "Feature", "properties": { "OBJECTID": 1457, "eastings": 0, "northings": 0, "bicycle_pa": " ", "capacity": 6, "covered": " ", "access": " ", "fee": " ", "operator": " ", "CECLand": "Y", "SchoolCP": "", "InstalDate": 0, "Funder": "" }, "geometry": { "type": "Point", "coordinates": [ -3.204598117150244, 55.916147523269373 ] } },
{ "type": "Feature", "properties": { "OBJECTID": 1458, "eastings": 0, "northings": 0, "bicycle_pa": " ", "capacity": 4, "covered": " ", "access": " ", "fee": " ", "operator": " ", "CECLand": "Y", "SchoolCP": "", "InstalDate": 0, "Funder": "" }, "geometry": { "type": "Point", "coordinates": [ -3.254712650687626, 55.92245917471471 ] } },
{ "type": "Feature", "properties": { "OBJECTID": 1459, "eastings": 0, "northings": 0, "bicycle_pa": " ", "capacity": 4, "covered": " ", "access": " ", "fee": " ", "operator": " ", "CECLand": "Y", "SchoolCP": "", "InstalDate": 0, "Funder": "" }, "geometry": { "type": "Point", "coordinates": [ -3.257608547182256, 55.920792383674474 ] } },
{ "type": "Feature", "properties": { "OBJECTID": 1460, "eastings": 0, "northings": 0, "bicycle_pa": " ", "capacity": 4, "covered": " ", "access": " ", "fee": " ", "operator": " ", "CECLand": "Y", "SchoolCP": "", "InstalDate": 0, "Funder": "" }, "geometry": { "type": "Point", "coordinates": [ -3.271632863266366, 55.919352050326033 ] } },
{ "type": "Feature", "properties": { "OBJECTID": 1461, "eastings": 0, "northings": 0, "bicycle_pa": " ", "capacity": 4, "covered": " ", "access": " ", "fee": " ", "operator": " ", "CECLand": "Y", "SchoolCP": "", "InstalDate": 0, "Funder": "" }, "geometry": { "type": "Point", "coordinates": [ -3.27078524332464, 55.919883192382976 ] } },
{ "type": "Feature", "properties": { "OBJECTID": 1462, "eastings": 0, "northings": 0, "bicycle_pa": " ", "capacity": 4, "covered": " ", "access": " ", "fee": " ", "operator": " ", "CECLand": "Y", "SchoolCP": "", "InstalDate": 0, "Funder": "" }, "geometry": { "type": "Point", "coordinates": [ -3.170151890832974, 55.957505431622351 ] } },
{ "type": "Feature", "properties": { "OBJECTID": 1463, "eastings": 0, "northings": 0, "bicycle_pa": " ", "capacity": 4, "covered": " ", "access": " ", "fee": " ", "operator": " ", "CECLand": "Y", "SchoolCP": " ", "InstalDate": 0, "Funder": "" }, "geometry": { "type": "Point", "coordinates": [ -3.168900050577224, 55.957248661069038 ] } },
{ "type": "Feature", "properties": { "OBJECTID": 1464, "eastings": 0, "northings": 0, "bicycle_pa": " ", "capacity": 6, "covered": " ", "access": " ", "fee": " ", "operator": " ", "CECLand": "Y", "SchoolCP": " ", "InstalDate": 2425, "Funder": "SEStran" }, "geometry": { "type": "Point", "coordinates": [ -3.170986487436319, 55.961843202223513 ] } },
{ "type": "Feature", "properties": { "OBJECTID": 1465, "eastings": 0, "northings": 0, "bicycle_pa": " ", "capacity": 6, "covered": " ", "access": " ", "fee": " ", "operator": " ", "CECLand": "Y", "SchoolCP": " ", "InstalDate": 2425, "Funder": "SEStran" }, "geometry": { "type": "Point", "coordinates": [ -3.251523129535666, 55.906651993403322 ] } },
{ "type": "Feature", "properties": { "OBJECTID": 1466, "eastings": 0, "northings": 0, "bicycle_pa": " ", "capacity": 6, "covered": " ", "access": " ", "fee": " ", "operator": " ", "CECLand": "Y", "SchoolCP": " ", "InstalDate": 2425, "Funder": "SEStran" }, "geometry": { "type": "Point", "coordinates": [ -3.134316330179977, 55.906888268354216 ] } },
{ "type": "Feature", "properties": { "OBJECTID": 1467, "eastings": 0, "northings": 0, "bicycle_pa": " ", "capacity": 4, "covered": " ", "access": " ", "fee": " ", "operator": " ", "CECLand": "Y", "SchoolCP": " ", "InstalDate": 2425, "Funder": "SEStran" }, "geometry": { "type": "Point", "coordinates": [ -3.174219302172051, 55.967337311310658 ] } },
{ "type": "Feature", "properties": { "OBJECTID": 1468, "eastings": 0, "northings": 0, "bicycle_pa": " ", "capacity": 4, "covered": " ", "access": " ", "fee": " ", "operator": " ", "CECLand": "Y", "SchoolCP": " ", "InstalDate": 2425, "Funder": "SEStran" }, "geometry": { "type": "Point", "coordinates": [ -3.174881179584663, 55.966652344647386 ] } },
{ "type": "Feature", "properties": { "OBJECTID": 1469, "eastings": 0, "northings": 0, "bicycle_pa": " ", "capacity": 4, "covered": " ", "access": " ", "fee": " ", "operator": " ", "CECLand": "Y", "SchoolCP": " ", "InstalDate": 2425, "Funder": "SEStran" }, "geometry": { "type": "Point", "coordinates": [ -3.180486256568601, 55.961278117235459 ] } },
{ "type": "Feature", "properties": { "OBJECTID": 1470, "eastings": 0, "northings": 0, "bicycle_pa": " ", "capacity": 6, "covered": " ", "access": " ", "fee": " ", "operator": " ", "CECLand": "Y", "SchoolCP": " ", "InstalDate": 2425, "Funder": "SEStran" }, "geometry": { "type": "Point", "coordinates": [ -3.183438160555725, 55.959789453506467 ] } },
{ "type": "Feature", "properties": { "OBJECTID": 1471, "eastings": 0, "northings": 0, "bicycle_pa": " ", "capacity": 6, "covered": " ", "access": " ", "fee": " ", "operator": " ", "CECLand": "Y", "SchoolCP": " ", "InstalDate": 2425, "Funder": "SEStran" }, "geometry": { "type": "Point", "coordinates": [ -3.184626455220367, 55.958344573643387 ] } },
{ "type": "Feature", "properties": { "OBJECTID": 1472, "eastings": 0, "northings": 0, "bicycle_pa": " ", "capacity": 8, "covered": " ", "access": " ", "fee": " ", "operator": " ", "CECLand": "Y", "SchoolCP": " ", "InstalDate": 2425, "Funder": "SEStran" }, "geometry": { "type": "Point", "coordinates": [ -3.183188771913801, 55.959157514530922 ] } },
{ "type": "Feature", "properties": { "OBJECTID": 1473, "eastings": 0, "northings": 0, "bicycle_pa": " ", "capacity": 8, "covered": " ", "access": " ", "fee": " ", "operator": " ", "CECLand": "Y", "SchoolCP": " ", "InstalDate": 2425, "Funder": "SEStran" }, "geometry": { "type": "Point", "coordinates": [ -3.18388811982721, 55.958467127021692 ] } },
{ "type": "Feature", "properties": { "OBJECTID": 1474, "eastings": 0, "northings": 0, "bicycle_pa": " ", "capacity": 2, "covered": " ", "access": " ", "fee": " ", "operator": " ", "CECLand": "Y", "SchoolCP": " ", "InstalDate": 2425, "Funder": "SEStran" }, "geometry": { "type": "Point", "coordinates": [ -3.183791281794387, 55.958483438786303 ] } },
{ "type": "Feature", "properties": { "OBJECTID": 1475, "eastings": 0, "northings": 0, "bicycle_pa": " ", "capacity": 2, "covered": " ", "access": " ", "fee": " ", "operator": " ", "CECLand": "Y", "SchoolCP": " ", "InstalDate": 2425, "Funder": "SEStran" }, "geometry": { "type": "Point", "coordinates": [ -3.183965015066726, 55.958287614071303 ] } },
{ "type": "Feature", "properties": { "OBJECTID": 1476, "eastings": 0, "northings": 0, "bicycle_pa": " ", "capacity": 4, "covered": " ", "access": " ", "fee": " ", "operator": " ", "CECLand": "Y", "SchoolCP": " ", "InstalDate": 2425, "Funder": "SEStran" }, "geometry": { "type": "Point", "coordinates": [ -3.184447613871991, 55.957767017731513 ] } },
{ "type": "Feature", "properties": { "OBJECTID": 1477, "eastings": 0, "northings": 0, "bicycle_pa": " ", "capacity": 4, "covered": " ", "access": " ", "fee": " ", "operator": " ", "CECLand": "Y", "SchoolCP": " ", "InstalDate": 2425, "Funder": "SEStran" }, "geometry": { "type": "Point", "coordinates": [ -3.185129125800936, 55.95775743937439 ] } },
{ "type": "Feature", "properties": { "OBJECTID": 1478, "eastings": 0, "northings": 0, "bicycle_pa": " ", "capacity": 10, "covered": " ", "access": " ", "fee": " ", "operator": " ", "CECLand": "Y", "SchoolCP": " ", "InstalDate": 2425, "Funder": "SEStran" }, "geometry": { "type": "Point", "coordinates": [ -3.240376733969903, 55.945248212906151 ] } },
{ "type": "Feature", "properties": { "OBJECTID": 1479, "eastings": 0, "northings": 0, "bicycle_pa": " ", "capacity": 8, "covered": " ", "access": " ", "fee": " ", "operator": " ", "CECLand": "Y", "SchoolCP": " ", "InstalDate": 2425, "Funder": "SEStran" }, "geometry": { "type": "Point", "coordinates": [ -3.189890374801301, 55.947367177421192 ] } },
{ "type": "Feature", "properties": { "OBJECTID": 1480, "eastings": 0, "northings": 0, "bicycle_pa": " ", "capacity": 6, "covered": " ", "access": " ", "fee": " ", "operator": " ", "CECLand": "Y", "SchoolCP": " ", "InstalDate": 2526, "Funder": "SEStran" }, "geometry": { "type": "Point", "coordinates": [ -3.20427625328886, 55.9537433834711 ] } },
{ "type": "Feature", "properties": { "OBJECTID": 1481, "eastings": 0, "northings": 0, "bicycle_pa": " ", "capacity": 4, "covered": " ", "access": " ", "fee": " ", "operator": " ", "CECLand": "Y", "SchoolCP": " ", "InstalDate": 2526, "Funder": "SEStran" }, "geometry": { "type": "Point", "coordinates": [ -3.203504532885049, 55.95258934165507 ] } },
{ "type": "Feature", "properties": { "OBJECTID": 1482, "eastings": 0, "northings": 0, "bicycle_pa": " ", "capacity": 6, "covered": " ", "access": " ", "fee": " ", "operator": " ", "CECLand": "Y", "SchoolCP": " ", "InstalDate": 2526, "Funder": "SEStran" }, "geometry": { "type": "Point", "coordinates": [ -3.20349959757551, 55.947730458233551 ] } },
{ "type": "Feature", "properties": { "OBJECTID": 1483, "eastings": 0, "northings": 0, "bicycle_pa": " ", "capacity": 4, "covered": " ", "access": " ", "fee": " ", "operator": " ", "CECLand": "Y", "SchoolCP": " ", "InstalDate": 2526, "Funder": "SEStran" }, "geometry": { "type": "Point", "coordinates": [ -3.204458722446332, 55.948186168770647 ] } },
{ "type": "Feature", "properties": { "OBJECTID": 1484, "eastings": 0, "northings": 0, "bicycle_pa": " ", "capacity": 8, "covered": " ", "access": " ", "fee": " ", "operator": " ", "CECLand": "Y", "SchoolCP": " ", "InstalDate": 2526, "Funder": "SEStran" }, "geometry": { "type": "Point", "coordinates": [ -3.193531378968355, 55.953533260093351 ] } },
{ "type": "Feature", "properties": { "OBJECTID": 1485, "eastings": 0, "northings": 0, "bicycle_pa": " ", "capacity": 4, "covered": " ", "access": " ", "fee": " ", "operator": " ", "CECLand": "Y", "SchoolCP": " ", "InstalDate": 2526, "Funder": "SEStran" }, "geometry": { "type": "Point", "coordinates": [ -3.200774788363868, 55.952841661313897 ] } },
{ "type": "Feature", "properties": { "OBJECTID": 1486, "eastings": 0, "northings": 0, "bicycle_pa": " ", "capacity": 4, "covered": " ", "access": " ", "fee": " ", "operator": " ", "CECLand": "Y", "SchoolCP": " ", "InstalDate": 2526, "Funder": "SEStran" }, "geometry": { "type": "Point", "coordinates": [ -3.199668409529076, 55.951649559271502 ] } },
{ "type": "Feature", "properties": { "OBJECTID": 1487, "eastings": 0, "northings": 0, "bicycle_pa": " ", "capacity": 4, "covered": " ", "access": " ", "fee": " ", "operator": " ", "CECLand": "Y", "SchoolCP": " ", "InstalDate": 2526, "Funder": "SEStran" }, "geometry": { "type": "Point", "coordinates": [ -3.19948779584225, 55.951678841525506 ] } },
{ "type": "Feature", "properties": { "OBJECTID": 1488, "eastings": 0, "northings": 0, "bicycle_pa": " ", "capacity": 6, "covered": " ", "access": " ", "fee": " ", "operator": " ", "CECLand": "Y", "SchoolCP": " ", "InstalDate": 2526, "Funder": "SEStran" }, "geometry": { "type": "Point", "coordinates": [ -3.206839154550865, 55.950327954320677 ] } },
{ "type": "Feature", "properties": { "OBJECTID": 1489, "eastings": 0, "northings": 0, "bicycle_pa": " ", "capacity": 4, "covered": " ", "access": " ", "fee": " ", "operator": " ", "CECLand": "Y", "SchoolCP": " ", "InstalDate": 2526, "Funder": "SEStran" }, "geometry": { "type": "Point", "coordinates": [ -3.202465966686951, 55.94426304871903 ] } },
{ "type": "Feature", "properties": { "OBJECTID": 1490, "eastings": 0, "northings": 0, "bicycle_pa": " ", "capacity": 6, "covered": " ", "access": " ", "fee": " ", "operator": " ", "CECLand": "Y", "SchoolCP": " ", "InstalDate": 2526, "Funder": "SEStran" }, "geometry": { "type": "Point", "coordinates": [ -3.21976340480695, 55.939985025766774 ] } },
{ "type": "Feature", "properties": { "OBJECTID": 1491, "eastings": 0, "northings": 0, "bicycle_pa": " ", "capacity": 2, "covered": " ", "access": " ", "fee": " ", "operator": " ", "CECLand": "Y", "SchoolCP": " ", "InstalDate": 2526, "Funder": "SEStran" }, "geometry": { "type": "Point", "coordinates": [ -3.232556490512974, 55.937879281283799 ] } },
{ "type": "Feature", "properties": { "OBJECTID": 1492, "eastings": 0, "northings": 0, "bicycle_pa": " ", "capacity": 2, "covered": " ", "access": " ", "fee": " ", "operator": " ", "CECLand": "Y", "SchoolCP": " ", "InstalDate": 2526, "Funder": "SEStran" }, "geometry": { "type": "Point", "coordinates": [ -3.232437873636862, 55.937899847244374 ] } },
{ "type": "Feature", "properties": { "OBJECTID": 1493, "eastings": 0, "northings": 0, "bicycle_pa": " ", "capacity": 8, "covered": " ", "access": " ", "fee": " ", "operator": " ", "CECLand": "Y", "SchoolCP": " ", "InstalDate": 2526, "Funder": "SEStran" }, "geometry": { "type": "Point", "coordinates": [ -3.243474376594787, 55.945074421681277 ] } },
{ "type": "Feature", "properties": { "OBJECTID": 1494, "eastings": 0, "northings": 0, "bicycle_pa": " ", "capacity": 4, "covered": " ", "access": " ", "fee": " ", "operator": " ", "CECLand": "Y", "SchoolCP": " ", "InstalDate": 2526, "Funder": "SEStran" }, "geometry": { "type": "Point", "coordinates": [ -3.242179886885024, 55.970906572367781 ] } },
{ "type": "Feature", "properties": { "OBJECTID": 1495, "eastings": 0, "northings": 0, "bicycle_pa": " ", "capacity": 6, "covered": " ", "access": " ", "fee": " ", "operator": " ", "CECLand": "Y", "SchoolCP": " ", "InstalDate": 2526, "Funder": "SEStran" }, "geometry": { "type": "Point", "coordinates": [ -3.252530929613101, 55.971732414067652 ] } },
{ "type": "Feature", "properties": { "OBJECTID": 1496, "eastings": 0, "northings": 0, "bicycle_pa": " ", "capacity": 8, "covered": " ", "access": " ", "fee": " ", "operator": " ", "CECLand": "Y", "SchoolCP": " ", "InstalDate": 2526, "Funder": "SEStran" }, "geometry": { "type": "Point", "coordinates": [ -3.27093115815459, 55.970136685133944 ] } },
{ "type": "Feature", "properties": { "OBJECTID": 1497, "eastings": 0, "northings": 0, "bicycle_pa": " ", "capacity": 6, "covered": " ", "access": " ", "fee": " ", "operator": " ", "CECLand": "Y", "SchoolCP": " ", "InstalDate": 2526, "Funder": "SEStran" }, "geometry": { "type": "Point", "coordinates": [ -3.174020603614022, 55.972887038581291 ] } },
{ "type": "Feature", "properties": { "OBJECTID": 1498, "eastings": 0, "northings": 0, "bicycle_pa": " ", "capacity": 4, "covered": " ", "access": " ", "fee": " ", "operator": " ", "CECLand": "Y", "SchoolCP": " ", "InstalDate": 2526, "Funder": "SEStran" }, "geometry": { "type": "Point", "coordinates": [ -3.180415133761901, 55.978133537764641 ] } },
{ "type": "Feature", "properties": { "OBJECTID": 1499, "eastings": 0, "northings": 0, "bicycle_pa": " ", "capacity": 2, "covered": " ", "access": " ", "fee": " ", "operator": " ", "CECLand": "Y", "SchoolCP": " ", "InstalDate": 2526, "Funder": "SEStran" }, "geometry": { "type": "Point", "coordinates": [ -3.193264467304672, 55.97823397157368 ] } },
{ "type": "Feature", "properties": { "OBJECTID": 1500, "eastings": 0, "northings": 0, "bicycle_pa": " ", "capacity": 6, "covered": " ", "access": " ", "fee": " ", "operator": " ", "CECLand": "Y", "SchoolCP": " ", "InstalDate": 2526, "Funder": "SEStran" }, "geometry": { "type": "Point", "coordinates": [ -3.182030637271996, 55.97222706224467 ] } },
{ "type": "Feature", "properties": { "OBJECTID": 1501, "eastings": 0, "northings": 0, "bicycle_pa": " ", "capacity": 6, "covered": " ", "access": " ", "fee": " ", "operator": " ", "CECLand": "Y", "SchoolCP": " ", "InstalDate": 2526, "Funder": "SEStran" }, "geometry": { "type": "Point", "coordinates": [ -3.173823866020255, 55.958883933339571 ] } },
{ "type": "Feature", "properties": { "OBJECTID": 1502, "eastings": 0, "northings": 0, "bicycle_pa": " ", "capacity": 6, "covered": " ", "access": " ", "fee": " ", "operator": " ", "CECLand": "Y", "SchoolCP": " ", "InstalDate": 2526, "Funder": "SEStran" }, "geometry": { "type": "Point", "coordinates": [ -3.155939258943764, 55.95938924829445 ] } },
{ "type": "Feature", "properties": { "OBJECTID": 1503, "eastings": 0, "northings": 0, "bicycle_pa": " ", "capacity": 4, "covered": " ", "access": " ", "fee": " ", "operator": " ", "CECLand": "Y", "SchoolCP": " ", "InstalDate": 2526, "Funder": "SEStran" }, "geometry": { "type": "Point", "coordinates": [ -3.221977775531217, 55.905675840637912 ] } },
{ "type": "Feature", "properties": { "OBJECTID": 1504, "eastings": 0, "northings": 0, "bicycle_pa": " ", "capacity": 4, "covered": " ", "access": " ", "fee": " ", "operator": " ", "CECLand": "Y", "SchoolCP": " ", "InstalDate": 2526, "Funder": "SEStran" }, "geometry": { "type": "Point", "coordinates": [ -3.232915227258855, 55.909490183902697 ] } },
{ "type": "Feature", "properties": { "OBJECTID": 1505, "eastings": 0, "northings": 0, "bicycle_pa": " ", "capacity": 6, "covered": " ", "access": " ", "fee": " ", "operator": " ", "CECLand": "Y", "SchoolCP": " ", "InstalDate": 2526, "Funder": "SEStran" }, "geometry": { "type": "Point", "coordinates": [ -3.288076507883046, 55.902304951567196 ] } },
{ "type": "Feature", "properties": { "OBJECTID": 1506, "eastings": 0, "northings": 0, "bicycle_pa": " ", "capacity": 6, "covered": " ", "access": " ", "fee": " ", "operator": " ", "CECLand": "Y", "SchoolCP": " ", "InstalDate": 2526, "Funder": "SEStran" }, "geometry": { "type": "Point", "coordinates": [ -3.307583982585173, 55.899799217551575 ] } },
{ "type": "Feature", "properties": { "OBJECTID": 1507, "eastings": 0, "northings": 0, "bicycle_pa": " ", "capacity": 8, "covered": " ", "access": " ", "fee": " ", "operator": " ", "CECLand": "Y", "SchoolCP": " ", "InstalDate": 2526, "Funder": "SEStran" }, "geometry": { "type": "Point", "coordinates": [ -3.295618985860278, 55.919648215830968 ] } },
{ "type": "Feature", "properties": { "OBJECTID": 1508, "eastings": 0, "northings": 0, "bicycle_pa": " ", "capacity": 6, "covered": " ", "access": " ", "fee": " ", "operator": " ", "CECLand": "Y", "SchoolCP": " ", "InstalDate": 2526, "Funder": "SEStran" }, "geometry": { "type": "Point", "coordinates": [ -3.177846175821884, 55.937413043975354 ] } },
{ "type": "Feature", "properties": { "OBJECTID": 1509, "eastings": 0, "northings": 0, "bicycle_pa": " ", "capacity": 4, "covered": " ", "access": " ", "fee": " ", "operator": " ", "CECLand": "Y", "SchoolCP": " ", "InstalDate": 2526, "Funder": "SEStran" }, "geometry": { "type": "Point", "coordinates": [ -3.209044822492439, 55.93620561502042 ] } },
{ "type": "Feature", "properties": { "OBJECTID": 1510, "eastings": 0, "northings": 0, "bicycle_pa": " ", "capacity": 6, "covered": " ", "access": " ", "fee": " ", "operator": " ", "CECLand": "Y", "SchoolCP": " ", "InstalDate": 2526, "Funder": "SEStran" }, "geometry": { "type": "Point", "coordinates": [ -3.138363745630417, 55.932747580378511 ] } },
{ "type": "Feature", "properties": { "OBJECTID": 1511, "eastings": 0, "northings": 0, "bicycle_pa": " ", "capacity": 4, "covered": " ", "access": " ", "fee": " ", "operator": " ", "CECLand": "Y", "SchoolCP": " ", "InstalDate": 2526, "Funder": "SEStran" }, "geometry": { "type": "Point", "coordinates": [ -3.105579163924545, 55.950612087377756 ] } },
{ "type": "Feature", "properties": { "OBJECTID": 1512, "eastings": 0, "northings": 0, "bicycle_pa": " ", "capacity": 6, "covered": " ", "access": " ", "fee": " ", "operator": " ", "CECLand": "Y", "SchoolCP": " ", "InstalDate": 2526, "Funder": "SEStran" }, "geometry": { "type": "Point", "coordinates": [ -3.107148095826554, 55.951027389844 ] } },
{ "type": "Feature", "properties": { "OBJECTID": 1513, "eastings": 0, "northings": 0, "bicycle_pa": " ", "capacity": 4, "covered": " ", "access": " ", "fee": " ", "operator": " ", "CECLand": "Y", "SchoolCP": " ", "InstalDate": 2526, "Funder": "SEStran" }, "geometry": { "type": "Point", "coordinates": [ -3.107023559492771, 55.950995479219259 ] } },
{ "type": "Feature", "properties": { "OBJECTID": 1514, "eastings": 0, "northings": 0, "bicycle_pa": " ", "capacity": 0, "covered": " ", "access": " ", "fee": " ", "operator": " ", "CECLand": " ", "SchoolCP": " ", "InstalDate": 2526, "Funder": "SEStran" }, "geometry": { "type": "Point", "coordinates": [ -3.207245734828787, 55.952333055886363 ] } }
]
}
